ISO-10303-21;
HEADER;
/* Generated by software containing ST-Developer
 * from STEP Tools, Inc. (www.steptools.com) 
 */

FILE_DESCRIPTION(
/* description */ (''),
/* implementation_level */ '2;1');

FILE_NAME(
/* name */ 'MP1-XAH Plug.step',
/* time_stamp */ '2026-07-11T17:09:14-07:00',
/* author */ (''),
/* organization */ (''),
/* preprocessor_version */ 'ST-DEVELOPER v20.1',
/* originating_system */ 'Autodesk Translation Framework v15.8.0.0',
/* authorisation */ '');

FILE_SCHEMA (('AUTOMOTIVE_DESIGN { 1 0 10303 214 3 1 1 }'));
ENDSEC;

DATA;
#10=MECHANICAL_DESIGN_GEOMETRIC_PRESENTATION_REPRESENTATION('',(#13),#9411);
#11=SHAPE_REPRESENTATION_RELATIONSHIP('SRR','None',#9418,#12);
#12=ADVANCED_BREP_SHAPE_REPRESENTATION('',(#14),#9410);
#13=STYLED_ITEM('',(#9428),#14);
#14=MANIFOLD_SOLID_BREP('Body1',#4997);
#15=CONICAL_SURFACE('',#5174,13.2,0.872664625997165);
#16=CONICAL_SURFACE('',#5189,13.2,0.872664625997165);
#17=CONICAL_SURFACE('',#5199,13.2,0.872664625997165);
#18=CONICAL_SURFACE('',#5217,13.2,0.872664625997165);
#19=CONICAL_SURFACE('',#5227,13.2,0.872664625997165);
#20=CONICAL_SURFACE('',#5229,13.2,0.872664625997165);
#21=CONICAL_SURFACE('',#5231,13.2,0.872664625997165);
#22=CONICAL_SURFACE('',#5251,13.2,0.872664625997165);
#23=CONICAL_SURFACE('',#5253,13.2,0.872664625997165);
#24=CONICAL_SURFACE('',#5255,13.2,0.872664625997165);
#25=CONICAL_SURFACE('',#5275,13.2,0.872664625997165);
#26=CONICAL_SURFACE('',#5277,13.2,0.872664625997165);
#27=CONICAL_SURFACE('',#5279,13.2,0.872664625997165);
#28=CONICAL_SURFACE('',#5290,13.2,0.872664625997165);
#29=CONICAL_SURFACE('',#5299,13.2,0.872664625997165);
#30=CONICAL_SURFACE('',#5307,13.2,0.872664625997165);
#31=CONICAL_SURFACE('',#5315,13.2,0.872664625997165);
#32=CONICAL_SURFACE('',#5323,13.2,0.872664625997165);
#33=CONICAL_SURFACE('',#5324,13.2,0.872664625997165);
#34=CONICAL_SURFACE('',#5328,13.2,0.872664625997165);
#35=CONICAL_SURFACE('',#5336,13.2,0.872664625997165);
#36=CONICAL_SURFACE('',#5344,13.2,0.872664625997165);
#37=CONICAL_SURFACE('',#5352,13.2,0.872664625997165);
#38=CONICAL_SURFACE('',#5353,13.2,0.872664625997165);
#39=CONICAL_SURFACE('',#5361,13.2,0.872664625997165);
#40=CONICAL_SURFACE('',#5381,13.2,0.872664625997165);
#41=CONICAL_SURFACE('',#5383,13.2,0.872664625997165);
#42=CONICAL_SURFACE('',#5385,13.2,0.872664625997165);
#43=CONICAL_SURFACE('',#5405,13.2,0.872664625997165);
#44=CONICAL_SURFACE('',#5407,13.2,0.872664625997165);
#45=CONICAL_SURFACE('',#5409,13.2,0.872664625997165);
#46=CONICAL_SURFACE('',#5420,13.2,0.872664625997165);
#47=TOROIDAL_SURFACE('',#5114,10.2,1.5);
#48=TOROIDAL_SURFACE('',#5121,10.2,1.5);
#49=TOROIDAL_SURFACE('',#5128,10.2,1.5);
#50=TOROIDAL_SURFACE('',#5135,10.2,1.5);
#51=TOROIDAL_SURFACE('',#5142,10.2,1.5);
#52=TOROIDAL_SURFACE('',#5149,10.2,1.5);
#53=TOROIDAL_SURFACE('',#5156,10.2,1.5);
#54=TOROIDAL_SURFACE('',#5163,10.2,1.5);
#55=(
BOUNDED_CURVE()
B_SPLINE_CURVE(3,(#7148,#7149,#7150,#7151),.UNSPECIFIED.,.F.,.F.)
B_SPLINE_CURVE_WITH_KNOTS((4,4),(0.,1.),.UNSPECIFIED.)
CURVE()
GEOMETRIC_REPRESENTATION_ITEM()
RATIONAL_B_SPLINE_CURVE((1.,1.,1.,1.))
REPRESENTATION_ITEM('')
);
#56=(
BOUNDED_CURVE()
B_SPLINE_CURVE(3,(#7155,#7156,#7157,#7158),.UNSPECIFIED.,.F.,.F.)
B_SPLINE_CURVE_WITH_KNOTS((4,4),(-1.,0.),.UNSPECIFIED.)
CURVE()
GEOMETRIC_REPRESENTATION_ITEM()
RATIONAL_B_SPLINE_CURVE((1.,1.,1.,1.))
REPRESENTATION_ITEM('')
);
#57=(
BOUNDED_CURVE()
B_SPLINE_CURVE(3,(#7169,#7170,#7171,#7172),.UNSPECIFIED.,.F.,.F.)
B_SPLINE_CURVE_WITH_KNOTS((4,4),(0.,1.),.UNSPECIFIED.)
CURVE()
GEOMETRIC_REPRESENTATION_ITEM()
RATIONAL_B_SPLINE_CURVE((1.,1.,1.,1.))
REPRESENTATION_ITEM('')
);
#58=(
BOUNDED_CURVE()
B_SPLINE_CURVE(3,(#7174,#7175,#7176,#7177),.UNSPECIFIED.,.F.,.F.)
B_SPLINE_CURVE_WITH_KNOTS((4,4),(-1.,0.),.UNSPECIFIED.)
CURVE()
GEOMETRIC_REPRESENTATION_ITEM()
RATIONAL_B_SPLINE_CURVE((1.,1.,1.,1.))
REPRESENTATION_ITEM('')
);
#59=(
BOUNDED_CURVE()
B_SPLINE_CURVE(3,(#7188,#7189,#7190,#7191),.UNSPECIFIED.,.F.,.F.)
B_SPLINE_CURVE_WITH_KNOTS((4,4),(0.,1.),.UNSPECIFIED.)
CURVE()
GEOMETRIC_REPRESENTATION_ITEM()
RATIONAL_B_SPLINE_CURVE((1.,1.,1.,1.))
REPRESENTATION_ITEM('')
);
#60=(
BOUNDED_CURVE()
B_SPLINE_CURVE(3,(#7193,#7194,#7195,#7196),.UNSPECIFIED.,.F.,.F.)
B_SPLINE_CURVE_WITH_KNOTS((4,4),(-1.,0.),.UNSPECIFIED.)
CURVE()
GEOMETRIC_REPRESENTATION_ITEM()
RATIONAL_B_SPLINE_CURVE((1.,1.,1.,1.))
REPRESENTATION_ITEM('')
);
#61=(
BOUNDED_CURVE()
B_SPLINE_CURVE(3,(#7207,#7208,#7209,#7210),.UNSPECIFIED.,.F.,.F.)
B_SPLINE_CURVE_WITH_KNOTS((4,4),(0.,1.),.UNSPECIFIED.)
CURVE()
GEOMETRIC_REPRESENTATION_ITEM()
RATIONAL_B_SPLINE_CURVE((1.,1.,1.,1.))
REPRESENTATION_ITEM('')
);
#62=(
BOUNDED_CURVE()
B_SPLINE_CURVE(3,(#7212,#7213,#7214,#7215),.UNSPECIFIED.,.F.,.F.)
B_SPLINE_CURVE_WITH_KNOTS((4,4),(-1.,0.),.UNSPECIFIED.)
CURVE()
GEOMETRIC_REPRESENTATION_ITEM()
RATIONAL_B_SPLINE_CURVE((1.,1.,1.,1.))
REPRESENTATION_ITEM('')
);
#63=(
BOUNDED_CURVE()
B_SPLINE_CURVE(3,(#7226,#7227,#7228,#7229),.UNSPECIFIED.,.F.,.F.)
B_SPLINE_CURVE_WITH_KNOTS((4,4),(0.,1.),.UNSPECIFIED.)
CURVE()
GEOMETRIC_REPRESENTATION_ITEM()
RATIONAL_B_SPLINE_CURVE((1.,1.,1.,1.))
REPRESENTATION_ITEM('')
);
#64=(
BOUNDED_CURVE()
B_SPLINE_CURVE(3,(#7231,#7232,#7233,#7234),.UNSPECIFIED.,.F.,.F.)
B_SPLINE_CURVE_WITH_KNOTS((4,4),(-1.,0.),.UNSPECIFIED.)
CURVE()
GEOMETRIC_REPRESENTATION_ITEM()
RATIONAL_B_SPLINE_CURVE((1.,1.,1.,1.))
REPRESENTATION_ITEM('')
);
#65=(
BOUNDED_CURVE()
B_SPLINE_CURVE(3,(#7245,#7246,#7247,#7248),.UNSPECIFIED.,.F.,.F.)
B_SPLINE_CURVE_WITH_KNOTS((4,4),(0.,1.),.UNSPECIFIED.)
CURVE()
GEOMETRIC_REPRESENTATION_ITEM()
RATIONAL_B_SPLINE_CURVE((1.,1.,1.,1.))
REPRESENTATION_ITEM('')
);
#66=(
BOUNDED_CURVE()
B_SPLINE_CURVE(3,(#7250,#7251,#7252,#7253),.UNSPECIFIED.,.F.,.F.)
B_SPLINE_CURVE_WITH_KNOTS((4,4),(-1.,0.),.UNSPECIFIED.)
CURVE()
GEOMETRIC_REPRESENTATION_ITEM()
RATIONAL_B_SPLINE_CURVE((1.,1.,1.,1.))
REPRESENTATION_ITEM('')
);
#67=(
BOUNDED_CURVE()
B_SPLINE_CURVE(3,(#7264,#7265,#7266,#7267),.UNSPECIFIED.,.F.,.F.)
B_SPLINE_CURVE_WITH_KNOTS((4,4),(0.,1.),.UNSPECIFIED.)
CURVE()
GEOMETRIC_REPRESENTATION_ITEM()
RATIONAL_B_SPLINE_CURVE((1.,1.,1.,1.))
REPRESENTATION_ITEM('')
);
#68=(
BOUNDED_CURVE()
B_SPLINE_CURVE(3,(#7269,#7270,#7271,#7272),.UNSPECIFIED.,.F.,.F.)
B_SPLINE_CURVE_WITH_KNOTS((4,4),(-1.,0.),.UNSPECIFIED.)
CURVE()
GEOMETRIC_REPRESENTATION_ITEM()
RATIONAL_B_SPLINE_CURVE((1.,1.,1.,1.))
REPRESENTATION_ITEM('')
);
#69=(
BOUNDED_CURVE()
B_SPLINE_CURVE(3,(#7283,#7284,#7285,#7286),.UNSPECIFIED.,.F.,.F.)
B_SPLINE_CURVE_WITH_KNOTS((4,4),(0.,1.),.UNSPECIFIED.)
CURVE()
GEOMETRIC_REPRESENTATION_ITEM()
RATIONAL_B_SPLINE_CURVE((1.,1.,1.,1.))
REPRESENTATION_ITEM('')
);
#70=(
BOUNDED_CURVE()
B_SPLINE_CURVE(3,(#7288,#7289,#7290,#7291),.UNSPECIFIED.,.F.,.F.)
B_SPLINE_CURVE_WITH_KNOTS((4,4),(-1.,0.),.UNSPECIFIED.)
CURVE()
GEOMETRIC_REPRESENTATION_ITEM()
RATIONAL_B_SPLINE_CURVE((1.,1.,1.,1.))
REPRESENTATION_ITEM('')
);
#71=(
BOUNDED_CURVE()
B_SPLINE_CURVE(3,(#7302,#7303,#7304,#7305),.UNSPECIFIED.,.F.,.F.)
B_SPLINE_CURVE_WITH_KNOTS((4,4),(0.,1.),.UNSPECIFIED.)
CURVE()
GEOMETRIC_REPRESENTATION_ITEM()
RATIONAL_B_SPLINE_CURVE((1.,1.,1.,1.))
REPRESENTATION_ITEM('')
);
#72=(
BOUNDED_CURVE()
B_SPLINE_CURVE(3,(#7307,#7308,#7309,#7310),.UNSPECIFIED.,.F.,.F.)
B_SPLINE_CURVE_WITH_KNOTS((4,4),(-1.,0.),.UNSPECIFIED.)
CURVE()
GEOMETRIC_REPRESENTATION_ITEM()
RATIONAL_B_SPLINE_CURVE((1.,1.,1.,1.))
REPRESENTATION_ITEM('')
);
#73=(
BOUNDED_CURVE()
B_SPLINE_CURVE(3,(#7321,#7322,#7323,#7324),.UNSPECIFIED.,.F.,.F.)
B_SPLINE_CURVE_WITH_KNOTS((4,4),(0.,1.),.UNSPECIFIED.)
CURVE()
GEOMETRIC_REPRESENTATION_ITEM()
RATIONAL_B_SPLINE_CURVE((1.,1.,1.,1.))
REPRESENTATION_ITEM('')
);
#74=(
BOUNDED_CURVE()
B_SPLINE_CURVE(3,(#7326,#7327,#7328,#7329),.UNSPECIFIED.,.F.,.F.)
B_SPLINE_CURVE_WITH_KNOTS((4,4),(-1.,0.),.UNSPECIFIED.)
CURVE()
GEOMETRIC_REPRESENTATION_ITEM()
RATIONAL_B_SPLINE_CURVE((1.,1.,1.,1.))
REPRESENTATION_ITEM('')
);
#75=(
BOUNDED_CURVE()
B_SPLINE_CURVE(3,(#7340,#7341,#7342,#7343),.UNSPECIFIED.,.F.,.F.)
B_SPLINE_CURVE_WITH_KNOTS((4,4),(0.,1.),.UNSPECIFIED.)
CURVE()
GEOMETRIC_REPRESENTATION_ITEM()
RATIONAL_B_SPLINE_CURVE((1.,1.,1.,1.))
REPRESENTATION_ITEM('')
);
#76=(
BOUNDED_CURVE()
B_SPLINE_CURVE(3,(#7345,#7346,#7347,#7348),.UNSPECIFIED.,.F.,.F.)
B_SPLINE_CURVE_WITH_KNOTS((4,4),(-1.,0.),.UNSPECIFIED.)
CURVE()
GEOMETRIC_REPRESENTATION_ITEM()
RATIONAL_B_SPLINE_CURVE((1.,1.,1.,1.))
REPRESENTATION_ITEM('')
);
#77=(
BOUNDED_CURVE()
B_SPLINE_CURVE(3,(#7359,#7360,#7361,#7362),.UNSPECIFIED.,.F.,.F.)
B_SPLINE_CURVE_WITH_KNOTS((4,4),(0.,1.),.UNSPECIFIED.)
CURVE()
GEOMETRIC_REPRESENTATION_ITEM()
RATIONAL_B_SPLINE_CURVE((1.,1.,1.,1.))
REPRESENTATION_ITEM('')
);
#78=(
BOUNDED_CURVE()
B_SPLINE_CURVE(3,(#7364,#7365,#7366,#7367),.UNSPECIFIED.,.F.,.F.)
B_SPLINE_CURVE_WITH_KNOTS((4,4),(-1.,0.),.UNSPECIFIED.)
CURVE()
GEOMETRIC_REPRESENTATION_ITEM()
RATIONAL_B_SPLINE_CURVE((1.,1.,1.,1.))
REPRESENTATION_ITEM('')
);
#79=(
BOUNDED_CURVE()
B_SPLINE_CURVE(3,(#7414,#7415,#7416,#7417),.UNSPECIFIED.,.F.,.F.)
B_SPLINE_CURVE_WITH_KNOTS((4,4),(0.,1.),.UNSPECIFIED.)
CURVE()
GEOMETRIC_REPRESENTATION_ITEM()
RATIONAL_B_SPLINE_CURVE((1.,1.,1.,1.))
REPRESENTATION_ITEM('')
);
#80=(
BOUNDED_CURVE()
B_SPLINE_CURVE(3,(#7419,#7420,#7421,#7422),.UNSPECIFIED.,.F.,.F.)
B_SPLINE_CURVE_WITH_KNOTS((4,4),(-1.,0.),.UNSPECIFIED.)
CURVE()
GEOMETRIC_REPRESENTATION_ITEM()
RATIONAL_B_SPLINE_CURVE((1.,1.,1.,1.))
REPRESENTATION_ITEM('')
);
#81=(
BOUNDED_CURVE()
B_SPLINE_CURVE(3,(#7439,#7440,#7441,#7442),.UNSPECIFIED.,.F.,.F.)
B_SPLINE_CURVE_WITH_KNOTS((4,4),(0.,1.),.UNSPECIFIED.)
CURVE()
GEOMETRIC_REPRESENTATION_ITEM()
RATIONAL_B_SPLINE_CURVE((1.,1.,1.,1.))
REPRESENTATION_ITEM('')
);
#82=(
BOUNDED_CURVE()
B_SPLINE_CURVE(3,(#7444,#7445,#7446,#7447),.UNSPECIFIED.,.F.,.F.)
B_SPLINE_CURVE_WITH_KNOTS((4,4),(-1.,0.),.UNSPECIFIED.)
CURVE()
GEOMETRIC_REPRESENTATION_ITEM()
RATIONAL_B_SPLINE_CURVE((1.,1.,1.,1.))
REPRESENTATION_ITEM('')
);
#83=(
BOUNDED_CURVE()
B_SPLINE_CURVE(3,(#7458,#7459,#7460,#7461),.UNSPECIFIED.,.F.,.F.)
B_SPLINE_CURVE_WITH_KNOTS((4,4),(0.,1.),.UNSPECIFIED.)
CURVE()
GEOMETRIC_REPRESENTATION_ITEM()
RATIONAL_B_SPLINE_CURVE((1.,1.,1.,1.))
REPRESENTATION_ITEM('')
);
#84=(
BOUNDED_CURVE()
B_SPLINE_CURVE(3,(#7463,#7464,#7465,#7466),.UNSPECIFIED.,.F.,.F.)
B_SPLINE_CURVE_WITH_KNOTS((4,4),(-1.,0.),.UNSPECIFIED.)
CURVE()
GEOMETRIC_REPRESENTATION_ITEM()
RATIONAL_B_SPLINE_CURVE((1.,1.,1.,1.))
REPRESENTATION_ITEM('')
);
#85=(
BOUNDED_CURVE()
B_SPLINE_CURVE(3,(#7477,#7478,#7479,#7480),.UNSPECIFIED.,.F.,.F.)
B_SPLINE_CURVE_WITH_KNOTS((4,4),(0.,1.),.UNSPECIFIED.)
CURVE()
GEOMETRIC_REPRESENTATION_ITEM()
RATIONAL_B_SPLINE_CURVE((1.,1.,1.,1.))
REPRESENTATION_ITEM('')
);
#86=(
BOUNDED_CURVE()
B_SPLINE_CURVE(3,(#7482,#7483,#7484,#7485),.UNSPECIFIED.,.F.,.F.)
B_SPLINE_CURVE_WITH_KNOTS((4,4),(-1.,0.),.UNSPECIFIED.)
CURVE()
GEOMETRIC_REPRESENTATION_ITEM()
RATIONAL_B_SPLINE_CURVE((1.,1.,1.,1.))
REPRESENTATION_ITEM('')
);
#87=(
BOUNDED_CURVE()
B_SPLINE_CURVE(3,(#7496,#7497,#7498,#7499),.UNSPECIFIED.,.F.,.F.)
B_SPLINE_CURVE_WITH_KNOTS((4,4),(0.,1.),.UNSPECIFIED.)
CURVE()
GEOMETRIC_REPRESENTATION_ITEM()
RATIONAL_B_SPLINE_CURVE((1.,1.,1.,1.))
REPRESENTATION_ITEM('')
);
#88=(
BOUNDED_CURVE()
B_SPLINE_CURVE(3,(#7501,#7502,#7503,#7504),.UNSPECIFIED.,.F.,.F.)
B_SPLINE_CURVE_WITH_KNOTS((4,4),(-1.,0.),.UNSPECIFIED.)
CURVE()
GEOMETRIC_REPRESENTATION_ITEM()
RATIONAL_B_SPLINE_CURVE((1.,1.,1.,1.))
REPRESENTATION_ITEM('')
);
#89=(
BOUNDED_CURVE()
B_SPLINE_CURVE(3,(#7510,#7511,#7512,#7513),.UNSPECIFIED.,.F.,.F.)
B_SPLINE_CURVE_WITH_KNOTS((4,4),(-1.,0.),.UNSPECIFIED.)
CURVE()
GEOMETRIC_REPRESENTATION_ITEM()
RATIONAL_B_SPLINE_CURVE((1.,1.,1.,1.))
REPRESENTATION_ITEM('')
);
#90=(
BOUNDED_CURVE()
B_SPLINE_CURVE(3,(#7524,#7525,#7526,#7527),.UNSPECIFIED.,.F.,.F.)
B_SPLINE_CURVE_WITH_KNOTS((4,4),(0.,1.),.UNSPECIFIED.)
CURVE()
GEOMETRIC_REPRESENTATION_ITEM()
RATIONAL_B_SPLINE_CURVE((1.,1.,1.,1.))
REPRESENTATION_ITEM('')
);
#91=(
BOUNDED_CURVE()
B_SPLINE_CURVE(3,(#7529,#7530,#7531,#7532),.UNSPECIFIED.,.F.,.F.)
B_SPLINE_CURVE_WITH_KNOTS((4,4),(-1.,0.),.UNSPECIFIED.)
CURVE()
GEOMETRIC_REPRESENTATION_ITEM()
RATIONAL_B_SPLINE_CURVE((1.,1.,1.,1.))
REPRESENTATION_ITEM('')
);
#92=(
BOUNDED_CURVE()
B_SPLINE_CURVE(3,(#7543,#7544,#7545,#7546),.UNSPECIFIED.,.F.,.F.)
B_SPLINE_CURVE_WITH_KNOTS((4,4),(0.,1.),.UNSPECIFIED.)
CURVE()
GEOMETRIC_REPRESENTATION_ITEM()
RATIONAL_B_SPLINE_CURVE((1.,1.,1.,1.))
REPRESENTATION_ITEM('')
);
#93=(
BOUNDED_CURVE()
B_SPLINE_CURVE(3,(#7548,#7549,#7550,#7551),.UNSPECIFIED.,.F.,.F.)
B_SPLINE_CURVE_WITH_KNOTS((4,4),(-1.,0.),.UNSPECIFIED.)
CURVE()
GEOMETRIC_REPRESENTATION_ITEM()
RATIONAL_B_SPLINE_CURVE((1.,1.,1.,1.))
REPRESENTATION_ITEM('')
);
#94=(
BOUNDED_CURVE()
B_SPLINE_CURVE(3,(#7562,#7563,#7564,#7565),.UNSPECIFIED.,.F.,.F.)
B_SPLINE_CURVE_WITH_KNOTS((4,4),(0.,1.),.UNSPECIFIED.)
CURVE()
GEOMETRIC_REPRESENTATION_ITEM()
RATIONAL_B_SPLINE_CURVE((1.,1.,1.,1.))
REPRESENTATION_ITEM('')
);
#95=(
BOUNDED_CURVE()
B_SPLINE_CURVE(3,(#7567,#7568,#7569,#7570),.UNSPECIFIED.,.F.,.F.)
B_SPLINE_CURVE_WITH_KNOTS((4,4),(-1.,0.),.UNSPECIFIED.)
CURVE()
GEOMETRIC_REPRESENTATION_ITEM()
RATIONAL_B_SPLINE_CURVE((1.,1.,1.,1.))
REPRESENTATION_ITEM('')
);
#96=(
BOUNDED_CURVE()
B_SPLINE_CURVE(3,(#7581,#7582,#7583,#7584),.UNSPECIFIED.,.F.,.F.)
B_SPLINE_CURVE_WITH_KNOTS((4,4),(0.,1.),.UNSPECIFIED.)
CURVE()
GEOMETRIC_REPRESENTATION_ITEM()
RATIONAL_B_SPLINE_CURVE((1.,1.,1.,1.))
REPRESENTATION_ITEM('')
);
#97=(
BOUNDED_CURVE()
B_SPLINE_CURVE(3,(#7586,#7587,#7588,#7589),.UNSPECIFIED.,.F.,.F.)
B_SPLINE_CURVE_WITH_KNOTS((4,4),(-1.,0.),.UNSPECIFIED.)
CURVE()
GEOMETRIC_REPRESENTATION_ITEM()
RATIONAL_B_SPLINE_CURVE((1.,1.,1.,1.))
REPRESENTATION_ITEM('')
);
#98=(
BOUNDED_CURVE()
B_SPLINE_CURVE(3,(#7606,#7607,#7608,#7609),.UNSPECIFIED.,.F.,.F.)
B_SPLINE_CURVE_WITH_KNOTS((4,4),(0.,1.),.UNSPECIFIED.)
CURVE()
GEOMETRIC_REPRESENTATION_ITEM()
RATIONAL_B_SPLINE_CURVE((1.,1.,1.,1.))
REPRESENTATION_ITEM('')
);
#99=(
BOUNDED_CURVE()
B_SPLINE_CURVE(3,(#7611,#7612,#7613,#7614),.UNSPECIFIED.,.F.,.F.)
B_SPLINE_CURVE_WITH_KNOTS((4,4),(-1.,0.),.UNSPECIFIED.)
CURVE()
GEOMETRIC_REPRESENTATION_ITEM()
RATIONAL_B_SPLINE_CURVE((1.,1.,1.,1.))
REPRESENTATION_ITEM('')
);
#100=(
BOUNDED_SURFACE()
B_SPLINE_SURFACE(3,1,((#7138,#7139),(#7140,#7141),(#7142,#7143),(#7144,
#7145)),.UNSPECIFIED.,.F.,.F.,.F.)
B_SPLINE_SURFACE_WITH_KNOTS((4,4),(2,2),(-1.,0.),(0.,0.1),.UNSPECIFIED.)
GEOMETRIC_REPRESENTATION_ITEM()
RATIONAL_B_SPLINE_SURFACE(((1.,1.),(1.,1.),(1.,1.),(1.,1.)))
REPRESENTATION_ITEM('')
SURFACE()
);
#101=(
BOUNDED_SURFACE()
B_SPLINE_SURFACE(3,1,((#7160,#7161),(#7162,#7163),(#7164,#7165),(#7166,
#7167)),.UNSPECIFIED.,.F.,.F.,.F.)
B_SPLINE_SURFACE_WITH_KNOTS((4,4),(2,2),(-1.,0.),(0.,0.1),.UNSPECIFIED.)
GEOMETRIC_REPRESENTATION_ITEM()
RATIONAL_B_SPLINE_SURFACE(((1.,1.),(1.,1.),(1.,1.),(1.,1.)))
REPRESENTATION_ITEM('')
SURFACE()
);
#102=(
BOUNDED_SURFACE()
B_SPLINE_SURFACE(3,1,((#7179,#7180),(#7181,#7182),(#7183,#7184),(#7185,
#7186)),.UNSPECIFIED.,.F.,.F.,.F.)
B_SPLINE_SURFACE_WITH_KNOTS((4,4),(2,2),(-1.,0.),(0.,0.1),.UNSPECIFIED.)
GEOMETRIC_REPRESENTATION_ITEM()
RATIONAL_B_SPLINE_SURFACE(((1.,1.),(1.,1.),(1.,1.),(1.,1.)))
REPRESENTATION_ITEM('')
SURFACE()
);
#103=(
BOUNDED_SURFACE()
B_SPLINE_SURFACE(3,1,((#7198,#7199),(#7200,#7201),(#7202,#7203),(#7204,
#7205)),.UNSPECIFIED.,.F.,.F.,.F.)
B_SPLINE_SURFACE_WITH_KNOTS((4,4),(2,2),(-1.,0.),(0.,0.1),.UNSPECIFIED.)
GEOMETRIC_REPRESENTATION_ITEM()
RATIONAL_B_SPLINE_SURFACE(((1.,1.),(1.,1.),(1.,1.),(1.,1.)))
REPRESENTATION_ITEM('')
SURFACE()
);
#104=(
BOUNDED_SURFACE()
B_SPLINE_SURFACE(3,1,((#7217,#7218),(#7219,#7220),(#7221,#7222),(#7223,
#7224)),.UNSPECIFIED.,.F.,.F.,.F.)
B_SPLINE_SURFACE_WITH_KNOTS((4,4),(2,2),(-1.,0.),(0.,0.1),.UNSPECIFIED.)
GEOMETRIC_REPRESENTATION_ITEM()
RATIONAL_B_SPLINE_SURFACE(((1.,1.),(1.,1.),(1.,1.),(1.,1.)))
REPRESENTATION_ITEM('')
SURFACE()
);
#105=(
BOUNDED_SURFACE()
B_SPLINE_SURFACE(3,1,((#7236,#7237),(#7238,#7239),(#7240,#7241),(#7242,
#7243)),.UNSPECIFIED.,.F.,.F.,.F.)
B_SPLINE_SURFACE_WITH_KNOTS((4,4),(2,2),(-1.,0.),(0.,0.1),.UNSPECIFIED.)
GEOMETRIC_REPRESENTATION_ITEM()
RATIONAL_B_SPLINE_SURFACE(((1.,1.),(1.,1.),(1.,1.),(1.,1.)))
REPRESENTATION_ITEM('')
SURFACE()
);
#106=(
BOUNDED_SURFACE()
B_SPLINE_SURFACE(3,1,((#7255,#7256),(#7257,#7258),(#7259,#7260),(#7261,
#7262)),.UNSPECIFIED.,.F.,.F.,.F.)
B_SPLINE_SURFACE_WITH_KNOTS((4,4),(2,2),(-1.,0.),(0.,0.1),.UNSPECIFIED.)
GEOMETRIC_REPRESENTATION_ITEM()
RATIONAL_B_SPLINE_SURFACE(((1.,1.),(1.,1.),(1.,1.),(1.,1.)))
REPRESENTATION_ITEM('')
SURFACE()
);
#107=(
BOUNDED_SURFACE()
B_SPLINE_SURFACE(3,1,((#7274,#7275),(#7276,#7277),(#7278,#7279),(#7280,
#7281)),.UNSPECIFIED.,.F.,.F.,.F.)
B_SPLINE_SURFACE_WITH_KNOTS((4,4),(2,2),(-1.,0.),(0.,0.1),.UNSPECIFIED.)
GEOMETRIC_REPRESENTATION_ITEM()
RATIONAL_B_SPLINE_SURFACE(((1.,1.),(1.,1.),(1.,1.),(1.,1.)))
REPRESENTATION_ITEM('')
SURFACE()
);
#108=(
BOUNDED_SURFACE()
B_SPLINE_SURFACE(3,1,((#7293,#7294),(#7295,#7296),(#7297,#7298),(#7299,
#7300)),.UNSPECIFIED.,.F.,.F.,.F.)
B_SPLINE_SURFACE_WITH_KNOTS((4,4),(2,2),(-1.,0.),(0.,0.1),.UNSPECIFIED.)
GEOMETRIC_REPRESENTATION_ITEM()
RATIONAL_B_SPLINE_SURFACE(((1.,1.),(1.,1.),(1.,1.),(1.,1.)))
REPRESENTATION_ITEM('')
SURFACE()
);
#109=(
BOUNDED_SURFACE()
B_SPLINE_SURFACE(3,1,((#7312,#7313),(#7314,#7315),(#7316,#7317),(#7318,
#7319)),.UNSPECIFIED.,.F.,.F.,.F.)
B_SPLINE_SURFACE_WITH_KNOTS((4,4),(2,2),(-1.,0.),(0.,0.1),.UNSPECIFIED.)
GEOMETRIC_REPRESENTATION_ITEM()
RATIONAL_B_SPLINE_SURFACE(((1.,1.),(1.,1.),(1.,1.),(1.,1.)))
REPRESENTATION_ITEM('')
SURFACE()
);
#110=(
BOUNDED_SURFACE()
B_SPLINE_SURFACE(3,1,((#7331,#7332),(#7333,#7334),(#7335,#7336),(#7337,
#7338)),.UNSPECIFIED.,.F.,.F.,.F.)
B_SPLINE_SURFACE_WITH_KNOTS((4,4),(2,2),(-1.,0.),(0.,0.1),.UNSPECIFIED.)
GEOMETRIC_REPRESENTATION_ITEM()
RATIONAL_B_SPLINE_SURFACE(((1.,1.),(1.,1.),(1.,1.),(1.,1.)))
REPRESENTATION_ITEM('')
SURFACE()
);
#111=(
BOUNDED_SURFACE()
B_SPLINE_SURFACE(3,1,((#7350,#7351),(#7352,#7353),(#7354,#7355),(#7356,
#7357)),.UNSPECIFIED.,.F.,.F.,.F.)
B_SPLINE_SURFACE_WITH_KNOTS((4,4),(2,2),(-1.,0.),(0.,0.1),.UNSPECIFIED.)
GEOMETRIC_REPRESENTATION_ITEM()
RATIONAL_B_SPLINE_SURFACE(((1.,1.),(1.,1.),(1.,1.),(1.,1.)))
REPRESENTATION_ITEM('')
SURFACE()
);
#112=(
BOUNDED_SURFACE()
B_SPLINE_SURFACE(3,1,((#7405,#7406),(#7407,#7408),(#7409,#7410),(#7411,
#7412)),.UNSPECIFIED.,.F.,.F.,.F.)
B_SPLINE_SURFACE_WITH_KNOTS((4,4),(2,2),(-1.,0.),(0.,0.1),.UNSPECIFIED.)
GEOMETRIC_REPRESENTATION_ITEM()
RATIONAL_B_SPLINE_SURFACE(((1.,1.),(1.,1.),(1.,1.),(1.,1.)))
REPRESENTATION_ITEM('')
SURFACE()
);
#113=(
BOUNDED_SURFACE()
B_SPLINE_SURFACE(3,1,((#7430,#7431),(#7432,#7433),(#7434,#7435),(#7436,
#7437)),.UNSPECIFIED.,.F.,.F.,.F.)
B_SPLINE_SURFACE_WITH_KNOTS((4,4),(2,2),(-1.,0.),(0.,0.1),.UNSPECIFIED.)
GEOMETRIC_REPRESENTATION_ITEM()
RATIONAL_B_SPLINE_SURFACE(((1.,1.),(1.,1.),(1.,1.),(1.,1.)))
REPRESENTATION_ITEM('')
SURFACE()
);
#114=(
BOUNDED_SURFACE()
B_SPLINE_SURFACE(3,1,((#7449,#7450),(#7451,#7452),(#7453,#7454),(#7455,
#7456)),.UNSPECIFIED.,.F.,.F.,.F.)
B_SPLINE_SURFACE_WITH_KNOTS((4,4),(2,2),(-1.,0.),(0.,0.1),.UNSPECIFIED.)
GEOMETRIC_REPRESENTATION_ITEM()
RATIONAL_B_SPLINE_SURFACE(((1.,1.),(1.,1.),(1.,1.),(1.,1.)))
REPRESENTATION_ITEM('')
SURFACE()
);
#115=(
BOUNDED_SURFACE()
B_SPLINE_SURFACE(3,1,((#7468,#7469),(#7470,#7471),(#7472,#7473),(#7474,
#7475)),.UNSPECIFIED.,.F.,.F.,.F.)
B_SPLINE_SURFACE_WITH_KNOTS((4,4),(2,2),(-1.,0.),(0.,0.1),.UNSPECIFIED.)
GEOMETRIC_REPRESENTATION_ITEM()
RATIONAL_B_SPLINE_SURFACE(((1.,1.),(1.,1.),(1.,1.),(1.,1.)))
REPRESENTATION_ITEM('')
SURFACE()
);
#116=(
BOUNDED_SURFACE()
B_SPLINE_SURFACE(3,1,((#7487,#7488),(#7489,#7490),(#7491,#7492),(#7493,
#7494)),.UNSPECIFIED.,.F.,.F.,.F.)
B_SPLINE_SURFACE_WITH_KNOTS((4,4),(2,2),(-1.,0.),(0.,0.1),.UNSPECIFIED.)
GEOMETRIC_REPRESENTATION_ITEM()
RATIONAL_B_SPLINE_SURFACE(((1.,1.),(1.,1.),(1.,1.),(1.,1.)))
REPRESENTATION_ITEM('')
SURFACE()
);
#117=(
BOUNDED_SURFACE()
B_SPLINE_SURFACE(3,1,((#7515,#7516),(#7517,#7518),(#7519,#7520),(#7521,
#7522)),.UNSPECIFIED.,.F.,.F.,.F.)
B_SPLINE_SURFACE_WITH_KNOTS((4,4),(2,2),(-1.,0.),(0.,0.1),.UNSPECIFIED.)
GEOMETRIC_REPRESENTATION_ITEM()
RATIONAL_B_SPLINE_SURFACE(((1.,1.),(1.,1.),(1.,1.),(1.,1.)))
REPRESENTATION_ITEM('')
SURFACE()
);
#118=(
BOUNDED_SURFACE()
B_SPLINE_SURFACE(3,1,((#7534,#7535),(#7536,#7537),(#7538,#7539),(#7540,
#7541)),.UNSPECIFIED.,.F.,.F.,.F.)
B_SPLINE_SURFACE_WITH_KNOTS((4,4),(2,2),(-1.,0.),(0.,0.1),.UNSPECIFIED.)
GEOMETRIC_REPRESENTATION_ITEM()
RATIONAL_B_SPLINE_SURFACE(((1.,1.),(1.,1.),(1.,1.),(1.,1.)))
REPRESENTATION_ITEM('')
SURFACE()
);
#119=(
BOUNDED_SURFACE()
B_SPLINE_SURFACE(3,1,((#7553,#7554),(#7555,#7556),(#7557,#7558),(#7559,
#7560)),.UNSPECIFIED.,.F.,.F.,.F.)
B_SPLINE_SURFACE_WITH_KNOTS((4,4),(2,2),(-1.,0.),(0.,0.1),.UNSPECIFIED.)
GEOMETRIC_REPRESENTATION_ITEM()
RATIONAL_B_SPLINE_SURFACE(((1.,1.),(1.,1.),(1.,1.),(1.,1.)))
REPRESENTATION_ITEM('')
SURFACE()
);
#120=(
BOUNDED_SURFACE()
B_SPLINE_SURFACE(3,1,((#7572,#7573),(#7574,#7575),(#7576,#7577),(#7578,
#7579)),.UNSPECIFIED.,.F.,.F.,.F.)
B_SPLINE_SURFACE_WITH_KNOTS((4,4),(2,2),(-1.,0.),(0.,0.1),.UNSPECIFIED.)
GEOMETRIC_REPRESENTATION_ITEM()
RATIONAL_B_SPLINE_SURFACE(((1.,1.),(1.,1.),(1.,1.),(1.,1.)))
REPRESENTATION_ITEM('')
SURFACE()
);
#121=(
BOUNDED_SURFACE()
B_SPLINE_SURFACE(3,1,((#7597,#7598),(#7599,#7600),(#7601,#7602),(#7603,
#7604)),.UNSPECIFIED.,.F.,.F.,.F.)
B_SPLINE_SURFACE_WITH_KNOTS((4,4),(2,2),(-1.,0.),(0.,0.1),.UNSPECIFIED.)
GEOMETRIC_REPRESENTATION_ITEM()
RATIONAL_B_SPLINE_SURFACE(((1.,1.),(1.,1.),(1.,1.),(1.,1.)))
REPRESENTATION_ITEM('')
SURFACE()
);
#122=FACE_BOUND('',#839,.T.);
#123=FACE_BOUND('',#841,.T.);
#124=FACE_BOUND('',#895,.T.);
#125=FACE_BOUND('',#897,.T.);
#126=FACE_BOUND('',#898,.T.);
#127=FACE_BOUND('',#899,.T.);
#128=FACE_BOUND('',#900,.T.);
#129=FACE_BOUND('',#901,.T.);
#130=FACE_BOUND('',#902,.T.);
#131=FACE_BOUND('',#903,.T.);
#132=FACE_BOUND('',#904,.T.);
#133=FACE_BOUND('',#908,.T.);
#134=FACE_BOUND('',#910,.T.);
#135=FACE_BOUND('',#1008,.T.);
#136=FACE_BOUND('',#1009,.T.);
#137=FACE_BOUND('',#1010,.T.);
#138=FACE_BOUND('',#1011,.T.);
#139=FACE_BOUND('',#1012,.T.);
#140=FACE_BOUND('',#1013,.T.);
#141=FACE_BOUND('',#1014,.T.);
#142=FACE_BOUND('',#1015,.T.);
#143=PLANE('',#5017);
#144=PLANE('',#5018);
#145=PLANE('',#5019);
#146=PLANE('',#5020);
#147=PLANE('',#5021);
#148=PLANE('',#5025);
#149=PLANE('',#5026);
#150=PLANE('',#5033);
#151=PLANE('',#5040);
#152=PLANE('',#5047);
#153=PLANE('',#5054);
#154=PLANE('',#5061);
#155=PLANE('',#5068);
#156=PLANE('',#5069);
#157=PLANE('',#5071);
#158=PLANE('',#5072);
#159=PLANE('',#5073);
#160=PLANE('',#5074);
#161=PLANE('',#5075);
#162=PLANE('',#5076);
#163=PLANE('',#5077);
#164=PLANE('',#5078);
#165=PLANE('',#5079);
#166=PLANE('',#5080);
#167=PLANE('',#5081);
#168=PLANE('',#5082);
#169=PLANE('',#5088);
#170=PLANE('',#5089);
#171=PLANE('',#5179);
#172=PLANE('',#5187);
#173=PLANE('',#5194);
#174=PLANE('',#5207);
#175=PLANE('',#5209);
#176=PLANE('',#5221);
#177=PLANE('',#5222);
#178=PLANE('',#5223);
#179=PLANE('',#5224);
#180=PLANE('',#5225);
#181=PLANE('',#5226);
#182=PLANE('',#5239);
#183=PLANE('',#5241);
#184=PLANE('',#5243);
#185=PLANE('',#5263);
#186=PLANE('',#5265);
#187=PLANE('',#5267);
#188=PLANE('',#5287);
#189=PLANE('',#5288);
#190=PLANE('',#5289);
#191=PLANE('',#5294);
#192=PLANE('',#5295);
#193=PLANE('',#5296);
#194=PLANE('',#5297);
#195=PLANE('',#5303);
#196=PLANE('',#5311);
#197=PLANE('',#5319);
#198=PLANE('',#5326);
#199=PLANE('',#5327);
#200=PLANE('',#5332);
#201=PLANE('',#5340);
#202=PLANE('',#5348);
#203=PLANE('',#5356);
#204=PLANE('',#5357);
#205=PLANE('',#5358);
#206=PLANE('',#5359);
#207=PLANE('',#5369);
#208=PLANE('',#5371);
#209=PLANE('',#5373);
#210=PLANE('',#5393);
#211=PLANE('',#5395);
#212=PLANE('',#5397);
#213=PLANE('',#5417);
#214=PLANE('',#5418);
#215=PLANE('',#5419);
#216=PLANE('',#5426);
#217=PLANE('',#5427);
#218=PLANE('',#5428);
#219=PLANE('',#5429);
#220=PLANE('',#5430);
#221=CIRCLE('',#5012,9.2);
#222=CIRCLE('',#5013,9.2);
#223=CIRCLE('',#5015,9.7);
#224=CIRCLE('',#5016,9.7);
#225=CIRCLE('',#5023,9.7);
#226=CIRCLE('',#5024,9.7);
#227=CIRCLE('',#5028,7.7);
#228=CIRCLE('',#5029,7.7);
#229=CIRCLE('',#5031,8.2);
#230=CIRCLE('',#5032,8.2);
#231=CIRCLE('',#5035,7.7);
#232=CIRCLE('',#5036,7.7);
#233=CIRCLE('',#5038,8.2);
#234=CIRCLE('',#5039,8.2);
#235=CIRCLE('',#5042,9.2);
#236=CIRCLE('',#5043,9.2);
#237=CIRCLE('',#5045,9.7);
#238=CIRCLE('',#5046,9.7);
#239=CIRCLE('',#5049,9.2);
#240=CIRCLE('',#5050,9.2);
#241=CIRCLE('',#5052,9.7);
#242=CIRCLE('',#5053,9.7);
#243=CIRCLE('',#5056,7.7);
#244=CIRCLE('',#5057,7.7);
#245=CIRCLE('',#5059,8.2);
#246=CIRCLE('',#5060,8.2);
#247=CIRCLE('',#5063,10.7);
#248=CIRCLE('',#5064,10.7);
#249=CIRCLE('',#5066,11.2);
#250=CIRCLE('',#5067,11.2);
#251=CIRCLE('',#5070,12.2);
#252=CIRCLE('',#5084,12.2);
#253=CIRCLE('',#5086,12.7);
#254=CIRCLE('',#5087,12.7);
#255=CIRCLE('',#5090,13.);
#256=CIRCLE('',#5092,13.);
#257=CIRCLE('',#5094,12.7);
#258=CIRCLE('',#5095,12.7);
#259=CIRCLE('',#5097,12.7);
#260=CIRCLE('',#5098,12.7);
#261=CIRCLE('',#5100,12.7);
#262=CIRCLE('',#5101,12.7);
#263=CIRCLE('',#5103,12.7);
#264=CIRCLE('',#5104,12.7);
#265=CIRCLE('',#5106,12.7);
#266=CIRCLE('',#5107,12.7);
#267=CIRCLE('',#5109,12.7);
#268=CIRCLE('',#5110,12.7);
#269=CIRCLE('',#5112,12.7);
#270=CIRCLE('',#5113,12.7);
#271=CIRCLE('',#5115,1.5);
#272=CIRCLE('',#5116,11.7);
#273=CIRCLE('',#5117,1.5);
#274=CIRCLE('',#5118,10.2);
#275=CIRCLE('',#5120,11.7);
#276=CIRCLE('',#5122,1.5);
#277=CIRCLE('',#5123,11.7);
#278=CIRCLE('',#5124,1.5);
#279=CIRCLE('',#5125,10.2);
#280=CIRCLE('',#5127,11.7);
#281=CIRCLE('',#5129,1.5);
#282=CIRCLE('',#5130,11.7);
#283=CIRCLE('',#5131,1.5);
#284=CIRCLE('',#5132,10.2);
#285=CIRCLE('',#5134,11.7);
#286=CIRCLE('',#5136,1.5);
#287=CIRCLE('',#5137,11.7);
#288=CIRCLE('',#5138,1.5);
#289=CIRCLE('',#5139,10.2);
#290=CIRCLE('',#5141,11.7);
#291=CIRCLE('',#5143,1.5);
#292=CIRCLE('',#5144,11.7);
#293=CIRCLE('',#5145,1.5);
#294=CIRCLE('',#5146,10.2);
#295=CIRCLE('',#5148,11.7);
#296=CIRCLE('',#5150,1.5);
#297=CIRCLE('',#5151,11.7);
#298=CIRCLE('',#5152,1.5);
#299=CIRCLE('',#5153,10.2);
#300=CIRCLE('',#5155,11.7);
#301=CIRCLE('',#5157,1.5);
#302=CIRCLE('',#5158,11.7);
#303=CIRCLE('',#5159,1.5);
#304=CIRCLE('',#5160,10.2);
#305=CIRCLE('',#5162,11.7);
#306=CIRCLE('',#5164,1.5);
#307=CIRCLE('',#5165,11.7);
#308=CIRCLE('',#5166,1.5);
#309=CIRCLE('',#5167,10.2);
#310=CIRCLE('',#5169,11.7);
#311=CIRCLE('',#5172,13.7);
#312=CIRCLE('',#5173,13.7);
#313=CIRCLE('',#5175,12.7);
#314=CIRCLE('',#5177,12.7);
#315=CIRCLE('',#5181,12.7);
#316=CIRCLE('',#5182,12.7);
#317=CIRCLE('',#5185,13.7);
#318=CIRCLE('',#5186,13.7);
#319=CIRCLE('',#5190,12.7);
#320=CIRCLE('',#5191,13.7);
#321=CIRCLE('',#5193,12.7);
#322=CIRCLE('',#5197,13.7);
#323=CIRCLE('',#5198,13.7);
#324=CIRCLE('',#5200,12.7);
#325=CIRCLE('',#5202,12.7);
#326=CIRCLE('',#5205,13.7);
#327=CIRCLE('',#5206,13.7);
#328=CIRCLE('',#5211,12.7);
#329=CIRCLE('',#5212,12.7);
#330=CIRCLE('',#5215,13.7);
#331=CIRCLE('',#5216,13.7);
#332=CIRCLE('',#5218,12.7);
#333=CIRCLE('',#5220,12.7);
#334=CIRCLE('',#5228,13.7);
#335=CIRCLE('',#5230,13.7);
#336=CIRCLE('',#5232,13.7);
#337=CIRCLE('',#5234,13.7);
#338=CIRCLE('',#5236,13.7);
#339=CIRCLE('',#5238,13.7);
#340=CIRCLE('',#5240,12.7);
#341=CIRCLE('',#5242,12.7);
#342=CIRCLE('',#5244,12.7);
#343=CIRCLE('',#5246,12.7);
#344=CIRCLE('',#5248,12.7);
#345=CIRCLE('',#5250,12.7);
#346=CIRCLE('',#5252,13.7);
#347=CIRCLE('',#5254,13.7);
#348=CIRCLE('',#5256,13.7);
#349=CIRCLE('',#5258,13.7);
#350=CIRCLE('',#5260,13.7);
#351=CIRCLE('',#5262,13.7);
#352=CIRCLE('',#5264,12.7);
#353=CIRCLE('',#5266,12.7);
#354=CIRCLE('',#5268,12.7);
#355=CIRCLE('',#5270,12.7);
#356=CIRCLE('',#5272,12.7);
#357=CIRCLE('',#5274,12.7);
#358=CIRCLE('',#5276,13.7);
#359=CIRCLE('',#5278,13.7);
#360=CIRCLE('',#5280,13.7);
#361=CIRCLE('',#5282,13.7);
#362=CIRCLE('',#5284,13.7);
#363=CIRCLE('',#5286,13.7);
#364=CIRCLE('',#5291,13.7);
#365=CIRCLE('',#5293,13.7);
#366=CIRCLE('',#5298,12.7);
#367=CIRCLE('',#5300,12.7);
#368=CIRCLE('',#5302,12.7);
#369=CIRCLE('',#5304,13.7);
#370=CIRCLE('',#5306,13.7);
#371=CIRCLE('',#5308,12.7);
#372=CIRCLE('',#5310,12.7);
#373=CIRCLE('',#5312,13.7);
#374=CIRCLE('',#5314,13.7);
#375=CIRCLE('',#5316,12.7);
#376=CIRCLE('',#5318,12.7);
#377=CIRCLE('',#5320,13.7);
#378=CIRCLE('',#5322,13.7);
#379=CIRCLE('',#5325,13.7);
#380=CIRCLE('',#5329,12.7);
#381=CIRCLE('',#5331,12.7);
#382=CIRCLE('',#5333,13.7);
#383=CIRCLE('',#5335,13.7);
#384=CIRCLE('',#5337,12.7);
#385=CIRCLE('',#5339,12.7);
#386=CIRCLE('',#5341,13.7);
#387=CIRCLE('',#5343,13.7);
#388=CIRCLE('',#5345,12.7);
#389=CIRCLE('',#5347,12.7);
#390=CIRCLE('',#5349,13.7);
#391=CIRCLE('',#5351,13.7);
#392=CIRCLE('',#5354,13.7);
#393=CIRCLE('',#5355,12.7);
#394=CIRCLE('',#5362,13.7);
#395=CIRCLE('',#5364,13.7);
#396=CIRCLE('',#5366,13.7);
#397=CIRCLE('',#5368,13.7);
#398=CIRCLE('',#5370,12.7);
#399=CIRCLE('',#5372,12.7);
#400=CIRCLE('',#5374,12.7);
#401=CIRCLE('',#5376,12.7);
#402=CIRCLE('',#5378,12.7);
#403=CIRCLE('',#5380,12.7);
#404=CIRCLE('',#5382,13.7);
#405=CIRCLE('',#5384,13.7);
#406=CIRCLE('',#5386,13.7);
#407=CIRCLE('',#5388,13.7);
#408=CIRCLE('',#5390,13.7);
#409=CIRCLE('',#5392,13.7);
#410=CIRCLE('',#5394,12.7);
#411=CIRCLE('',#5396,12.7);
#412=CIRCLE('',#5398,12.7);
#413=CIRCLE('',#5400,12.7);
#414=CIRCLE('',#5402,12.7);
#415=CIRCLE('',#5404,12.7);
#416=CIRCLE('',#5406,13.7);
#417=CIRCLE('',#5408,13.7);
#418=CIRCLE('',#5410,13.7);
#419=CIRCLE('',#5412,13.7);
#420=CIRCLE('',#5414,13.7);
#421=CIRCLE('',#5416,13.7);
#422=CIRCLE('',#5421,13.7);
#423=CIRCLE('',#5423,13.7);
#424=CIRCLE('',#5425,13.7);
#425=CYLINDRICAL_SURFACE('',#5011,9.2);
#426=CYLINDRICAL_SURFACE('',#5014,9.7);
#427=CYLINDRICAL_SURFACE('',#5022,9.7);
#428=CYLINDRICAL_SURFACE('',#5027,7.7);
#429=CYLINDRICAL_SURFACE('',#5030,8.2);
#430=CYLINDRICAL_SURFACE('',#5034,7.7);
#431=CYLINDRICAL_SURFACE('',#5037,8.2);
#432=CYLINDRICAL_SURFACE('',#5041,9.2);
#433=CYLINDRICAL_SURFACE('',#5044,9.7);
#434=CYLINDRICAL_SURFACE('',#5048,9.2);
#435=CYLINDRICAL_SURFACE('',#5051,9.7);
#436=CYLINDRICAL_SURFACE('',#5055,7.7);
#437=CYLINDRICAL_SURFACE('',#5058,8.2);
#438=CYLINDRICAL_SURFACE('',#5062,10.7);
#439=CYLINDRICAL_SURFACE('',#5065,11.2);
#440=CYLINDRICAL_SURFACE('',#5083,12.2);
#441=CYLINDRICAL_SURFACE('',#5085,12.7);
#442=CYLINDRICAL_SURFACE('',#5091,13.);
#443=CYLINDRICAL_SURFACE('',#5093,12.7);
#444=CYLINDRICAL_SURFACE('',#5096,12.7);
#445=CYLINDRICAL_SURFACE('',#5099,12.7);
#446=CYLINDRICAL_SURFACE('',#5102,12.7);
#447=CYLINDRICAL_SURFACE('',#5105,12.7);
#448=CYLINDRICAL_SURFACE('',#5108,12.7);
#449=CYLINDRICAL_SURFACE('',#5111,12.7);
#450=CYLINDRICAL_SURFACE('',#5119,11.7);
#451=CYLINDRICAL_SURFACE('',#5126,11.7);
#452=CYLINDRICAL_SURFACE('',#5133,11.7);
#453=CYLINDRICAL_SURFACE('',#5140,11.7);
#454=CYLINDRICAL_SURFACE('',#5147,11.7);
#455=CYLINDRICAL_SURFACE('',#5154,11.7);
#456=CYLINDRICAL_SURFACE('',#5161,11.7);
#457=CYLINDRICAL_SURFACE('',#5168,11.7);
#458=CYLINDRICAL_SURFACE('',#5170,2.);
#459=CYLINDRICAL_SURFACE('',#5171,13.7);
#460=CYLINDRICAL_SURFACE('',#5176,12.7);
#461=CYLINDRICAL_SURFACE('',#5178,2.);
#462=CYLINDRICAL_SURFACE('',#5180,12.7);
#463=CYLINDRICAL_SURFACE('',#5183,2.);
#464=CYLINDRICAL_SURFACE('',#5184,13.7);
#465=CYLINDRICAL_SURFACE('',#5188,2.);
#466=CYLINDRICAL_SURFACE('',#5192,12.7);
#467=CYLINDRICAL_SURFACE('',#5195,2.);
#468=CYLINDRICAL_SURFACE('',#5196,13.7);
#469=CYLINDRICAL_SURFACE('',#5201,12.7);
#470=CYLINDRICAL_SURFACE('',#5203,2.);
#471=CYLINDRICAL_SURFACE('',#5204,13.7);
#472=CYLINDRICAL_SURFACE('',#5208,2.);
#473=CYLINDRICAL_SURFACE('',#5210,12.7);
#474=CYLINDRICAL_SURFACE('',#5213,2.);
#475=CYLINDRICAL_SURFACE('',#5214,13.7);
#476=CYLINDRICAL_SURFACE('',#5219,12.7);
#477=CYLINDRICAL_SURFACE('',#5233,13.7);
#478=CYLINDRICAL_SURFACE('',#5235,13.7);
#479=CYLINDRICAL_SURFACE('',#5237,13.7);
#480=CYLINDRICAL_SURFACE('',#5245,12.7);
#481=CYLINDRICAL_SURFACE('',#5247,12.7);
#482=CYLINDRICAL_SURFACE('',#5249,12.7);
#483=CYLINDRICAL_SURFACE('',#5257,13.7);
#484=CYLINDRICAL_SURFACE('',#5259,13.7);
#485=CYLINDRICAL_SURFACE('',#5261,13.7);
#486=CYLINDRICAL_SURFACE('',#5269,12.7);
#487=CYLINDRICAL_SURFACE('',#5271,12.7);
#488=CYLINDRICAL_SURFACE('',#5273,12.7);
#489=CYLINDRICAL_SURFACE('',#5281,13.7);
#490=CYLINDRICAL_SURFACE('',#5283,13.7);
#491=CYLINDRICAL_SURFACE('',#5285,13.7);
#492=CYLINDRICAL_SURFACE('',#5292,13.7);
#493=CYLINDRICAL_SURFACE('',#5301,12.7);
#494=CYLINDRICAL_SURFACE('',#5305,13.7);
#495=CYLINDRICAL_SURFACE('',#5309,12.7);
#496=CYLINDRICAL_SURFACE('',#5313,13.7);
#497=CYLINDRICAL_SURFACE('',#5317,12.7);
#498=CYLINDRICAL_SURFACE('',#5321,13.7);
#499=CYLINDRICAL_SURFACE('',#5330,12.7);
#500=CYLINDRICAL_SURFACE('',#5334,13.7);
#501=CYLINDRICAL_SURFACE('',#5338,12.7);
#502=CYLINDRICAL_SURFACE('',#5342,13.7);
#503=CYLINDRICAL_SURFACE('',#5346,12.7);
#504=CYLINDRICAL_SURFACE('',#5350,13.7);
#505=CYLINDRICAL_SURFACE('',#5360,12.7);
#506=CYLINDRICAL_SURFACE('',#5363,13.7);
#507=CYLINDRICAL_SURFACE('',#5365,13.7);
#508=CYLINDRICAL_SURFACE('',#5367,13.7);
#509=CYLINDRICAL_SURFACE('',#5375,12.7);
#510=CYLINDRICAL_SURFACE('',#5377,12.7);
#511=CYLINDRICAL_SURFACE('',#5379,12.7);
#512=CYLINDRICAL_SURFACE('',#5387,13.7);
#513=CYLINDRICAL_SURFACE('',#5389,13.7);
#514=CYLINDRICAL_SURFACE('',#5391,13.7);
#515=CYLINDRICAL_SURFACE('',#5399,12.7);
#516=CYLINDRICAL_SURFACE('',#5401,12.7);
#517=CYLINDRICAL_SURFACE('',#5403,12.7);
#518=CYLINDRICAL_SURFACE('',#5411,13.7);
#519=CYLINDRICAL_SURFACE('',#5413,13.7);
#520=CYLINDRICAL_SURFACE('',#5415,13.7);
#521=CYLINDRICAL_SURFACE('',#5422,13.7);
#522=CYLINDRICAL_SURFACE('',#5424,13.7);
#523=FACE_OUTER_BOUND('',#796,.T.);
#524=FACE_OUTER_BOUND('',#797,.T.);
#525=FACE_OUTER_BOUND('',#798,.T.);
#526=FACE_OUTER_BOUND('',#799,.T.);
#527=FACE_OUTER_BOUND('',#800,.T.);
#528=FACE_OUTER_BOUND('',#801,.T.);
#529=FACE_OUTER_BOUND('',#802,.T.);
#530=FACE_OUTER_BOUND('',#803,.T.);
#531=FACE_OUTER_BOUND('',#804,.T.);
#532=FACE_OUTER_BOUND('',#805,.T.);
#533=FACE_OUTER_BOUND('',#806,.T.);
#534=FACE_OUTER_BOUND('',#807,.T.);
#535=FACE_OUTER_BOUND('',#808,.T.);
#536=FACE_OUTER_BOUND('',#809,.T.);
#537=FACE_OUTER_BOUND('',#810,.T.);
#538=FACE_OUTER_BOUND('',#811,.T.);
#539=FACE_OUTER_BOUND('',#812,.T.);
#540=FACE_OUTER_BOUND('',#813,.T.);
#541=FACE_OUTER_BOUND('',#814,.T.);
#542=FACE_OUTER_BOUND('',#815,.T.);
#543=FACE_OUTER_BOUND('',#816,.T.);
#544=FACE_OUTER_BOUND('',#817,.T.);
#545=FACE_OUTER_BOUND('',#818,.T.);
#546=FACE_OUTER_BOUND('',#819,.T.);
#547=FACE_OUTER_BOUND('',#820,.T.);
#548=FACE_OUTER_BOUND('',#821,.T.);
#549=FACE_OUTER_BOUND('',#822,.T.);
#550=FACE_OUTER_BOUND('',#823,.T.);
#551=FACE_OUTER_BOUND('',#824,.T.);
#552=FACE_OUTER_BOUND('',#825,.T.);
#553=FACE_OUTER_BOUND('',#826,.T.);
#554=FACE_OUTER_BOUND('',#827,.T.);
#555=FACE_OUTER_BOUND('',#828,.T.);
#556=FACE_OUTER_BOUND('',#829,.T.);
#557=FACE_OUTER_BOUND('',#830,.T.);
#558=FACE_OUTER_BOUND('',#831,.T.);
#559=FACE_OUTER_BOUND('',#832,.T.);
#560=FACE_OUTER_BOUND('',#833,.T.);
#561=FACE_OUTER_BOUND('',#834,.T.);
#562=FACE_OUTER_BOUND('',#835,.T.);
#563=FACE_OUTER_BOUND('',#836,.T.);
#564=FACE_OUTER_BOUND('',#837,.T.);
#565=FACE_OUTER_BOUND('',#838,.T.);
#566=FACE_OUTER_BOUND('',#840,.T.);
#567=FACE_OUTER_BOUND('',#842,.T.);
#568=FACE_OUTER_BOUND('',#843,.T.);
#569=FACE_OUTER_BOUND('',#844,.T.);
#570=FACE_OUTER_BOUND('',#845,.T.);
#571=FACE_OUTER_BOUND('',#846,.T.);
#572=FACE_OUTER_BOUND('',#847,.T.);
#573=FACE_OUTER_BOUND('',#848,.T.);
#574=FACE_OUTER_BOUND('',#849,.T.);
#575=FACE_OUTER_BOUND('',#850,.T.);
#576=FACE_OUTER_BOUND('',#851,.T.);
#577=FACE_OUTER_BOUND('',#852,.T.);
#578=FACE_OUTER_BOUND('',#853,.T.);
#579=FACE_OUTER_BOUND('',#854,.T.);
#580=FACE_OUTER_BOUND('',#855,.T.);
#581=FACE_OUTER_BOUND('',#856,.T.);
#582=FACE_OUTER_BOUND('',#857,.T.);
#583=FACE_OUTER_BOUND('',#858,.T.);
#584=FACE_OUTER_BOUND('',#859,.T.);
#585=FACE_OUTER_BOUND('',#860,.T.);
#586=FACE_OUTER_BOUND('',#861,.T.);
#587=FACE_OUTER_BOUND('',#862,.T.);
#588=FACE_OUTER_BOUND('',#863,.T.);
#589=FACE_OUTER_BOUND('',#864,.T.);
#590=FACE_OUTER_BOUND('',#865,.T.);
#591=FACE_OUTER_BOUND('',#866,.T.);
#592=FACE_OUTER_BOUND('',#867,.T.);
#593=FACE_OUTER_BOUND('',#868,.T.);
#594=FACE_OUTER_BOUND('',#869,.T.);
#595=FACE_OUTER_BOUND('',#870,.T.);
#596=FACE_OUTER_BOUND('',#871,.T.);
#597=FACE_OUTER_BOUND('',#872,.T.);
#598=FACE_OUTER_BOUND('',#873,.T.);
#599=FACE_OUTER_BOUND('',#874,.T.);
#600=FACE_OUTER_BOUND('',#875,.T.);
#601=FACE_OUTER_BOUND('',#876,.T.);
#602=FACE_OUTER_BOUND('',#877,.T.);
#603=FACE_OUTER_BOUND('',#878,.T.);
#604=FACE_OUTER_BOUND('',#879,.T.);
#605=FACE_OUTER_BOUND('',#880,.T.);
#606=FACE_OUTER_BOUND('',#881,.T.);
#607=FACE_OUTER_BOUND('',#882,.T.);
#608=FACE_OUTER_BOUND('',#883,.T.);
#609=FACE_OUTER_BOUND('',#884,.T.);
#610=FACE_OUTER_BOUND('',#885,.T.);
#611=FACE_OUTER_BOUND('',#886,.T.);
#612=FACE_OUTER_BOUND('',#887,.T.);
#613=FACE_OUTER_BOUND('',#888,.T.);
#614=FACE_OUTER_BOUND('',#889,.T.);
#615=FACE_OUTER_BOUND('',#890,.T.);
#616=FACE_OUTER_BOUND('',#891,.T.);
#617=FACE_OUTER_BOUND('',#892,.T.);
#618=FACE_OUTER_BOUND('',#893,.T.);
#619=FACE_OUTER_BOUND('',#894,.T.);
#620=FACE_OUTER_BOUND('',#896,.T.);
#621=FACE_OUTER_BOUND('',#905,.T.);
#622=FACE_OUTER_BOUND('',#906,.T.);
#623=FACE_OUTER_BOUND('',#907,.T.);
#624=FACE_OUTER_BOUND('',#909,.T.);
#625=FACE_OUTER_BOUND('',#911,.T.);
#626=FACE_OUTER_BOUND('',#912,.T.);
#627=FACE_OUTER_BOUND('',#913,.T.);
#628=FACE_OUTER_BOUND('',#914,.T.);
#629=FACE_OUTER_BOUND('',#915,.T.);
#630=FACE_OUTER_BOUND('',#916,.T.);
#631=FACE_OUTER_BOUND('',#917,.T.);
#632=FACE_OUTER_BOUND('',#918,.T.);
#633=FACE_OUTER_BOUND('',#919,.T.);
#634=FACE_OUTER_BOUND('',#920,.T.);
#635=FACE_OUTER_BOUND('',#921,.T.);
#636=FACE_OUTER_BOUND('',#922,.T.);
#637=FACE_OUTER_BOUND('',#923,.T.);
#638=FACE_OUTER_BOUND('',#924,.T.);
#639=FACE_OUTER_BOUND('',#925,.T.);
#640=FACE_OUTER_BOUND('',#926,.T.);
#641=FACE_OUTER_BOUND('',#927,.T.);
#642=FACE_OUTER_BOUND('',#928,.T.);
#643=FACE_OUTER_BOUND('',#929,.T.);
#644=FACE_OUTER_BOUND('',#930,.T.);
#645=FACE_OUTER_BOUND('',#931,.T.);
#646=FACE_OUTER_BOUND('',#932,.T.);
#647=FACE_OUTER_BOUND('',#933,.T.);
#648=FACE_OUTER_BOUND('',#934,.T.);
#649=FACE_OUTER_BOUND('',#935,.T.);
#650=FACE_OUTER_BOUND('',#936,.T.);
#651=FACE_OUTER_BOUND('',#937,.T.);
#652=FACE_OUTER_BOUND('',#938,.T.);
#653=FACE_OUTER_BOUND('',#939,.T.);
#654=FACE_OUTER_BOUND('',#940,.T.);
#655=FACE_OUTER_BOUND('',#941,.T.);
#656=FACE_OUTER_BOUND('',#942,.T.);
#657=FACE_OUTER_BOUND('',#943,.T.);
#658=FACE_OUTER_BOUND('',#944,.T.);
#659=FACE_OUTER_BOUND('',#945,.T.);
#660=FACE_OUTER_BOUND('',#946,.T.);
#661=FACE_OUTER_BOUND('',#947,.T.);
#662=FACE_OUTER_BOUND('',#948,.T.);
#663=FACE_OUTER_BOUND('',#949,.T.);
#664=FACE_OUTER_BOUND('',#950,.T.);
#665=FACE_OUTER_BOUND('',#951,.T.);
#666=FACE_OUTER_BOUND('',#952,.T.);
#667=FACE_OUTER_BOUND('',#953,.T.);
#668=FACE_OUTER_BOUND('',#954,.T.);
#669=FACE_OUTER_BOUND('',#955,.T.);
#670=FACE_OUTER_BOUND('',#956,.T.);
#671=FACE_OUTER_BOUND('',#957,.T.);
#672=FACE_OUTER_BOUND('',#958,.T.);
#673=FACE_OUTER_BOUND('',#959,.T.);
#674=FACE_OUTER_BOUND('',#960,.T.);
#675=FACE_OUTER_BOUND('',#961,.T.);
#676=FACE_OUTER_BOUND('',#962,.T.);
#677=FACE_OUTER_BOUND('',#963,.T.);
#678=FACE_OUTER_BOUND('',#964,.T.);
#679=FACE_OUTER_BOUND('',#965,.T.);
#680=FACE_OUTER_BOUND('',#966,.T.);
#681=FACE_OUTER_BOUND('',#967,.T.);
#682=FACE_OUTER_BOUND('',#968,.T.);
#683=FACE_OUTER_BOUND('',#969,.T.);
#684=FACE_OUTER_BOUND('',#970,.T.);
#685=FACE_OUTER_BOUND('',#971,.T.);
#686=FACE_OUTER_BOUND('',#972,.T.);
#687=FACE_OUTER_BOUND('',#973,.T.);
#688=FACE_OUTER_BOUND('',#974,.T.);
#689=FACE_OUTER_BOUND('',#975,.T.);
#690=FACE_OUTER_BOUND('',#976,.T.);
#691=FACE_OUTER_BOUND('',#977,.T.);
#692=FACE_OUTER_BOUND('',#978,.T.);
#693=FACE_OUTER_BOUND('',#979,.T.);
#694=FACE_OUTER_BOUND('',#980,.T.);
#695=FACE_OUTER_BOUND('',#981,.T.);
#696=FACE_OUTER_BOUND('',#982,.T.);
#697=FACE_OUTER_BOUND('',#983,.T.);
#698=FACE_OUTER_BOUND('',#984,.T.);
#699=FACE_OUTER_BOUND('',#985,.T.);
#700=FACE_OUTER_BOUND('',#986,.T.);
#701=FACE_OUTER_BOUND('',#987,.T.);
#702=FACE_OUTER_BOUND('',#988,.T.);
#703=FACE_OUTER_BOUND('',#989,.T.);
#704=FACE_OUTER_BOUND('',#990,.T.);
#705=FACE_OUTER_BOUND('',#991,.T.);
#706=FACE_OUTER_BOUND('',#992,.T.);
#707=FACE_OUTER_BOUND('',#993,.T.);
#708=FACE_OUTER_BOUND('',#994,.T.);
#709=FACE_OUTER_BOUND('',#995,.T.);
#710=FACE_OUTER_BOUND('',#996,.T.);
#711=FACE_OUTER_BOUND('',#997,.T.);
#712=FACE_OUTER_BOUND('',#998,.T.);
#713=FACE_OUTER_BOUND('',#999,.T.);
#714=FACE_OUTER_BOUND('',#1000,.T.);
#715=FACE_OUTER_BOUND('',#1001,.T.);
#716=FACE_OUTER_BOUND('',#1002,.T.);
#717=FACE_OUTER_BOUND('',#1003,.T.);
#718=FACE_OUTER_BOUND('',#1004,.T.);
#719=FACE_OUTER_BOUND('',#1005,.T.);
#720=FACE_OUTER_BOUND('',#1006,.T.);
#721=FACE_OUTER_BOUND('',#1007,.T.);
#722=FACE_OUTER_BOUND('',#1016,.T.);
#723=FACE_OUTER_BOUND('',#1017,.T.);
#724=FACE_OUTER_BOUND('',#1018,.T.);
#725=FACE_OUTER_BOUND('',#1019,.T.);
#726=FACE_OUTER_BOUND('',#1020,.T.);
#727=FACE_OUTER_BOUND('',#1021,.T.);
#728=FACE_OUTER_BOUND('',#1022,.T.);
#729=FACE_OUTER_BOUND('',#1023,.T.);
#730=FACE_OUTER_BOUND('',#1024,.T.);
#731=FACE_OUTER_BOUND('',#1025,.T.);
#732=FACE_OUTER_BOUND('',#1026,.T.);
#733=FACE_OUTER_BOUND('',#1027,.T.);
#734=FACE_OUTER_BOUND('',#1028,.T.);
#735=FACE_OUTER_BOUND('',#1029,.T.);
#736=FACE_OUTER_BOUND('',#1030,.T.);
#737=FACE_OUTER_BOUND('',#1031,.T.);
#738=FACE_OUTER_BOUND('',#1032,.T.);
#739=FACE_OUTER_BOUND('',#1033,.T.);
#740=FACE_OUTER_BOUND('',#1034,.T.);
#741=FACE_OUTER_BOUND('',#1035,.T.);
#742=FACE_OUTER_BOUND('',#1036,.T.);
#743=FACE_OUTER_BOUND('',#1037,.T.);
#744=FACE_OUTER_BOUND('',#1038,.T.);
#745=FACE_OUTER_BOUND('',#1039,.T.);
#746=FACE_OUTER_BOUND('',#1040,.T.);
#747=FACE_OUTER_BOUND('',#1041,.T.);
#748=FACE_OUTER_BOUND('',#1042,.T.);
#749=FACE_OUTER_BOUND('',#1043,.T.);
#750=FACE_OUTER_BOUND('',#1044,.T.);
#751=FACE_OUTER_BOUND('',#1045,.T.);
#752=FACE_OUTER_BOUND('',#1046,.T.);
#753=FACE_OUTER_BOUND('',#1047,.T.);
#754=FACE_OUTER_BOUND('',#1048,.T.);
#755=FACE_OUTER_BOUND('',#1049,.T.);
#756=FACE_OUTER_BOUND('',#1050,.T.);
#757=FACE_OUTER_BOUND('',#1051,.T.);
#758=FACE_OUTER_BOUND('',#1052,.T.);
#759=FACE_OUTER_BOUND('',#1053,.T.);
#760=FACE_OUTER_BOUND('',#1054,.T.);
#761=FACE_OUTER_BOUND('',#1055,.T.);
#762=FACE_OUTER_BOUND('',#1056,.T.);
#763=FACE_OUTER_BOUND('',#1057,.T.);
#764=FACE_OUTER_BOUND('',#1058,.T.);
#765=FACE_OUTER_BOUND('',#1059,.T.);
#766=FACE_OUTER_BOUND('',#1060,.T.);
#767=FACE_OUTER_BOUND('',#1061,.T.);
#768=FACE_OUTER_BOUND('',#1062,.T.);
#769=FACE_OUTER_BOUND('',#1063,.T.);
#770=FACE_OUTER_BOUND('',#1064,.T.);
#771=FACE_OUTER_BOUND('',#1065,.T.);
#772=FACE_OUTER_BOUND('',#1066,.T.);
#773=FACE_OUTER_BOUND('',#1067,.T.);
#774=FACE_OUTER_BOUND('',#1068,.T.);
#775=FACE_OUTER_BOUND('',#1069,.T.);
#776=FACE_OUTER_BOUND('',#1070,.T.);
#777=FACE_OUTER_BOUND('',#1071,.T.);
#778=FACE_OUTER_BOUND('',#1072,.T.);
#779=FACE_OUTER_BOUND('',#1073,.T.);
#780=FACE_OUTER_BOUND('',#1074,.T.);
#781=FACE_OUTER_BOUND('',#1075,.T.);
#782=FACE_OUTER_BOUND('',#1076,.T.);
#783=FACE_OUTER_BOUND('',#1077,.T.);
#784=FACE_OUTER_BOUND('',#1078,.T.);
#785=FACE_OUTER_BOUND('',#1079,.T.);
#786=FACE_OUTER_BOUND('',#1080,.T.);
#787=FACE_OUTER_BOUND('',#1081,.T.);
#788=FACE_OUTER_BOUND('',#1082,.T.);
#789=FACE_OUTER_BOUND('',#1083,.T.);
#790=FACE_OUTER_BOUND('',#1084,.T.);
#791=FACE_OUTER_BOUND('',#1085,.T.);
#792=FACE_OUTER_BOUND('',#1086,.T.);
#793=FACE_OUTER_BOUND('',#1087,.T.);
#794=FACE_OUTER_BOUND('',#1088,.T.);
#795=FACE_OUTER_BOUND('',#1089,.T.);
#796=EDGE_LOOP('',(#3205,#3206,#3207,#3208));
#797=EDGE_LOOP('',(#3209,#3210,#3211,#3212));
#798=EDGE_LOOP('',(#3213,#3214,#3215,#3216));
#799=EDGE_LOOP('',(#3217,#3218,#3219,#3220));
#800=EDGE_LOOP('',(#3221,#3222,#3223,#3224));
#801=EDGE_LOOP('',(#3225,#3226,#3227,#3228));
#802=EDGE_LOOP('',(#3229,#3230,#3231,#3232));
#803=EDGE_LOOP('',(#3233,#3234,#3235,#3236));
#804=EDGE_LOOP('',(#3237,#3238,#3239,#3240));
#805=EDGE_LOOP('',(#3241,#3242,#3243,#3244));
#806=EDGE_LOOP('',(#3245,#3246,#3247,#3248));
#807=EDGE_LOOP('',(#3249,#3250,#3251,#3252));
#808=EDGE_LOOP('',(#3253,#3254,#3255,#3256));
#809=EDGE_LOOP('',(#3257,#3258,#3259,#3260,#3261,#3262,#3263,#3264));
#810=EDGE_LOOP('',(#3265,#3266,#3267,#3268));
#811=EDGE_LOOP('',(#3269,#3270,#3271,#3272));
#812=EDGE_LOOP('',(#3273,#3274,#3275,#3276));
#813=EDGE_LOOP('',(#3277,#3278,#3279,#3280));
#814=EDGE_LOOP('',(#3281,#3282,#3283,#3284));
#815=EDGE_LOOP('',(#3285,#3286,#3287,#3288));
#816=EDGE_LOOP('',(#3289,#3290,#3291,#3292));
#817=EDGE_LOOP('',(#3293,#3294,#3295,#3296));
#818=EDGE_LOOP('',(#3297,#3298,#3299,#3300));
#819=EDGE_LOOP('',(#3301,#3302,#3303,#3304));
#820=EDGE_LOOP('',(#3305,#3306,#3307,#3308));
#821=EDGE_LOOP('',(#3309,#3310,#3311,#3312));
#822=EDGE_LOOP('',(#3313,#3314,#3315,#3316));
#823=EDGE_LOOP('',(#3317,#3318,#3319,#3320));
#824=EDGE_LOOP('',(#3321,#3322,#3323,#3324));
#825=EDGE_LOOP('',(#3325,#3326,#3327,#3328));
#826=EDGE_LOOP('',(#3329,#3330,#3331,#3332));
#827=EDGE_LOOP('',(#3333,#3334,#3335,#3336));
#828=EDGE_LOOP('',(#3337,#3338,#3339,#3340));
#829=EDGE_LOOP('',(#3341,#3342,#3343,#3344));
#830=EDGE_LOOP('',(#3345,#3346,#3347,#3348,#3349));
#831=EDGE_LOOP('',(#3350,#3351,#3352,#3353));
#832=EDGE_LOOP('',(#3354,#3355,#3356,#3357));
#833=EDGE_LOOP('',(#3358,#3359,#3360,#3361));
#834=EDGE_LOOP('',(#3362,#3363,#3364,#3365));
#835=EDGE_LOOP('',(#3366,#3367,#3368,#3369));
#836=EDGE_LOOP('',(#3370,#3371,#3372,#3373));
#837=EDGE_LOOP('',(#3374,#3375,#3376,#3377));
#838=EDGE_LOOP('',(#3378));
#839=EDGE_LOOP('',(#3379));
#840=EDGE_LOOP('',(#3380));
#841=EDGE_LOOP('',(#3381));
#842=EDGE_LOOP('',(#3382,#3383,#3384,#3385));
#843=EDGE_LOOP('',(#3386,#3387,#3388,#3389));
#844=EDGE_LOOP('',(#3390,#3391,#3392,#3393));
#845=EDGE_LOOP('',(#3394,#3395,#3396,#3397));
#846=EDGE_LOOP('',(#3398,#3399,#3400,#3401));
#847=EDGE_LOOP('',(#3402,#3403,#3404,#3405));
#848=EDGE_LOOP('',(#3406,#3407,#3408,#3409));
#849=EDGE_LOOP('',(#3410,#3411,#3412,#3413));
#850=EDGE_LOOP('',(#3414,#3415,#3416,#3417));
#851=EDGE_LOOP('',(#3418,#3419,#3420,#3421));
#852=EDGE_LOOP('',(#3422,#3423,#3424,#3425));
#853=EDGE_LOOP('',(#3426,#3427,#3428,#3429));
#854=EDGE_LOOP('',(#3430,#3431,#3432,#3433));
#855=EDGE_LOOP('',(#3434,#3435,#3436,#3437));
#856=EDGE_LOOP('',(#3438,#3439,#3440,#3441));
#857=EDGE_LOOP('',(#3442,#3443,#3444,#3445));
#858=EDGE_LOOP('',(#3446,#3447,#3448,#3449));
#859=EDGE_LOOP('',(#3450,#3451,#3452,#3453));
#860=EDGE_LOOP('',(#3454,#3455,#3456,#3457));
#861=EDGE_LOOP('',(#3458,#3459,#3460,#3461));
#862=EDGE_LOOP('',(#3462,#3463,#3464,#3465));
#863=EDGE_LOOP('',(#3466,#3467,#3468,#3469));
#864=EDGE_LOOP('',(#3470,#3471,#3472,#3473));
#865=EDGE_LOOP('',(#3474,#3475,#3476,#3477));
#866=EDGE_LOOP('',(#3478,#3479,#3480,#3481));
#867=EDGE_LOOP('',(#3482,#3483,#3484,#3485));
#868=EDGE_LOOP('',(#3486,#3487,#3488,#3489));
#869=EDGE_LOOP('',(#3490,#3491,#3492,#3493));
#870=EDGE_LOOP('',(#3494,#3495,#3496,#3497));
#871=EDGE_LOOP('',(#3498,#3499,#3500,#3501));
#872=EDGE_LOOP('',(#3502,#3503,#3504,#3505));
#873=EDGE_LOOP('',(#3506,#3507,#3508,#3509));
#874=EDGE_LOOP('',(#3510,#3511,#3512,#3513));
#875=EDGE_LOOP('',(#3514,#3515,#3516,#3517));
#876=EDGE_LOOP('',(#3518,#3519,#3520,#3521));
#877=EDGE_LOOP('',(#3522,#3523,#3524,#3525));
#878=EDGE_LOOP('',(#3526,#3527,#3528,#3529));
#879=EDGE_LOOP('',(#3530,#3531,#3532,#3533));
#880=EDGE_LOOP('',(#3534,#3535,#3536,#3537));
#881=EDGE_LOOP('',(#3538,#3539,#3540,#3541));
#882=EDGE_LOOP('',(#3542,#3543,#3544,#3545));
#883=EDGE_LOOP('',(#3546,#3547,#3548,#3549));
#884=EDGE_LOOP('',(#3550,#3551,#3552,#3553));
#885=EDGE_LOOP('',(#3554,#3555,#3556,#3557));
#886=EDGE_LOOP('',(#3558,#3559,#3560,#3561));
#887=EDGE_LOOP('',(#3562,#3563,#3564,#3565));
#888=EDGE_LOOP('',(#3566,#3567,#3568,#3569));
#889=EDGE_LOOP('',(#3570,#3571,#3572,#3573));
#890=EDGE_LOOP('',(#3574,#3575,#3576,#3577));
#891=EDGE_LOOP('',(#3578,#3579,#3580,#3581));
#892=EDGE_LOOP('',(#3582,#3583,#3584,#3585));
#893=EDGE_LOOP('',(#3586,#3587,#3588,#3589));
#894=EDGE_LOOP('',(#3590,#3591,#3592,#3593,#3594,#3595,#3596,#3597,#3598,
#3599,#3600,#3601,#3602,#3603,#3604,#3605,#3606,#3607,#3608,#3609));
#895=EDGE_LOOP('',(#3610,#3611,#3612,#3613,#3614,#3615,#3616,#3617,#3618,
#3619,#3620,#3621,#3622,#3623,#3624,#3625,#3626,#3627,#3628,#3629,#3630,
#3631,#3632,#3633,#3634,#3635,#3636,#3637,#3638,#3639,#3640,#3641));
#896=EDGE_LOOP('',(#3642));
#897=EDGE_LOOP('',(#3643,#3644,#3645,#3646,#3647,#3648,#3649,#3650,#3651,
#3652,#3653,#3654,#3655,#3656,#3657,#3658,#3659,#3660,#3661,#3662));
#898=EDGE_LOOP('',(#3663,#3664,#3665,#3666));
#899=EDGE_LOOP('',(#3667,#3668,#3669,#3670,#3671));
#900=EDGE_LOOP('',(#3672,#3673,#3674,#3675));
#901=EDGE_LOOP('',(#3676,#3677,#3678,#3679));
#902=EDGE_LOOP('',(#3680,#3681,#3682,#3683));
#903=EDGE_LOOP('',(#3684,#3685,#3686,#3687,#3688,#3689,#3690,#3691));
#904=EDGE_LOOP('',(#3692,#3693,#3694,#3695));
#905=EDGE_LOOP('',(#3696,#3697,#3698,#3699));
#906=EDGE_LOOP('',(#3700,#3701,#3702,#3703));
#907=EDGE_LOOP('',(#3704));
#908=EDGE_LOOP('',(#3705));
#909=EDGE_LOOP('',(#3706));
#910=EDGE_LOOP('',(#3707));
#911=EDGE_LOOP('',(#3708,#3709,#3710,#3711));
#912=EDGE_LOOP('',(#3712,#3713,#3714,#3715));
#913=EDGE_LOOP('',(#3716,#3717,#3718,#3719));
#914=EDGE_LOOP('',(#3720,#3721,#3722,#3723));
#915=EDGE_LOOP('',(#3724,#3725,#3726,#3727));
#916=EDGE_LOOP('',(#3728,#3729,#3730,#3731));
#917=EDGE_LOOP('',(#3732,#3733,#3734,#3735));
#918=EDGE_LOOP('',(#3736,#3737,#3738,#3739));
#919=EDGE_LOOP('',(#3740,#3741,#3742,#3743));
#920=EDGE_LOOP('',(#3744,#3745,#3746,#3747,#3748));
#921=EDGE_LOOP('',(#3749,#3750,#3751,#3752));
#922=EDGE_LOOP('',(#3753,#3754,#3755,#3756,#3757));
#923=EDGE_LOOP('',(#3758,#3759,#3760,#3761));
#924=EDGE_LOOP('',(#3762,#3763,#3764,#3765,#3766));
#925=EDGE_LOOP('',(#3767,#3768,#3769,#3770));
#926=EDGE_LOOP('',(#3771,#3772,#3773,#3774,#3775));
#927=EDGE_LOOP('',(#3776,#3777,#3778,#3779));
#928=EDGE_LOOP('',(#3780,#3781,#3782,#3783,#3784));
#929=EDGE_LOOP('',(#3785,#3786,#3787,#3788));
#930=EDGE_LOOP('',(#3789,#3790,#3791,#3792,#3793));
#931=EDGE_LOOP('',(#3794,#3795,#3796,#3797));
#932=EDGE_LOOP('',(#3798,#3799,#3800,#3801,#3802));
#933=EDGE_LOOP('',(#3803,#3804,#3805,#3806));
#934=EDGE_LOOP('',(#3807,#3808,#3809,#3810,#3811));
#935=EDGE_LOOP('',(#3812,#3813,#3814,#3815,#3816,#3817));
#936=EDGE_LOOP('',(#3818,#3819,#3820,#3821));
#937=EDGE_LOOP('',(#3822,#3823,#3824,#3825));
#938=EDGE_LOOP('',(#3826,#3827,#3828,#3829));
#939=EDGE_LOOP('',(#3830,#3831,#3832,#3833,#3834,#3835));
#940=EDGE_LOOP('',(#3836,#3837,#3838,#3839,#3840,#3841,#3842,#3843,#3844,
#3845,#3846,#3847,#3848,#3849,#3850,#3851));
#941=EDGE_LOOP('',(#3852,#3853,#3854,#3855));
#942=EDGE_LOOP('',(#3856,#3857,#3858,#3859,#3860,#3861));
#943=EDGE_LOOP('',(#3862,#3863,#3864,#3865));
#944=EDGE_LOOP('',(#3866,#3867,#3868,#3869));
#945=EDGE_LOOP('',(#3870,#3871,#3872,#3873,#3874,#3875));
#946=EDGE_LOOP('',(#3876,#3877,#3878,#3879));
#947=EDGE_LOOP('',(#3880,#3881,#3882,#3883));
#948=EDGE_LOOP('',(#3884,#3885,#3886,#3887,#3888,#3889,#3890,#3891,#3892,
#3893,#3894,#3895,#3896,#3897,#3898,#3899));
#949=EDGE_LOOP('',(#3900,#3901,#3902,#3903,#3904,#3905));
#950=EDGE_LOOP('',(#3906,#3907,#3908,#3909));
#951=EDGE_LOOP('',(#3910,#3911,#3912,#3913));
#952=EDGE_LOOP('',(#3914,#3915,#3916,#3917));
#953=EDGE_LOOP('',(#3918,#3919,#3920,#3921,#3922,#3923));
#954=EDGE_LOOP('',(#3924,#3925,#3926,#3927));
#955=EDGE_LOOP('',(#3928,#3929,#3930,#3931));
#956=EDGE_LOOP('',(#3932,#3933,#3934,#3935,#3936,#3937));
#957=EDGE_LOOP('',(#3938,#3939,#3940,#3941,#3942,#3943,#3944,#3945,#3946,
#3947,#3948,#3949,#3950,#3951,#3952,#3953));
#958=EDGE_LOOP('',(#3954,#3955,#3956,#3957));
#959=EDGE_LOOP('',(#3958,#3959,#3960,#3961,#3962,#3963));
#960=EDGE_LOOP('',(#3964,#3965,#3966,#3967));
#961=EDGE_LOOP('',(#3968,#3969,#3970,#3971));
#962=EDGE_LOOP('',(#3972,#3973,#3974,#3975));
#963=EDGE_LOOP('',(#3976,#3977,#3978,#3979,#3980,#3981,#3982,#3983,#3984,
#3985,#3986,#3987,#3988,#3989,#3990,#3991,#3992,#3993,#3994));
#964=EDGE_LOOP('',(#3995,#3996,#3997,#3998,#3999,#4000,#4001,#4002,#4003,
#4004,#4005,#4006,#4007,#4008,#4009,#4010,#4011,#4012,#4013));
#965=EDGE_LOOP('',(#4014,#4015,#4016,#4017,#4018,#4019,#4020,#4021,#4022,
#4023,#4024,#4025,#4026,#4027,#4028,#4029,#4030,#4031,#4032));
#966=EDGE_LOOP('',(#4033,#4034,#4035,#4036,#4037,#4038,#4039,#4040,#4041,
#4042,#4043,#4044,#4045,#4046,#4047,#4048,#4049,#4050,#4051));
#967=EDGE_LOOP('',(#4052,#4053,#4054,#4055,#4056,#4057,#4058,#4059,#4060,
#4061,#4062,#4063,#4064,#4065,#4066,#4067,#4068,#4069,#4070));
#968=EDGE_LOOP('',(#4071,#4072,#4073,#4074,#4075,#4076,#4077,#4078,#4079,
#4080,#4081,#4082,#4083,#4084,#4085,#4086,#4087,#4088,#4089));
#969=EDGE_LOOP('',(#4090,#4091,#4092,#4093));
#970=EDGE_LOOP('',(#4094,#4095,#4096,#4097));
#971=EDGE_LOOP('',(#4098,#4099,#4100,#4101));
#972=EDGE_LOOP('',(#4102,#4103,#4104,#4105));
#973=EDGE_LOOP('',(#4106,#4107,#4108,#4109));
#974=EDGE_LOOP('',(#4110,#4111,#4112,#4113));
#975=EDGE_LOOP('',(#4114,#4115,#4116,#4117));
#976=EDGE_LOOP('',(#4118,#4119,#4120,#4121));
#977=EDGE_LOOP('',(#4122,#4123,#4124,#4125));
#978=EDGE_LOOP('',(#4126,#4127,#4128,#4129));
#979=EDGE_LOOP('',(#4130,#4131,#4132,#4133));
#980=EDGE_LOOP('',(#4134,#4135,#4136,#4137));
#981=EDGE_LOOP('',(#4138,#4139,#4140,#4141));
#982=EDGE_LOOP('',(#4142,#4143,#4144,#4145));
#983=EDGE_LOOP('',(#4146,#4147,#4148,#4149));
#984=EDGE_LOOP('',(#4150,#4151,#4152,#4153));
#985=EDGE_LOOP('',(#4154,#4155,#4156,#4157));
#986=EDGE_LOOP('',(#4158,#4159,#4160,#4161));
#987=EDGE_LOOP('',(#4162,#4163,#4164,#4165));
#988=EDGE_LOOP('',(#4166,#4167,#4168,#4169));
#989=EDGE_LOOP('',(#4170,#4171,#4172,#4173));
#990=EDGE_LOOP('',(#4174,#4175,#4176,#4177));
#991=EDGE_LOOP('',(#4178,#4179,#4180,#4181));
#992=EDGE_LOOP('',(#4182,#4183,#4184,#4185));
#993=EDGE_LOOP('',(#4186,#4187,#4188,#4189));
#994=EDGE_LOOP('',(#4190,#4191,#4192,#4193));
#995=EDGE_LOOP('',(#4194,#4195,#4196,#4197));
#996=EDGE_LOOP('',(#4198,#4199,#4200,#4201));
#997=EDGE_LOOP('',(#4202,#4203,#4204,#4205));
#998=EDGE_LOOP('',(#4206,#4207,#4208,#4209));
#999=EDGE_LOOP('',(#4210,#4211,#4212,#4213));
#1000=EDGE_LOOP('',(#4214,#4215,#4216,#4217));
#1001=EDGE_LOOP('',(#4218,#4219,#4220,#4221));
#1002=EDGE_LOOP('',(#4222,#4223,#4224,#4225));
#1003=EDGE_LOOP('',(#4226,#4227,#4228,#4229));
#1004=EDGE_LOOP('',(#4230,#4231,#4232,#4233));
#1005=EDGE_LOOP('',(#4234,#4235,#4236,#4237));
#1006=EDGE_LOOP('',(#4238,#4239,#4240,#4241));
#1007=EDGE_LOOP('',(#4242));
#1008=EDGE_LOOP('',(#4243,#4244,#4245,#4246));
#1009=EDGE_LOOP('',(#4247,#4248,#4249,#4250));
#1010=EDGE_LOOP('',(#4251,#4252,#4253,#4254));
#1011=EDGE_LOOP('',(#4255,#4256,#4257,#4258));
#1012=EDGE_LOOP('',(#4259,#4260,#4261,#4262));
#1013=EDGE_LOOP('',(#4263,#4264,#4265,#4266));
#1014=EDGE_LOOP('',(#4267,#4268,#4269,#4270));
#1015=EDGE_LOOP('',(#4271,#4272,#4273,#4274));
#1016=EDGE_LOOP('',(#4275,#4276,#4277,#4278));
#1017=EDGE_LOOP('',(#4279,#4280,#4281,#4282));
#1018=EDGE_LOOP('',(#4283,#4284,#4285,#4286));
#1019=EDGE_LOOP('',(#4287,#4288,#4289,#4290));
#1020=EDGE_LOOP('',(#4291,#4292,#4293,#4294));
#1021=EDGE_LOOP('',(#4295,#4296,#4297,#4298));
#1022=EDGE_LOOP('',(#4299,#4300,#4301,#4302));
#1023=EDGE_LOOP('',(#4303,#4304,#4305,#4306));
#1024=EDGE_LOOP('',(#4307,#4308,#4309,#4310));
#1025=EDGE_LOOP('',(#4311,#4312,#4313,#4314));
#1026=EDGE_LOOP('',(#4315,#4316,#4317,#4318));
#1027=EDGE_LOOP('',(#4319,#4320,#4321,#4322));
#1028=EDGE_LOOP('',(#4323,#4324,#4325,#4326));
#1029=EDGE_LOOP('',(#4327,#4328,#4329,#4330));
#1030=EDGE_LOOP('',(#4331,#4332,#4333,#4334,#4335,#4336,#4337,#4338,#4339,
#4340,#4341,#4342,#4343,#4344,#4345,#4346,#4347,#4348,#4349));
#1031=EDGE_LOOP('',(#4350,#4351,#4352,#4353,#4354,#4355,#4356,#4357,#4358,
#4359,#4360,#4361,#4362,#4363,#4364,#4365,#4366,#4367,#4368));
#1032=EDGE_LOOP('',(#4369,#4370,#4371,#4372));
#1033=EDGE_LOOP('',(#4373,#4374,#4375,#4376));
#1034=EDGE_LOOP('',(#4377,#4378,#4379,#4380));
#1035=EDGE_LOOP('',(#4381,#4382,#4383,#4384));
#1036=EDGE_LOOP('',(#4385,#4386,#4387,#4388));
#1037=EDGE_LOOP('',(#4389,#4390,#4391,#4392));
#1038=EDGE_LOOP('',(#4393,#4394,#4395,#4396));
#1039=EDGE_LOOP('',(#4397,#4398,#4399,#4400));
#1040=EDGE_LOOP('',(#4401,#4402,#4403,#4404));
#1041=EDGE_LOOP('',(#4405,#4406,#4407,#4408));
#1042=EDGE_LOOP('',(#4409,#4410,#4411,#4412));
#1043=EDGE_LOOP('',(#4413,#4414,#4415,#4416));
#1044=EDGE_LOOP('',(#4417,#4418,#4419,#4420));
#1045=EDGE_LOOP('',(#4421,#4422,#4423,#4424));
#1046=EDGE_LOOP('',(#4425,#4426,#4427,#4428,#4429,#4430,#4431,#4432,#4433,
#4434,#4435,#4436,#4437,#4438,#4439,#4440));
#1047=EDGE_LOOP('',(#4441,#4442,#4443,#4444,#4445,#4446,#4447,#4448,#4449,
#4450,#4451,#4452,#4453,#4454,#4455,#4456));
#1048=EDGE_LOOP('',(#4457,#4458,#4459,#4460,#4461,#4462,#4463,#4464,#4465,
#4466,#4467,#4468,#4469,#4470,#4471,#4472));
#1049=EDGE_LOOP('',(#4473,#4474,#4475,#4476,#4477,#4478,#4479,#4480,#4481,
#4482,#4483,#4484,#4485,#4486,#4487,#4488));
#1050=EDGE_LOOP('',(#4489,#4490,#4491,#4492));
#1051=EDGE_LOOP('',(#4493,#4494,#4495,#4496));
#1052=EDGE_LOOP('',(#4497,#4498,#4499,#4500));
#1053=EDGE_LOOP('',(#4501,#4502,#4503,#4504));
#1054=EDGE_LOOP('',(#4505,#4506,#4507,#4508));
#1055=EDGE_LOOP('',(#4509,#4510,#4511,#4512));
#1056=EDGE_LOOP('',(#4513,#4514,#4515,#4516));
#1057=EDGE_LOOP('',(#4517,#4518,#4519,#4520));
#1058=EDGE_LOOP('',(#4521,#4522,#4523,#4524));
#1059=EDGE_LOOP('',(#4525,#4526,#4527,#4528));
#1060=EDGE_LOOP('',(#4529,#4530,#4531,#4532));
#1061=EDGE_LOOP('',(#4533,#4534,#4535,#4536));
#1062=EDGE_LOOP('',(#4537,#4538,#4539,#4540));
#1063=EDGE_LOOP('',(#4541,#4542,#4543,#4544));
#1064=EDGE_LOOP('',(#4545,#4546,#4547,#4548));
#1065=EDGE_LOOP('',(#4549,#4550,#4551,#4552));
#1066=EDGE_LOOP('',(#4553,#4554,#4555,#4556));
#1067=EDGE_LOOP('',(#4557,#4558,#4559,#4560));
#1068=EDGE_LOOP('',(#4561,#4562,#4563,#4564));
#1069=EDGE_LOOP('',(#4565,#4566,#4567,#4568));
#1070=EDGE_LOOP('',(#4569,#4570,#4571,#4572));
#1071=EDGE_LOOP('',(#4573,#4574,#4575,#4576));
#1072=EDGE_LOOP('',(#4577,#4578,#4579,#4580));
#1073=EDGE_LOOP('',(#4581,#4582,#4583,#4584));
#1074=EDGE_LOOP('',(#4585,#4586,#4587,#4588));
#1075=EDGE_LOOP('',(#4589,#4590,#4591,#4592));
#1076=EDGE_LOOP('',(#4593,#4594,#4595,#4596));
#1077=EDGE_LOOP('',(#4597,#4598,#4599,#4600));
#1078=EDGE_LOOP('',(#4601,#4602,#4603,#4604));
#1079=EDGE_LOOP('',(#4605,#4606,#4607,#4608));
#1080=EDGE_LOOP('',(#4609,#4610,#4611,#4612));
#1081=EDGE_LOOP('',(#4613,#4614,#4615,#4616));
#1082=EDGE_LOOP('',(#4617,#4618,#4619,#4620));
#1083=EDGE_LOOP('',(#4621,#4622,#4623,#4624));
#1084=EDGE_LOOP('',(#4625,#4626,#4627,#4628));
#1085=EDGE_LOOP('',(#4629,#4630,#4631,#4632));
#1086=EDGE_LOOP('',(#4633,#4634,#4635,#4636));
#1087=EDGE_LOOP('',(#4637,#4638,#4639,#4640));
#1088=EDGE_LOOP('',(#4641,#4642,#4643,#4644,#4645,#4646,#4647,#4648,#4649,
#4650,#4651,#4652,#4653,#4654,#4655,#4656));
#1089=EDGE_LOOP('',(#4657,#4658,#4659,#4660,#4661,#4662,#4663,#4664,#4665,
#4666,#4667,#4668,#4669,#4670,#4671,#4672,#4673,#4674,#4675,#4676,#4677,
#4678,#4679,#4680,#4681,#4682,#4683,#4684,#4685,#4686,#4687,#4688));
#1090=LINE('',#6677,#1478);
#1091=LINE('',#6683,#1479);
#1092=LINE('',#6689,#1480);
#1093=LINE('',#6708,#1481);
#1094=LINE('',#6716,#1482);
#1095=LINE('',#6718,#1483);
#1096=LINE('',#6724,#1484);
#1097=LINE('',#6755,#1485);
#1098=LINE('',#6758,#1486);
#1099=LINE('',#6760,#1487);
#1100=LINE('',#6761,#1488);
#1101=LINE('',#6780,#1489);
#1102=LINE('',#6783,#1490);
#1103=LINE('',#6789,#1491);
#1104=LINE('',#6792,#1492);
#1105=LINE('',#6794,#1493);
#1106=LINE('',#6795,#1494);
#1107=LINE('',#6801,#1495);
#1108=LINE('',#6803,#1496);
#1109=LINE('',#6804,#1497);
#1110=LINE('',#6811,#1498);
#1111=LINE('',#6814,#1499);
#1112=LINE('',#6833,#1500);
#1113=LINE('',#6839,#1501);
#1114=LINE('',#6862,#1502);
#1115=LINE('',#6865,#1503);
#1116=LINE('',#6884,#1504);
#1117=LINE('',#6890,#1505);
#1118=LINE('',#6923,#1506);
#1119=LINE('',#6929,#1507);
#1120=LINE('',#6935,#1508);
#1121=LINE('',#6972,#1509);
#1122=LINE('',#6982,#1510);
#1123=LINE('',#6985,#1511);
#1124=LINE('',#7004,#1512);
#1125=LINE('',#7010,#1513);
#1126=LINE('',#7041,#1514);
#1127=LINE('',#7086,#1515);
#1128=LINE('',#7092,#1516);
#1129=LINE('',#7098,#1517);
#1130=LINE('',#7117,#1518);
#1131=LINE('',#7126,#1519);
#1132=LINE('',#7132,#1520);
#1133=LINE('',#7153,#1521);
#1134=LINE('',#7159,#1522);
#1135=LINE('',#7178,#1523);
#1136=LINE('',#7197,#1524);
#1137=LINE('',#7216,#1525);
#1138=LINE('',#7235,#1526);
#1139=LINE('',#7254,#1527);
#1140=LINE('',#7273,#1528);
#1141=LINE('',#7292,#1529);
#1142=LINE('',#7311,#1530);
#1143=LINE('',#7330,#1531);
#1144=LINE('',#7349,#1532);
#1145=LINE('',#7368,#1533);
#1146=LINE('',#7383,#1534);
#1147=LINE('',#7386,#1535);
#1148=LINE('',#7388,#1536);
#1149=LINE('',#7389,#1537);
#1150=LINE('',#7404,#1538);
#1151=LINE('',#7423,#1539);
#1152=LINE('',#7426,#1540);
#1153=LINE('',#7428,#1541);
#1154=LINE('',#7429,#1542);
#1155=LINE('',#7448,#1543);
#1156=LINE('',#7467,#1544);
#1157=LINE('',#7486,#1545);
#1158=LINE('',#7505,#1546);
#1159=LINE('',#7508,#1547);
#1160=LINE('',#7514,#1548);
#1161=LINE('',#7533,#1549);
#1162=LINE('',#7552,#1550);
#1163=LINE('',#7571,#1551);
#1164=LINE('',#7590,#1552);
#1165=LINE('',#7593,#1553);
#1166=LINE('',#7595,#1554);
#1167=LINE('',#7596,#1555);
#1168=LINE('',#7615,#1556);
#1169=LINE('',#7630,#1557);
#1170=LINE('',#7633,#1558);
#1171=LINE('',#7635,#1559);
#1172=LINE('',#7636,#1560);
#1173=LINE('',#7651,#1561);
#1174=LINE('',#7653,#1562);
#1175=LINE('',#7654,#1563);
#1176=LINE('',#7688,#1564);
#1177=LINE('',#7700,#1565);
#1178=LINE('',#7743,#1566);
#1179=LINE('',#7798,#1567);
#1180=LINE('',#7841,#1568);
#1181=LINE('',#7860,#1569);
#1182=LINE('',#7891,#1570);
#1183=LINE('',#7922,#1571);
#1184=LINE('',#7953,#1572);
#1185=LINE('',#7984,#1573);
#1186=LINE('',#7987,#1574);
#1187=LINE('',#7989,#1575);
#1188=LINE('',#7990,#1576);
#1189=LINE('',#8021,#1577);
#1190=LINE('',#8024,#1578);
#1191=LINE('',#8026,#1579);
#1192=LINE('',#8027,#1580);
#1193=LINE('',#8058,#1581);
#1194=LINE('',#8077,#1582);
#1195=LINE('',#8120,#1583);
#1196=LINE('',#8123,#1584);
#1197=LINE('',#8129,#1585);
#1198=LINE('',#8172,#1586);
#1199=LINE('',#8191,#1587);
#1200=LINE('',#8222,#1588);
#1201=LINE('',#8224,#1589);
#1202=LINE('',#8225,#1590);
#1203=LINE('',#8231,#1591);
#1204=LINE('',#8236,#1592);
#1205=LINE('',#8245,#1593);
#1206=LINE('',#8251,#1594);
#1207=LINE('',#8254,#1595);
#1208=LINE('',#8260,#1596);
#1209=LINE('',#8263,#1597);
#1210=LINE('',#8269,#1598);
#1211=LINE('',#8272,#1599);
#1212=LINE('',#8278,#1600);
#1213=LINE('',#8281,#1601);
#1214=LINE('',#8287,#1602);
#1215=LINE('',#8290,#1603);
#1216=LINE('',#8296,#1604);
#1217=LINE('',#8299,#1605);
#1218=LINE('',#8305,#1606);
#1219=LINE('',#8308,#1607);
#1220=LINE('',#8320,#1608);
#1221=LINE('',#8334,#1609);
#1222=LINE('',#8346,#1610);
#1223=LINE('',#8360,#1611);
#1224=LINE('',#8372,#1612);
#1225=LINE('',#8386,#1613);
#1226=LINE('',#8398,#1614);
#1227=LINE('',#8412,#1615);
#1228=LINE('',#8424,#1616);
#1229=LINE('',#8438,#1617);
#1230=LINE('',#8450,#1618);
#1231=LINE('',#8464,#1619);
#1232=LINE('',#8476,#1620);
#1233=LINE('',#8490,#1621);
#1234=LINE('',#8502,#1622);
#1235=LINE('',#8516,#1623);
#1236=LINE('',#8519,#1624);
#1237=LINE('',#8543,#1625);
#1238=LINE('',#8548,#1626);
#1239=LINE('',#8553,#1627);
#1240=LINE('',#8557,#1628);
#1241=LINE('',#8560,#1629);
#1242=LINE('',#8584,#1630);
#1243=LINE('',#8587,#1631);
#1244=LINE('',#8589,#1632);
#1245=LINE('',#8591,#1633);
#1246=LINE('',#8593,#1634);
#1247=LINE('',#8595,#1635);
#1248=LINE('',#8597,#1636);
#1249=LINE('',#8599,#1637);
#1250=LINE('',#8601,#1638);
#1251=LINE('',#8603,#1639);
#1252=LINE('',#8605,#1640);
#1253=LINE('',#8606,#1641);
#1254=LINE('',#8607,#1642);
#1255=LINE('',#8612,#1643);
#1256=LINE('',#8616,#1644);
#1257=LINE('',#8640,#1645);
#1258=LINE('',#8645,#1646);
#1259=LINE('',#8648,#1647);
#1260=LINE('',#8651,#1648);
#1261=LINE('',#8675,#1649);
#1262=LINE('',#8680,#1650);
#1263=LINE('',#8685,#1651);
#1264=LINE('',#8687,#1652);
#1265=LINE('',#8689,#1653);
#1266=LINE('',#8691,#1654);
#1267=LINE('',#8693,#1655);
#1268=LINE('',#8695,#1656);
#1269=LINE('',#8697,#1657);
#1270=LINE('',#8699,#1658);
#1271=LINE('',#8701,#1659);
#1272=LINE('',#8703,#1660);
#1273=LINE('',#8705,#1661);
#1274=LINE('',#8707,#1662);
#1275=LINE('',#8708,#1663);
#1276=LINE('',#8711,#1664);
#1277=LINE('',#8735,#1665);
#1278=LINE('',#8740,#1666);
#1279=LINE('',#8745,#1667);
#1280=LINE('',#8749,#1668);
#1281=LINE('',#8752,#1669);
#1282=LINE('',#8776,#1670);
#1283=LINE('',#8781,#1671);
#1284=LINE('',#8784,#1672);
#1285=LINE('',#8787,#1673);
#1286=LINE('',#8811,#1674);
#1287=LINE('',#8814,#1675);
#1288=LINE('',#8816,#1676);
#1289=LINE('',#8818,#1677);
#1290=LINE('',#8820,#1678);
#1291=LINE('',#8822,#1679);
#1292=LINE('',#8824,#1680);
#1293=LINE('',#8826,#1681);
#1294=LINE('',#8828,#1682);
#1295=LINE('',#8830,#1683);
#1296=LINE('',#8832,#1684);
#1297=LINE('',#8833,#1685);
#1298=LINE('',#8834,#1686);
#1299=LINE('',#8839,#1687);
#1300=LINE('',#8843,#1688);
#1301=LINE('',#8867,#1689);
#1302=LINE('',#8872,#1690);
#1303=LINE('',#8877,#1691);
#1304=LINE('',#8881,#1692);
#1305=LINE('',#8883,#1693);
#1306=LINE('',#8884,#1694);
#1307=LINE('',#8886,#1695);
#1308=LINE('',#8888,#1696);
#1309=LINE('',#8890,#1697);
#1310=LINE('',#8892,#1698);
#1311=LINE('',#8894,#1699);
#1312=LINE('',#8896,#1700);
#1313=LINE('',#8898,#1701);
#1314=LINE('',#8900,#1702);
#1315=LINE('',#8902,#1703);
#1316=LINE('',#8904,#1704);
#1317=LINE('',#8905,#1705);
#1318=LINE('',#8907,#1706);
#1319=LINE('',#8908,#1707);
#1320=LINE('',#8910,#1708);
#1321=LINE('',#8912,#1709);
#1322=LINE('',#8914,#1710);
#1323=LINE('',#8916,#1711);
#1324=LINE('',#8918,#1712);
#1325=LINE('',#8920,#1713);
#1326=LINE('',#8922,#1714);
#1327=LINE('',#8924,#1715);
#1328=LINE('',#8926,#1716);
#1329=LINE('',#8928,#1717);
#1330=LINE('',#8929,#1718);
#1331=LINE('',#8931,#1719);
#1332=LINE('',#8933,#1720);
#1333=LINE('',#8935,#1721);
#1334=LINE('',#8937,#1722);
#1335=LINE('',#8939,#1723);
#1336=LINE('',#8941,#1724);
#1337=LINE('',#8943,#1725);
#1338=LINE('',#8945,#1726);
#1339=LINE('',#8947,#1727);
#1340=LINE('',#8949,#1728);
#1341=LINE('',#8951,#1729);
#1342=LINE('',#8953,#1730);
#1343=LINE('',#8955,#1731);
#1344=LINE('',#8956,#1732);
#1345=LINE('',#8959,#1733);
#1346=LINE('',#8961,#1734);
#1347=LINE('',#8963,#1735);
#1348=LINE('',#8965,#1736);
#1349=LINE('',#8967,#1737);
#1350=LINE('',#8969,#1738);
#1351=LINE('',#8971,#1739);
#1352=LINE('',#8973,#1740);
#1353=LINE('',#8975,#1741);
#1354=LINE('',#8977,#1742);
#1355=LINE('',#8978,#1743);
#1356=LINE('',#8980,#1744);
#1357=LINE('',#8982,#1745);
#1358=LINE('',#8983,#1746);
#1359=LINE('',#8984,#1747);
#1360=LINE('',#8987,#1748);
#1361=LINE('',#8989,#1749);
#1362=LINE('',#8991,#1750);
#1363=LINE('',#8993,#1751);
#1364=LINE('',#8995,#1752);
#1365=LINE('',#8997,#1753);
#1366=LINE('',#8999,#1754);
#1367=LINE('',#9001,#1755);
#1368=LINE('',#9003,#1756);
#1369=LINE('',#9005,#1757);
#1370=LINE('',#9006,#1758);
#1371=LINE('',#9008,#1759);
#1372=LINE('',#9010,#1760);
#1373=LINE('',#9011,#1761);
#1374=LINE('',#9012,#1762);
#1375=LINE('',#9015,#1763);
#1376=LINE('',#9016,#1764);
#1377=LINE('',#9018,#1765);
#1378=LINE('',#9020,#1766);
#1379=LINE('',#9022,#1767);
#1380=LINE('',#9024,#1768);
#1381=LINE('',#9026,#1769);
#1382=LINE('',#9028,#1770);
#1383=LINE('',#9030,#1771);
#1384=LINE('',#9032,#1772);
#1385=LINE('',#9034,#1773);
#1386=LINE('',#9036,#1774);
#1387=LINE('',#9037,#1775);
#1388=LINE('',#9038,#1776);
#1389=LINE('',#9044,#1777);
#1390=LINE('',#9048,#1778);
#1391=LINE('',#9054,#1779);
#1392=LINE('',#9058,#1780);
#1393=LINE('',#9064,#1781);
#1394=LINE('',#9068,#1782);
#1395=LINE('',#9074,#1783);
#1396=LINE('',#9078,#1784);
#1397=LINE('',#9084,#1785);
#1398=LINE('',#9088,#1786);
#1399=LINE('',#9094,#1787);
#1400=LINE('',#9098,#1788);
#1401=LINE('',#9104,#1789);
#1402=LINE('',#9108,#1790);
#1403=LINE('',#9114,#1791);
#1404=LINE('',#9118,#1792);
#1405=LINE('',#9124,#1793);
#1406=LINE('',#9128,#1794);
#1407=LINE('',#9134,#1795);
#1408=LINE('',#9138,#1796);
#1409=LINE('',#9141,#1797);
#1410=LINE('',#9143,#1798);
#1411=LINE('',#9152,#1799);
#1412=LINE('',#9153,#1800);
#1413=LINE('',#9157,#1801);
#1414=LINE('',#9158,#1802);
#1415=LINE('',#9159,#1803);
#1416=LINE('',#9160,#1804);
#1417=LINE('',#9161,#1805);
#1418=LINE('',#9169,#1806);
#1419=LINE('',#9173,#1807);
#1420=LINE('',#9177,#1808);
#1421=LINE('',#9181,#1809);
#1422=LINE('',#9185,#1810);
#1423=LINE('',#9189,#1811);
#1424=LINE('',#9193,#1812);
#1425=LINE('',#9197,#1813);
#1426=LINE('',#9201,#1814);
#1427=LINE('',#9205,#1815);
#1428=LINE('',#9207,#1816);
#1429=LINE('',#9212,#1817);
#1430=LINE('',#9214,#1818);
#1431=LINE('',#9216,#1819);
#1432=LINE('',#9218,#1820);
#1433=LINE('',#9220,#1821);
#1434=LINE('',#9222,#1822);
#1435=LINE('',#9224,#1823);
#1436=LINE('',#9226,#1824);
#1437=LINE('',#9228,#1825);
#1438=LINE('',#9230,#1826);
#1439=LINE('',#9232,#1827);
#1440=LINE('',#9234,#1828);
#1441=LINE('',#9235,#1829);
#1442=LINE('',#9237,#1830);
#1443=LINE('',#9239,#1831);
#1444=LINE('',#9241,#1832);
#1445=LINE('',#9243,#1833);
#1446=LINE('',#9245,#1834);
#1447=LINE('',#9247,#1835);
#1448=LINE('',#9249,#1836);
#1449=LINE('',#9251,#1837);
#1450=LINE('',#9253,#1838);
#1451=LINE('',#9255,#1839);
#1452=LINE('',#9257,#1840);
#1453=LINE('',#9259,#1841);
#1454=LINE('',#9260,#1842);
#1455=LINE('',#9268,#1843);
#1456=LINE('',#9272,#1844);
#1457=LINE('',#9276,#1845);
#1458=LINE('',#9280,#1846);
#1459=LINE('',#9284,#1847);
#1460=LINE('',#9288,#1848);
#1461=LINE('',#9292,#1849);
#1462=LINE('',#9296,#1850);
#1463=LINE('',#9300,#1851);
#1464=LINE('',#9304,#1852);
#1465=LINE('',#9306,#1853);
#1466=LINE('',#9311,#1854);
#1467=LINE('',#9318,#1855);
#1468=LINE('',#9324,#1856);
#1469=LINE('',#9332,#1857);
#1470=LINE('',#9340,#1858);
#1471=LINE('',#9348,#1859);
#1472=LINE('',#9356,#1860);
#1473=LINE('',#9364,#1861);
#1474=LINE('',#9372,#1862);
#1475=LINE('',#9380,#1863);
#1476=LINE('',#9388,#1864);
#1477=LINE('',#9394,#1865);
#1478=VECTOR('',#5433,10.);
#1479=VECTOR('',#5434,10.);
#1480=VECTOR('',#5441,10.);
#1481=VECTOR('',#5442,10.);
#1482=VECTOR('',#5453,10.);
#1483=VECTOR('',#5454,10.);
#1484=VECTOR('',#5455,10.);
#1485=VECTOR('',#5456,10.);
#1486=VECTOR('',#5459,10.);
#1487=VECTOR('',#5460,10.);
#1488=VECTOR('',#5461,10.);
#1489=VECTOR('',#5462,10.);
#1490=VECTOR('',#5465,10.);
#1491=VECTOR('',#5466,10.);
#1492=VECTOR('',#5469,10.);
#1493=VECTOR('',#5470,10.);
#1494=VECTOR('',#5471,10.);
#1495=VECTOR('',#5478,10.);
#1496=VECTOR('',#5481,10.);
#1497=VECTOR('',#5482,10.);
#1498=VECTOR('',#5489,10.);
#1499=VECTOR('',#5492,10.);
#1500=VECTOR('',#5493,10.);
#1501=VECTOR('',#5500,10.);
#1502=VECTOR('',#5507,10.);
#1503=VECTOR('',#5510,10.);
#1504=VECTOR('',#5511,10.);
#1505=VECTOR('',#5518,10.);
#1506=VECTOR('',#5521,10.);
#1507=VECTOR('',#5522,10.);
#1508=VECTOR('',#5529,10.);
#1509=VECTOR('',#5530,10.);
#1510=VECTOR('',#5543,10.);
#1511=VECTOR('',#5546,10.);
#1512=VECTOR('',#5547,10.);
#1513=VECTOR('',#5554,10.);
#1514=VECTOR('',#5555,10.);
#1515=VECTOR('',#5558,10.);
#1516=VECTOR('',#5559,10.);
#1517=VECTOR('',#5566,10.);
#1518=VECTOR('',#5567,10.);
#1519=VECTOR('',#5580,10.7);
#1520=VECTOR('',#5587,11.2);
#1521=VECTOR('',#5596,10.);
#1522=VECTOR('',#5597,10.);
#1523=VECTOR('',#5598,10.);
#1524=VECTOR('',#5599,10.);
#1525=VECTOR('',#5600,10.);
#1526=VECTOR('',#5601,10.);
#1527=VECTOR('',#5602,10.);
#1528=VECTOR('',#5603,10.);
#1529=VECTOR('',#5604,10.);
#1530=VECTOR('',#5605,10.);
#1531=VECTOR('',#5606,10.);
#1532=VECTOR('',#5607,10.);
#1533=VECTOR('',#5608,10.);
#1534=VECTOR('',#5609,10.);
#1535=VECTOR('',#5612,10.);
#1536=VECTOR('',#5613,10.);
#1537=VECTOR('',#5614,10.);
#1538=VECTOR('',#5615,10.);
#1539=VECTOR('',#5616,10.);
#1540=VECTOR('',#5619,10.);
#1541=VECTOR('',#5620,10.);
#1542=VECTOR('',#5621,10.);
#1543=VECTOR('',#5622,10.);
#1544=VECTOR('',#5623,10.);
#1545=VECTOR('',#5624,10.);
#1546=VECTOR('',#5625,10.);
#1547=VECTOR('',#5628,10.);
#1548=VECTOR('',#5629,10.);
#1549=VECTOR('',#5630,10.);
#1550=VECTOR('',#5631,10.);
#1551=VECTOR('',#5632,10.);
#1552=VECTOR('',#5633,10.);
#1553=VECTOR('',#5636,10.);
#1554=VECTOR('',#5637,10.);
#1555=VECTOR('',#5638,10.);
#1556=VECTOR('',#5639,10.);
#1557=VECTOR('',#5640,10.);
#1558=VECTOR('',#5643,10.);
#1559=VECTOR('',#5644,10.);
#1560=VECTOR('',#5645,10.);
#1561=VECTOR('',#5646,10.);
#1562=VECTOR('',#5649,10.);
#1563=VECTOR('',#5650,10.);
#1564=VECTOR('',#5651,10.);
#1565=VECTOR('',#5652,10.);
#1566=VECTOR('',#5653,10.);
#1567=VECTOR('',#5654,10.);
#1568=VECTOR('',#5655,10.);
#1569=VECTOR('',#5656,10.);
#1570=VECTOR('',#5657,10.);
#1571=VECTOR('',#5658,10.);
#1572=VECTOR('',#5659,10.);
#1573=VECTOR('',#5660,10.);
#1574=VECTOR('',#5663,10.);
#1575=VECTOR('',#5664,10.);
#1576=VECTOR('',#5665,10.);
#1577=VECTOR('',#5666,10.);
#1578=VECTOR('',#5669,10.);
#1579=VECTOR('',#5670,10.);
#1580=VECTOR('',#5671,10.);
#1581=VECTOR('',#5672,10.);
#1582=VECTOR('',#5673,10.);
#1583=VECTOR('',#5674,10.);
#1584=VECTOR('',#5677,10.);
#1585=VECTOR('',#5678,10.);
#1586=VECTOR('',#5679,10.);
#1587=VECTOR('',#5680,10.);
#1588=VECTOR('',#5681,10.);
#1589=VECTOR('',#5684,10.);
#1590=VECTOR('',#5685,10.);
#1591=VECTOR('',#5694,12.2);
#1592=VECTOR('',#5699,12.7);
#1593=VECTOR('',#5712,13.);
#1594=VECTOR('',#5717,10.);
#1595=VECTOR('',#5720,10.);
#1596=VECTOR('',#5725,10.);
#1597=VECTOR('',#5728,10.);
#1598=VECTOR('',#5733,10.);
#1599=VECTOR('',#5736,10.);
#1600=VECTOR('',#5741,10.);
#1601=VECTOR('',#5744,10.);
#1602=VECTOR('',#5749,10.);
#1603=VECTOR('',#5752,10.);
#1604=VECTOR('',#5757,10.);
#1605=VECTOR('',#5760,10.);
#1606=VECTOR('',#5765,10.);
#1607=VECTOR('',#5768,10.);
#1608=VECTOR('',#5781,10.);
#1609=VECTOR('',#5784,10.);
#1610=VECTOR('',#5797,10.);
#1611=VECTOR('',#5800,10.);
#1612=VECTOR('',#5813,10.);
#1613=VECTOR('',#5816,10.);
#1614=VECTOR('',#5829,10.);
#1615=VECTOR('',#5832,10.);
#1616=VECTOR('',#5845,10.);
#1617=VECTOR('',#5848,10.);
#1618=VECTOR('',#5861,10.);
#1619=VECTOR('',#5864,10.);
#1620=VECTOR('',#5877,10.);
#1621=VECTOR('',#5880,10.);
#1622=VECTOR('',#5893,10.);
#1623=VECTOR('',#5896,10.);
#1624=VECTOR('',#5899,10.);
#1625=VECTOR('',#5900,10.);
#1626=VECTOR('',#5905,10.);
#1627=VECTOR('',#5912,10.);
#1628=VECTOR('',#5917,10.);
#1629=VECTOR('',#5920,10.);
#1630=VECTOR('',#5921,10.);
#1631=VECTOR('',#5924,10.);
#1632=VECTOR('',#5925,10.);
#1633=VECTOR('',#5926,10.);
#1634=VECTOR('',#5927,10.);
#1635=VECTOR('',#5928,10.);
#1636=VECTOR('',#5929,10.);
#1637=VECTOR('',#5930,10.);
#1638=VECTOR('',#5931,10.);
#1639=VECTOR('',#5932,10.);
#1640=VECTOR('',#5933,10.);
#1641=VECTOR('',#5934,10.);
#1642=VECTOR('',#5935,10.);
#1643=VECTOR('',#5940,10.);
#1644=VECTOR('',#5945,10.);
#1645=VECTOR('',#5946,10.);
#1646=VECTOR('',#5951,10.);
#1647=VECTOR('',#5956,10.);
#1648=VECTOR('',#5959,10.);
#1649=VECTOR('',#5960,10.);
#1650=VECTOR('',#5965,10.);
#1651=VECTOR('',#5972,10.);
#1652=VECTOR('',#5975,10.);
#1653=VECTOR('',#5976,10.);
#1654=VECTOR('',#5977,10.);
#1655=VECTOR('',#5978,10.);
#1656=VECTOR('',#5979,10.);
#1657=VECTOR('',#5980,10.);
#1658=VECTOR('',#5981,10.);
#1659=VECTOR('',#5982,10.);
#1660=VECTOR('',#5983,10.);
#1661=VECTOR('',#5984,10.);
#1662=VECTOR('',#5985,10.);
#1663=VECTOR('',#5986,10.);
#1664=VECTOR('',#5989,10.);
#1665=VECTOR('',#5990,10.);
#1666=VECTOR('',#5995,10.);
#1667=VECTOR('',#6002,10.);
#1668=VECTOR('',#6007,10.);
#1669=VECTOR('',#6010,10.);
#1670=VECTOR('',#6011,10.);
#1671=VECTOR('',#6016,10.);
#1672=VECTOR('',#6021,10.);
#1673=VECTOR('',#6024,10.);
#1674=VECTOR('',#6025,10.);
#1675=VECTOR('',#6028,10.);
#1676=VECTOR('',#6029,10.);
#1677=VECTOR('',#6030,10.);
#1678=VECTOR('',#6031,10.);
#1679=VECTOR('',#6032,10.);
#1680=VECTOR('',#6033,10.);
#1681=VECTOR('',#6034,10.);
#1682=VECTOR('',#6035,10.);
#1683=VECTOR('',#6036,10.);
#1684=VECTOR('',#6037,10.);
#1685=VECTOR('',#6038,10.);
#1686=VECTOR('',#6039,10.);
#1687=VECTOR('',#6044,10.);
#1688=VECTOR('',#6049,10.);
#1689=VECTOR('',#6050,10.);
#1690=VECTOR('',#6055,10.);
#1691=VECTOR('',#6062,10.);
#1692=VECTOR('',#6067,10.);
#1693=VECTOR('',#6070,10.);
#1694=VECTOR('',#6071,10.);
#1695=VECTOR('',#6072,10.);
#1696=VECTOR('',#6073,10.);
#1697=VECTOR('',#6074,10.);
#1698=VECTOR('',#6075,10.);
#1699=VECTOR('',#6076,10.);
#1700=VECTOR('',#6077,10.);
#1701=VECTOR('',#6078,10.);
#1702=VECTOR('',#6079,10.);
#1703=VECTOR('',#6080,10.);
#1704=VECTOR('',#6081,10.);
#1705=VECTOR('',#6082,10.);
#1706=VECTOR('',#6085,10.);
#1707=VECTOR('',#6086,10.);
#1708=VECTOR('',#6087,10.);
#1709=VECTOR('',#6088,10.);
#1710=VECTOR('',#6089,10.);
#1711=VECTOR('',#6090,10.);
#1712=VECTOR('',#6091,10.);
#1713=VECTOR('',#6092,10.);
#1714=VECTOR('',#6093,10.);
#1715=VECTOR('',#6094,10.);
#1716=VECTOR('',#6095,10.);
#1717=VECTOR('',#6096,10.);
#1718=VECTOR('',#6097,10.);
#1719=VECTOR('',#6100,10.);
#1720=VECTOR('',#6101,10.);
#1721=VECTOR('',#6102,10.);
#1722=VECTOR('',#6103,10.);
#1723=VECTOR('',#6104,10.);
#1724=VECTOR('',#6105,10.);
#1725=VECTOR('',#6106,10.);
#1726=VECTOR('',#6107,10.);
#1727=VECTOR('',#6108,10.);
#1728=VECTOR('',#6109,10.);
#1729=VECTOR('',#6110,10.);
#1730=VECTOR('',#6111,10.);
#1731=VECTOR('',#6112,10.);
#1732=VECTOR('',#6113,10.);
#1733=VECTOR('',#6116,10.);
#1734=VECTOR('',#6117,10.);
#1735=VECTOR('',#6118,10.);
#1736=VECTOR('',#6119,10.);
#1737=VECTOR('',#6120,10.);
#1738=VECTOR('',#6121,10.);
#1739=VECTOR('',#6122,10.);
#1740=VECTOR('',#6123,10.);
#1741=VECTOR('',#6124,10.);
#1742=VECTOR('',#6125,10.);
#1743=VECTOR('',#6126,10.);
#1744=VECTOR('',#6127,10.);
#1745=VECTOR('',#6128,10.);
#1746=VECTOR('',#6129,10.);
#1747=VECTOR('',#6130,10.);
#1748=VECTOR('',#6133,10.);
#1749=VECTOR('',#6134,10.);
#1750=VECTOR('',#6135,10.);
#1751=VECTOR('',#6136,10.);
#1752=VECTOR('',#6137,10.);
#1753=VECTOR('',#6138,10.);
#1754=VECTOR('',#6139,10.);
#1755=VECTOR('',#6140,10.);
#1756=VECTOR('',#6141,10.);
#1757=VECTOR('',#6142,10.);
#1758=VECTOR('',#6143,10.);
#1759=VECTOR('',#6144,10.);
#1760=VECTOR('',#6145,10.);
#1761=VECTOR('',#6146,10.);
#1762=VECTOR('',#6147,10.);
#1763=VECTOR('',#6150,10.);
#1764=VECTOR('',#6151,10.);
#1765=VECTOR('',#6152,10.);
#1766=VECTOR('',#6153,10.);
#1767=VECTOR('',#6154,10.);
#1768=VECTOR('',#6155,10.);
#1769=VECTOR('',#6156,10.);
#1770=VECTOR('',#6157,10.);
#1771=VECTOR('',#6158,10.);
#1772=VECTOR('',#6159,10.);
#1773=VECTOR('',#6160,10.);
#1774=VECTOR('',#6161,10.);
#1775=VECTOR('',#6162,10.);
#1776=VECTOR('',#6163,10.);
#1777=VECTOR('',#6172,10.);
#1778=VECTOR('',#6177,10.);
#1779=VECTOR('',#6186,10.);
#1780=VECTOR('',#6191,10.);
#1781=VECTOR('',#6200,10.);
#1782=VECTOR('',#6205,10.);
#1783=VECTOR('',#6214,10.);
#1784=VECTOR('',#6219,10.);
#1785=VECTOR('',#6228,10.);
#1786=VECTOR('',#6233,10.);
#1787=VECTOR('',#6242,10.);
#1788=VECTOR('',#6247,10.);
#1789=VECTOR('',#6256,10.);
#1790=VECTOR('',#6261,10.);
#1791=VECTOR('',#6270,10.);
#1792=VECTOR('',#6275,10.);
#1793=VECTOR('',#6284,10.);
#1794=VECTOR('',#6289,10.);
#1795=VECTOR('',#6298,10.);
#1796=VECTOR('',#6303,10.);
#1797=VECTOR('',#6308,10.);
#1798=VECTOR('',#6311,10.);
#1799=VECTOR('',#6328,10.);
#1800=VECTOR('',#6329,10.);
#1801=VECTOR('',#6332,10.);
#1802=VECTOR('',#6333,10.);
#1803=VECTOR('',#6334,10.);
#1804=VECTOR('',#6335,10.);
#1805=VECTOR('',#6336,10.);
#1806=VECTOR('',#6349,10.);
#1807=VECTOR('',#6354,10.);
#1808=VECTOR('',#6359,10.);
#1809=VECTOR('',#6364,10.);
#1810=VECTOR('',#6369,10.);
#1811=VECTOR('',#6374,10.);
#1812=VECTOR('',#6379,10.);
#1813=VECTOR('',#6384,10.);
#1814=VECTOR('',#6389,10.);
#1815=VECTOR('',#6394,10.);
#1816=VECTOR('',#6397,10.);
#1817=VECTOR('',#6404,10.);
#1818=VECTOR('',#6405,10.);
#1819=VECTOR('',#6406,10.);
#1820=VECTOR('',#6407,10.);
#1821=VECTOR('',#6408,10.);
#1822=VECTOR('',#6409,10.);
#1823=VECTOR('',#6410,10.);
#1824=VECTOR('',#6411,10.);
#1825=VECTOR('',#6412,10.);
#1826=VECTOR('',#6413,10.);
#1827=VECTOR('',#6414,10.);
#1828=VECTOR('',#6415,10.);
#1829=VECTOR('',#6416,10.);
#1830=VECTOR('',#6419,10.);
#1831=VECTOR('',#6420,10.);
#1832=VECTOR('',#6421,10.);
#1833=VECTOR('',#6422,10.);
#1834=VECTOR('',#6423,10.);
#1835=VECTOR('',#6424,10.);
#1836=VECTOR('',#6425,10.);
#1837=VECTOR('',#6426,10.);
#1838=VECTOR('',#6427,10.);
#1839=VECTOR('',#6428,10.);
#1840=VECTOR('',#6429,10.);
#1841=VECTOR('',#6430,10.);
#1842=VECTOR('',#6431,10.);
#1843=VECTOR('',#6444,10.);
#1844=VECTOR('',#6449,10.);
#1845=VECTOR('',#6454,10.);
#1846=VECTOR('',#6459,10.);
#1847=VECTOR('',#6464,10.);
#1848=VECTOR('',#6469,10.);
#1849=VECTOR('',#6474,10.);
#1850=VECTOR('',#6479,10.);
#1851=VECTOR('',#6484,10.);
#1852=VECTOR('',#6489,10.);
#1853=VECTOR('',#6492,10.);
#1854=VECTOR('',#6497,10.);
#1855=VECTOR('',#6510,10.);
#1856=VECTOR('',#6519,10.);
#1857=VECTOR('',#6532,10.);
#1858=VECTOR('',#6545,10.);
#1859=VECTOR('',#6558,10.);
#1860=VECTOR('',#6571,10.);
#1861=VECTOR('',#6584,10.);
#1862=VECTOR('',#6597,10.);
#1863=VECTOR('',#6610,10.);
#1864=VECTOR('',#6623,10.);
#1865=VECTOR('',#6634,10.);
#1866=B_SPLINE_CURVE_WITH_KNOTS('',3,(#6672,#6673,#6674,#6675),
 .UNSPECIFIED.,.F.,.F.,(4,4),(0.253330587165775,0.444063026435932),
 .UNSPECIFIED.);
#1867=B_SPLINE_CURVE_WITH_KNOTS('',3,(#6679,#6680,#6681,#6682),
 .UNSPECIFIED.,.F.,.F.,(4,4),(-0.444063026435932,-0.253330587165775),
 .UNSPECIFIED.);
#1868=B_SPLINE_CURVE_WITH_KNOTS('',3,(#6699,#6700,#6701,#6702),
 .UNSPECIFIED.,.F.,.F.,(4,4),(0.55664771986211,0.748704005012738),
 .UNSPECIFIED.);
#1869=B_SPLINE_CURVE_WITH_KNOTS('',3,(#6704,#6705,#6706,#6707),
 .UNSPECIFIED.,.F.,.F.,(4,4),(-0.748704005012738,-0.55664771986211),
 .UNSPECIFIED.);
#1870=B_SPLINE_CURVE_WITH_KNOTS('',3,(#6720,#6721,#6722,#6723),
 .UNSPECIFIED.,.F.,.F.,(4,4),(0.10005793606766,0.102347127916825),
 .UNSPECIFIED.);
#1871=B_SPLINE_CURVE_WITH_KNOTS('',3,(#6740,#6741,#6742,#6743,#6744,#6745,
#6746),.UNSPECIFIED.,.F.,.F.,(4,3,4),(0.721775062226291,0.938450909797679,
1.),.UNSPECIFIED.);
#1872=B_SPLINE_CURVE_WITH_KNOTS('',3,(#6748,#6749,#6750,#6751,#6752,#6753,
#6754),.UNSPECIFIED.,.F.,.F.,(4,3,4),(-1.,-0.938450909797679,-0.721775062226291),
 .UNSPECIFIED.);
#1873=B_SPLINE_CURVE_WITH_KNOTS('',3,(#6771,#6772,#6773,#6774),
 .UNSPECIFIED.,.F.,.F.,(4,4),(0.,0.272233991779031),.UNSPECIFIED.);
#1874=B_SPLINE_CURVE_WITH_KNOTS('',3,(#6776,#6777,#6778,#6779),
 .UNSPECIFIED.,.F.,.F.,(4,4),(-0.272233991779031,0.),.UNSPECIFIED.);
#1875=B_SPLINE_CURVE_WITH_KNOTS('',3,(#6785,#6786,#6787,#6788),
 .UNSPECIFIED.,.F.,.F.,(4,4),(-1.10241406740326,-1.10007834248871),
 .UNSPECIFIED.);
#1876=B_SPLINE_CURVE_WITH_KNOTS('',3,(#6824,#6825,#6826,#6827),
 .UNSPECIFIED.,.F.,.F.,(4,4),(0.752117487243064,0.817437139056458),
 .UNSPECIFIED.);
#1877=B_SPLINE_CURVE_WITH_KNOTS('',3,(#6829,#6830,#6831,#6832),
 .UNSPECIFIED.,.F.,.F.,(4,4),(-0.817437139056458,-0.752117487243064),
 .UNSPECIFIED.);
#1878=B_SPLINE_CURVE_WITH_KNOTS('',3,(#6848,#6849,#6850,#6851),
 .UNSPECIFIED.,.F.,.F.,(4,4),(0.339922519999574,0.446373690851177),
 .UNSPECIFIED.);
#1879=B_SPLINE_CURVE_WITH_KNOTS('',3,(#6852,#6853,#6854,#6855),
 .UNSPECIFIED.,.F.,.F.,(4,4),(-0.446373690851177,-0.339922519999574),
 .UNSPECIFIED.);
#1880=B_SPLINE_CURVE_WITH_KNOTS('',3,(#6875,#6876,#6877,#6878),
 .UNSPECIFIED.,.F.,.F.,(4,4),(0.134590227106232,0.265312293846926),
 .UNSPECIFIED.);
#1881=B_SPLINE_CURVE_WITH_KNOTS('',3,(#6880,#6881,#6882,#6883),
 .UNSPECIFIED.,.F.,.F.,(4,4),(-0.265312293846926,-0.134590227106232),
 .UNSPECIFIED.);
#1882=B_SPLINE_CURVE_WITH_KNOTS('',3,(#6899,#6900,#6901,#6902),
 .UNSPECIFIED.,.F.,.F.,(4,4),(0.734300573329004,0.865095494692283),
 .UNSPECIFIED.);
#1883=B_SPLINE_CURVE_WITH_KNOTS('',3,(#6903,#6904,#6905,#6906),
 .UNSPECIFIED.,.F.,.F.,(4,4),(-0.865095494692283,-0.734300573329004),
 .UNSPECIFIED.);
#1884=B_SPLINE_CURVE_WITH_KNOTS('',3,(#6918,#6919,#6920,#6921),
 .UNSPECIFIED.,.F.,.F.,(4,4),(0.0599008158817252,0.0953253862392322),
 .UNSPECIFIED.);
#1885=B_SPLINE_CURVE_WITH_KNOTS('',3,(#6925,#6926,#6927,#6928),
 .UNSPECIFIED.,.F.,.F.,(4,4),(-0.0953253862392322,-0.0599008158817252),
 .UNSPECIFIED.);
#1886=B_SPLINE_CURVE_WITH_KNOTS('',3,(#6957,#6958,#6959,#6960,#6961,#6962,
#6963),.UNSPECIFIED.,.F.,.F.,(4,3,4),(-0.711106902187594,1.06777871959705E-6,
0.00586458104039334),.UNSPECIFIED.);
#1887=B_SPLINE_CURVE_WITH_KNOTS('',3,(#6965,#6966,#6967,#6968,#6969,#6970,
#6971),.UNSPECIFIED.,.F.,.F.,(4,3,4),(-0.00586458104039331,-1.06777871957536E-6,
0.711106902187594),.UNSPECIFIED.);
#1888=B_SPLINE_CURVE_WITH_KNOTS('',3,(#6995,#6996,#6997,#6998),
 .UNSPECIFIED.,.F.,.F.,(4,4),(0.905559964590931,0.940840983259487),
 .UNSPECIFIED.);
#1889=B_SPLINE_CURVE_WITH_KNOTS('',3,(#7000,#7001,#7002,#7003),
 .UNSPECIFIED.,.F.,.F.,(4,4),(-0.940840983259487,-0.905559964590931),
 .UNSPECIFIED.);
#1890=B_SPLINE_CURVE_WITH_KNOTS('',3,(#7026,#7027,#7028,#7029,#7030,#7031,
#7032),.UNSPECIFIED.,.F.,.F.,(4,3,4),(0.992897328364376,1.00188826786341,
1.00460133764218),.UNSPECIFIED.);
#1891=B_SPLINE_CURVE_WITH_KNOTS('',3,(#7034,#7035,#7036,#7037,#7038,#7039,
#7040),.UNSPECIFIED.,.F.,.F.,(4,3,4),(-1.00460133764218,-1.00188826786341,
-0.992897328364376),.UNSPECIFIED.);
#1892=B_SPLINE_CURVE_WITH_KNOTS('',3,(#7056,#7057,#7058,#7059,#7060,#7061,
#7062),.UNSPECIFIED.,.F.,.F.,(4,3,4),(-0.00113777031661572,-0.000379517524991286,
0.133620606283736),.UNSPECIFIED.);
#1893=B_SPLINE_CURVE_WITH_KNOTS('',3,(#7063,#7064,#7065,#7066,#7067,#7068,
#7069),.UNSPECIFIED.,.F.,.F.,(4,3,4),(-0.133620606283736,0.000379517524991286,
0.00113777031661572),.UNSPECIFIED.);
#1894=B_SPLINE_CURVE_WITH_KNOTS('',3,(#7081,#7082,#7083,#7084),
 .UNSPECIFIED.,.F.,.F.,(4,4),(0.184048145458598,0.2503516047565),
 .UNSPECIFIED.);
#1895=B_SPLINE_CURVE_WITH_KNOTS('',3,(#7088,#7089,#7090,#7091),
 .UNSPECIFIED.,.F.,.F.,(4,4),(-0.2503516047565,-0.184048145458598),
 .UNSPECIFIED.);
#1896=B_SPLINE_CURVE_WITH_KNOTS('',3,(#7108,#7109,#7110,#7111),
 .UNSPECIFIED.,.F.,.F.,(4,4),(0.549939535228963,0.657227739108454),
 .UNSPECIFIED.);
#1897=B_SPLINE_CURVE_WITH_KNOTS('',3,(#7113,#7114,#7115,#7116),
 .UNSPECIFIED.,.F.,.F.,(4,4),(-0.657227739108454,-0.549939535228963),
 .UNSPECIFIED.);
#1898=B_SPLINE_CURVE_WITH_KNOTS('',2,(#7376,#7377,#7378),.UNSPECIFIED.,
 .F.,.F.,(3,3),(0.,1.),.UNSPECIFIED.);
#1899=B_SPLINE_CURVE_WITH_KNOTS('',2,(#7380,#7381,#7382),.UNSPECIFIED.,
 .F.,.F.,(3,3),(-1.,0.),.UNSPECIFIED.);
#1900=B_SPLINE_CURVE_WITH_KNOTS('',2,(#7397,#7398,#7399),.UNSPECIFIED.,
 .F.,.F.,(3,3),(0.,1.),.UNSPECIFIED.);
#1901=B_SPLINE_CURVE_WITH_KNOTS('',2,(#7401,#7402,#7403),.UNSPECIFIED.,
 .F.,.F.,(3,3),(-1.,0.),.UNSPECIFIED.);
#1902=B_SPLINE_CURVE_WITH_KNOTS('',2,(#7623,#7624,#7625),.UNSPECIFIED.,
 .F.,.F.,(3,3),(0.,1.),.UNSPECIFIED.);
#1903=B_SPLINE_CURVE_WITH_KNOTS('',2,(#7627,#7628,#7629),.UNSPECIFIED.,
 .F.,.F.,(3,3),(-1.,0.),.UNSPECIFIED.);
#1904=B_SPLINE_CURVE_WITH_KNOTS('',2,(#7644,#7645,#7646),.UNSPECIFIED.,
 .F.,.F.,(3,3),(0.,1.),.UNSPECIFIED.);
#1905=B_SPLINE_CURVE_WITH_KNOTS('',2,(#7648,#7649,#7650),.UNSPECIFIED.,
 .F.,.F.,(3,3),(-1.,0.),.UNSPECIFIED.);
#1906=B_SPLINE_CURVE_WITH_KNOTS('',3,(#7677,#7678,#7679,#7680,#7681,#7682,
#7683,#7684,#7685,#7686),.UNSPECIFIED.,.F.,.F.,(4,3,3,4),(-1.02097136191556,
-1.,0.,0.000379256945964247),.UNSPECIFIED.);
#1907=B_SPLINE_CURVE_WITH_KNOTS('',3,(#7690,#7691,#7692,#7693,#7694,#7695,
#7696,#7697,#7698,#7699),.UNSPECIFIED.,.F.,.F.,(4,3,3,4),(-0.000379256945964247,
0.,1.,1.02097136191556),.UNSPECIFIED.);
#1908=B_SPLINE_CURVE_WITH_KNOTS('',3,(#7722,#7723,#7724,#7725,#7726,#7727,
#7728,#7729,#7730,#7731),.UNSPECIFIED.,.F.,.F.,(4,3,3,4),(-1.00153377851145,
-0.999999999999869,2.43993193704828E-14,0.00143172553971527),
 .UNSPECIFIED.);
#1909=B_SPLINE_CURVE_WITH_KNOTS('',3,(#7733,#7734,#7735,#7736,#7737,#7738,
#7739,#7740,#7741,#7742),.UNSPECIFIED.,.F.,.F.,(4,3,3,4),(-0.00143172553971522,
-2.43566018048869E-14,0.999999999999869,1.00153377851145),.UNSPECIFIED.);
#1910=B_SPLINE_CURVE_WITH_KNOTS('',3,(#7771,#7772,#7773,#7774,#7775,#7776,
#7777,#7778,#7779,#7780,#7781,#7782,#7783),.UNSPECIFIED.,.F.,.F.,(4,3,3,
3,4),(-1.00066476587652,-1.00000000000018,-0.773837858173595,-3.53799948322672E-12,
1.88982446741592E-5),.UNSPECIFIED.);
#1911=B_SPLINE_CURVE_WITH_KNOTS('',3,(#7785,#7786,#7787,#7788,#7789,#7790,
#7791,#7792,#7793,#7794,#7795,#7796,#7797),.UNSPECIFIED.,.F.,.F.,(4,3,3,
3,4),(-1.88982446741187E-5,3.53804003577611E-12,0.773837858173595,1.00000000000018,
1.00066476587652),.UNSPECIFIED.);
#1912=B_SPLINE_CURVE_WITH_KNOTS('',3,(#7820,#7821,#7822,#7823,#7824,#7825,
#7826,#7827,#7828,#7829),.UNSPECIFIED.,.F.,.F.,(4,3,3,4),(-1.00002045595187,
-1.00000000004378,-0.646768955710166,-2.26938194491932E-6),
 .UNSPECIFIED.);
#1913=B_SPLINE_CURVE_WITH_KNOTS('',3,(#7831,#7832,#7833,#7834,#7835,#7836,
#7837,#7838,#7839,#7840),.UNSPECIFIED.,.F.,.F.,(4,3,3,4),(2.26938194493025E-6,
0.646768955710166,1.00000000004378,1.00002045595187),.UNSPECIFIED.);
#1914=B_SPLINE_CURVE_WITH_KNOTS('',3,(#7851,#7852,#7853,#7854),
 .UNSPECIFIED.,.F.,.F.,(4,4),(-1.,-0.298421177461741),.UNSPECIFIED.);
#1915=B_SPLINE_CURVE_WITH_KNOTS('',3,(#7856,#7857,#7858,#7859),
 .UNSPECIFIED.,.F.,.F.,(4,4),(0.298421177461741,1.),.UNSPECIFIED.);
#1916=B_SPLINE_CURVE_WITH_KNOTS('',3,(#7876,#7877,#7878,#7879,#7880,#7881,
#7882),.UNSPECIFIED.,.F.,.F.,(4,3,4),(-0.701578822875965,-0.500000260713204,
-9.07392405380403E-7),.UNSPECIFIED.);
#1917=B_SPLINE_CURVE_WITH_KNOTS('',3,(#7884,#7885,#7886,#7887,#7888,#7889,
#7890),.UNSPECIFIED.,.F.,.F.,(4,3,4),(9.0739240536351E-7,0.500000260713204,
0.701578822875965),.UNSPECIFIED.);
#1918=B_SPLINE_CURVE_WITH_KNOTS('',3,(#7907,#7908,#7909,#7910,#7911,#7912,
#7913),.UNSPECIFIED.,.F.,.F.,(4,3,4),(-1.,-0.646012373385409,0.),
 .UNSPECIFIED.);
#1919=B_SPLINE_CURVE_WITH_KNOTS('',3,(#7915,#7916,#7917,#7918,#7919,#7920,
#7921),.UNSPECIFIED.,.F.,.F.,(4,3,4),(0.,0.646012373385409,1.),
 .UNSPECIFIED.);
#1920=B_SPLINE_CURVE_WITH_KNOTS('',3,(#7938,#7939,#7940,#7941,#7942,#7943,
#7944),.UNSPECIFIED.,.F.,.F.,(4,3,4),(-0.999902735973155,-0.699950784599843,
-0.000814003590474238),.UNSPECIFIED.);
#1921=B_SPLINE_CURVE_WITH_KNOTS('',3,(#7946,#7947,#7948,#7949,#7950,#7951,
#7952),.UNSPECIFIED.,.F.,.F.,(4,3,4),(0.000814003590474392,0.699950784599844,
0.999902735973155),.UNSPECIFIED.);
#1922=B_SPLINE_CURVE_WITH_KNOTS('',3,(#7969,#7970,#7971,#7972,#7973,#7974,
#7975),.UNSPECIFIED.,.F.,.F.,(4,3,4),(-1.,0.,0.455392099594645),
 .UNSPECIFIED.);
#1923=B_SPLINE_CURVE_WITH_KNOTS('',3,(#7977,#7978,#7979,#7980,#7981,#7982,
#7983),.UNSPECIFIED.,.F.,.F.,(4,3,4),(-0.455392099594645,0.,1.),
 .UNSPECIFIED.);
#1924=B_SPLINE_CURVE_WITH_KNOTS('',3,(#8006,#8007,#8008,#8009,#8010,#8011,
#8012),.UNSPECIFIED.,.F.,.F.,(4,3,4),(-0.906059368737756,0.,0.0209627658878092),
 .UNSPECIFIED.);
#1925=B_SPLINE_CURVE_WITH_KNOTS('',3,(#8014,#8015,#8016,#8017,#8018,#8019,
#8020),.UNSPECIFIED.,.F.,.F.,(4,3,4),(-0.0209627658878092,0.,0.906059368737756),
 .UNSPECIFIED.);
#1926=B_SPLINE_CURVE_WITH_KNOTS('',3,(#8043,#8044,#8045,#8046,#8047,#8048,
#8049),.UNSPECIFIED.,.F.,.F.,(4,3,4),(-1.03413802246775,-1.,-0.682947037533289),
 .UNSPECIFIED.);
#1927=B_SPLINE_CURVE_WITH_KNOTS('',3,(#8051,#8052,#8053,#8054,#8055,#8056,
#8057),.UNSPECIFIED.,.F.,.F.,(4,3,4),(0.682947037533289,1.,1.03413802246775),
 .UNSPECIFIED.);
#1928=B_SPLINE_CURVE_WITH_KNOTS('',3,(#8068,#8069,#8070,#8071),
 .UNSPECIFIED.,.F.,.F.,(4,4),(-0.464337436414935,0.),.UNSPECIFIED.);
#1929=B_SPLINE_CURVE_WITH_KNOTS('',3,(#8073,#8074,#8075,#8076),
 .UNSPECIFIED.,.F.,.F.,(4,4),(0.,0.464337436414935),.UNSPECIFIED.);
#1930=B_SPLINE_CURVE_WITH_KNOTS('',3,(#8099,#8100,#8101,#8102,#8103,#8104,
#8105,#8106,#8107,#8108),.UNSPECIFIED.,.F.,.F.,(4,3,3,4),(-0.998867058872988,
-0.832861359127331,-0.479540895009708,0.),.UNSPECIFIED.);
#1931=B_SPLINE_CURVE_WITH_KNOTS('',3,(#8110,#8111,#8112,#8113,#8114,#8115,
#8116,#8117,#8118,#8119),.UNSPECIFIED.,.F.,.F.,(4,3,3,4),(0.,0.479540895009708,
0.832861359127331,0.998867058872988),.UNSPECIFIED.);
#1932=B_SPLINE_CURVE_WITH_KNOTS('',3,(#8125,#8126,#8127,#8128),
 .UNSPECIFIED.,.F.,.F.,(4,4),(0.,1.),.UNSPECIFIED.);
#1933=B_SPLINE_CURVE_WITH_KNOTS('',3,(#8151,#8152,#8153,#8154,#8155,#8156,
#8157,#8158,#8159,#8160),.UNSPECIFIED.,.F.,.F.,(4,3,3,4),(-1.,-0.760454017603538,
-0.365720743073292,-0.00236216336390241),.UNSPECIFIED.);
#1934=B_SPLINE_CURVE_WITH_KNOTS('',3,(#8162,#8163,#8164,#8165,#8166,#8167,
#8168,#8169,#8170,#8171),.UNSPECIFIED.,.F.,.F.,(4,3,3,4),(0.00236216336390239,
0.365720743073292,0.760454017603538,1.),.UNSPECIFIED.);
#1935=B_SPLINE_CURVE_WITH_KNOTS('',3,(#8182,#8183,#8184,#8185),
 .UNSPECIFIED.,.F.,.F.,(4,4),(-1.,-0.537336315797698),.UNSPECIFIED.);
#1936=B_SPLINE_CURVE_WITH_KNOTS('',3,(#8187,#8188,#8189,#8190),
 .UNSPECIFIED.,.F.,.F.,(4,4),(0.537336315797698,1.),.UNSPECIFIED.);
#1937=B_SPLINE_CURVE_WITH_KNOTS('',3,(#8207,#8208,#8209,#8210,#8211,#8212,
#8213),.UNSPECIFIED.,.F.,.F.,(4,3,4),(-0.315236515173652,0.,0.0341157093056091),
 .UNSPECIFIED.);
#1938=B_SPLINE_CURVE_WITH_KNOTS('',3,(#8215,#8216,#8217,#8218,#8219,#8220,
#8221),.UNSPECIFIED.,.F.,.F.,(4,3,4),(-0.0341157093056091,0.,0.315236515173652),
 .UNSPECIFIED.);
#1939=B_SPLINE_CURVE_WITH_KNOTS('',3,(#8322,#8323,#8324,#8325,#8326,#8327,
#8328,#8329,#8330,#8331),.UNSPECIFIED.,.F.,.F.,(4,2,2,2,4),(0.30637216098761,
0.382177702131539,0.457983243275469,0.533335318288221,0.608687393300973),
 .UNSPECIFIED.);
#1940=B_SPLINE_CURVE_WITH_KNOTS('',3,(#8350,#8351,#8352,#8353,#8354,#8355,
#8356,#8357,#8358,#8359),.UNSPECIFIED.,.F.,.F.,(4,2,2,2,4),(0.608687393300973,
0.684039468313725,0.759391543326477,0.835197084470407,0.911002625614337),
 .UNSPECIFIED.);
#1941=B_SPLINE_CURVE_WITH_KNOTS('',3,(#8374,#8375,#8376,#8377,#8378,#8379,
#8380,#8381,#8382,#8383),.UNSPECIFIED.,.F.,.F.,(4,2,2,2,4),(0.30637216098761,
0.382177702131539,0.457983243275469,0.533335318288221,0.608687393300973),
 .UNSPECIFIED.);
#1942=B_SPLINE_CURVE_WITH_KNOTS('',3,(#8402,#8403,#8404,#8405,#8406,#8407,
#8408,#8409,#8410,#8411),.UNSPECIFIED.,.F.,.F.,(4,2,2,2,4),(0.608687393300973,
0.684039468313725,0.759391543326477,0.835197084470407,0.911002625614337),
 .UNSPECIFIED.);
#1943=B_SPLINE_CURVE_WITH_KNOTS('',3,(#8426,#8427,#8428,#8429,#8430,#8431,
#8432,#8433,#8434,#8435),.UNSPECIFIED.,.F.,.F.,(4,2,2,2,4),(0.306374799600797,
0.382180340744727,0.457985881888657,0.533337956901409,0.608690031914161),
 .UNSPECIFIED.);
#1944=B_SPLINE_CURVE_WITH_KNOTS('',3,(#8454,#8455,#8456,#8457,#8458,#8459,
#8460,#8461,#8462,#8463),.UNSPECIFIED.,.F.,.F.,(4,2,2,2,4),(0.608687393300973,
0.684039468313725,0.759391543326477,0.835197084470407,0.911002625614336),
 .UNSPECIFIED.);
#1945=B_SPLINE_CURVE_WITH_KNOTS('',3,(#8478,#8479,#8480,#8481,#8482,#8483,
#8484,#8485,#8486,#8487),.UNSPECIFIED.,.F.,.F.,(4,2,2,2,4),(0.306372160987609,
0.382177702131539,0.457983243275469,0.533335318288221,0.608687393300973),
 .UNSPECIFIED.);
#1946=B_SPLINE_CURVE_WITH_KNOTS('',3,(#8506,#8507,#8508,#8509,#8510,#8511,
#8512,#8513,#8514,#8515),.UNSPECIFIED.,.F.,.F.,(4,2,2,2,4),(0.608687393300973,
0.684039468313725,0.759391543326477,0.835197084470407,0.911002625614336),
 .UNSPECIFIED.);
#1947=B_SPLINE_CURVE_WITH_KNOTS('',3,(#8521,#8522,#8523,#8524,#8525,#8526),
 .UNSPECIFIED.,.F.,.F.,(4,2,4),(0.,0.0753498423276298,0.100037449277749),
 .UNSPECIFIED.);
#1948=B_SPLINE_CURVE_WITH_KNOTS('',3,(#8528,#8529,#8530,#8531,#8532,#8533,
#8534,#8535),.UNSPECIFIED.,.F.,.F.,(4,2,2,4),(0.150406593367543,0.244370945099324,
0.292684240230413,0.304940620058229),.UNSPECIFIED.);
#1949=B_SPLINE_CURVE_WITH_KNOTS('',3,(#8537,#8538,#8539,#8540,#8541,#8542),
 .UNSPECIFIED.,.F.,.F.,(4,2,4),(0.22407791626301,0.226373562280667,0.302050961871659),
 .UNSPECIFIED.);
#1950=B_SPLINE_CURVE_WITH_KNOTS('',3,(#8562,#8563,#8564,#8565,#8566,#8567),
 .UNSPECIFIED.,.F.,.F.,(4,2,4),(0.911946740343011,0.987624139934003,0.989919785951659),
 .UNSPECIFIED.);
#1951=B_SPLINE_CURVE_WITH_KNOTS('',3,(#8569,#8570,#8571,#8572,#8573,#8574,
#8575,#8576),.UNSPECIFIED.,.F.,.F.,(4,2,2,4),(1.27024900860722,1.28250538843503,
1.33081868356612,1.4247830352979),.UNSPECIFIED.);
#1952=B_SPLINE_CURVE_WITH_KNOTS('',3,(#8578,#8579,#8580,#8581,#8582,#8583),
 .UNSPECIFIED.,.F.,.F.,(4,2,4),(-0.100037449277749,-0.0753498423276298,
0.),.UNSPECIFIED.);
#1953=B_SPLINE_CURVE_WITH_KNOTS('',3,(#8618,#8619,#8620,#8621,#8622,#8623),
 .UNSPECIFIED.,.F.,.F.,(4,2,4),(0.911946740343011,0.987624139934003,0.98991978595166),
 .UNSPECIFIED.);
#1954=B_SPLINE_CURVE_WITH_KNOTS('',3,(#8625,#8626,#8627,#8628,#8629,#8630,
#8631,#8632),.UNSPECIFIED.,.F.,.F.,(4,2,2,4),(1.27024900860722,1.28250538843503,
1.33081868356612,1.4247830352979),.UNSPECIFIED.);
#1955=B_SPLINE_CURVE_WITH_KNOTS('',3,(#8634,#8635,#8636,#8637,#8638,#8639),
 .UNSPECIFIED.,.F.,.F.,(4,2,4),(-0.100037449277749,-0.0753498423276298,
0.),.UNSPECIFIED.);
#1956=B_SPLINE_CURVE_WITH_KNOTS('',3,(#8653,#8654,#8655,#8656,#8657,#8658),
 .UNSPECIFIED.,.F.,.F.,(4,2,4),(0.,0.0753498423276298,0.100037449277749),
 .UNSPECIFIED.);
#1957=B_SPLINE_CURVE_WITH_KNOTS('',3,(#8660,#8661,#8662,#8663,#8664,#8665,
#8666,#8667),.UNSPECIFIED.,.F.,.F.,(4,2,2,4),(0.150406593367543,0.244370945099323,
0.292684240230412,0.30494062005823),.UNSPECIFIED.);
#1958=B_SPLINE_CURVE_WITH_KNOTS('',3,(#8669,#8670,#8671,#8672,#8673,#8674),
 .UNSPECIFIED.,.F.,.F.,(4,2,4),(0.224077916263011,0.226373562280667,0.302050961871659),
 .UNSPECIFIED.);
#1959=B_SPLINE_CURVE_WITH_KNOTS('',3,(#8713,#8714,#8715,#8716,#8717,#8718),
 .UNSPECIFIED.,.F.,.F.,(4,2,4),(0.,0.0753498423276298,0.100037449277749),
 .UNSPECIFIED.);
#1960=B_SPLINE_CURVE_WITH_KNOTS('',3,(#8720,#8721,#8722,#8723,#8724,#8725,
#8726,#8727),.UNSPECIFIED.,.F.,.F.,(4,2,2,4),(0.150406593367543,0.244370945099323,
0.292684240230412,0.304940620058229),.UNSPECIFIED.);
#1961=B_SPLINE_CURVE_WITH_KNOTS('',3,(#8729,#8730,#8731,#8732,#8733,#8734),
 .UNSPECIFIED.,.F.,.F.,(4,2,4),(0.224077916263011,0.226373562280667,0.302050961871659),
 .UNSPECIFIED.);
#1962=B_SPLINE_CURVE_WITH_KNOTS('',3,(#8754,#8755,#8756,#8757,#8758,#8759),
 .UNSPECIFIED.,.F.,.F.,(4,2,4),(0.911946740343011,0.987624139934003,0.989919785951659),
 .UNSPECIFIED.);
#1963=B_SPLINE_CURVE_WITH_KNOTS('',3,(#8761,#8762,#8763,#8764,#8765,#8766,
#8767,#8768),.UNSPECIFIED.,.F.,.F.,(4,2,2,4),(1.27024900860722,1.28250538843503,
1.33081868356612,1.4247830352979),.UNSPECIFIED.);
#1964=B_SPLINE_CURVE_WITH_KNOTS('',3,(#8770,#8771,#8772,#8773,#8774,#8775),
 .UNSPECIFIED.,.F.,.F.,(4,2,4),(-0.100037449277749,-0.0753498423276298,
0.),.UNSPECIFIED.);
#1965=B_SPLINE_CURVE_WITH_KNOTS('',3,(#8789,#8790,#8791,#8792,#8793,#8794),
 .UNSPECIFIED.,.F.,.F.,(4,2,4),(0.911946740343011,0.987624139934003,0.98991978595166),
 .UNSPECIFIED.);
#1966=B_SPLINE_CURVE_WITH_KNOTS('',3,(#8796,#8797,#8798,#8799,#8800,#8801,
#8802,#8803),.UNSPECIFIED.,.F.,.F.,(4,2,2,4),(1.27024900860722,1.28250538843503,
1.33081868356612,1.4247830352979),.UNSPECIFIED.);
#1967=B_SPLINE_CURVE_WITH_KNOTS('',3,(#8805,#8806,#8807,#8808,#8809,#8810),
 .UNSPECIFIED.,.F.,.F.,(4,2,4),(-0.100037449277749,-0.0753498423276298,
0.),.UNSPECIFIED.);
#1968=B_SPLINE_CURVE_WITH_KNOTS('',3,(#8845,#8846,#8847,#8848,#8849,#8850),
 .UNSPECIFIED.,.F.,.F.,(4,2,4),(0.,0.0753498423276298,0.100037449277749),
 .UNSPECIFIED.);
#1969=B_SPLINE_CURVE_WITH_KNOTS('',3,(#8852,#8853,#8854,#8855,#8856,#8857,
#8858,#8859),.UNSPECIFIED.,.F.,.F.,(4,2,2,4),(0.150406593367543,0.244370945099323,
0.292684240230412,0.304940620058229),.UNSPECIFIED.);
#1970=B_SPLINE_CURVE_WITH_KNOTS('',3,(#8861,#8862,#8863,#8864,#8865,#8866),
 .UNSPECIFIED.,.F.,.F.,(4,2,4),(0.224077916263011,0.226373562280667,0.302050961871659),
 .UNSPECIFIED.);
#1971=VERTEX_POINT('',#6670);
#1972=VERTEX_POINT('',#6671);
#1973=VERTEX_POINT('',#6676);
#1974=VERTEX_POINT('',#6678);
#1975=VERTEX_POINT('',#6685);
#1976=VERTEX_POINT('',#6687);
#1977=VERTEX_POINT('',#6698);
#1978=VERTEX_POINT('',#6703);
#1979=VERTEX_POINT('',#6714);
#1980=VERTEX_POINT('',#6715);
#1981=VERTEX_POINT('',#6717);
#1982=VERTEX_POINT('',#6719);
#1983=VERTEX_POINT('',#6739);
#1984=VERTEX_POINT('',#6747);
#1985=VERTEX_POINT('',#6757);
#1986=VERTEX_POINT('',#6759);
#1987=VERTEX_POINT('',#6770);
#1988=VERTEX_POINT('',#6775);
#1989=VERTEX_POINT('',#6782);
#1990=VERTEX_POINT('',#6784);
#1991=VERTEX_POINT('',#6791);
#1992=VERTEX_POINT('',#6793);
#1993=VERTEX_POINT('',#6797);
#1994=VERTEX_POINT('',#6799);
#1995=VERTEX_POINT('',#6807);
#1996=VERTEX_POINT('',#6808);
#1997=VERTEX_POINT('',#6810);
#1998=VERTEX_POINT('',#6812);
#1999=VERTEX_POINT('',#6823);
#2000=VERTEX_POINT('',#6828);
#2001=VERTEX_POINT('',#6835);
#2002=VERTEX_POINT('',#6837);
#2003=VERTEX_POINT('',#6858);
#2004=VERTEX_POINT('',#6859);
#2005=VERTEX_POINT('',#6861);
#2006=VERTEX_POINT('',#6863);
#2007=VERTEX_POINT('',#6874);
#2008=VERTEX_POINT('',#6879);
#2009=VERTEX_POINT('',#6886);
#2010=VERTEX_POINT('',#6888);
#2011=VERTEX_POINT('',#6916);
#2012=VERTEX_POINT('',#6917);
#2013=VERTEX_POINT('',#6922);
#2014=VERTEX_POINT('',#6924);
#2015=VERTEX_POINT('',#6931);
#2016=VERTEX_POINT('',#6933);
#2017=VERTEX_POINT('',#6956);
#2018=VERTEX_POINT('',#6964);
#2019=VERTEX_POINT('',#6978);
#2020=VERTEX_POINT('',#6979);
#2021=VERTEX_POINT('',#6981);
#2022=VERTEX_POINT('',#6983);
#2023=VERTEX_POINT('',#6994);
#2024=VERTEX_POINT('',#6999);
#2025=VERTEX_POINT('',#7006);
#2026=VERTEX_POINT('',#7008);
#2027=VERTEX_POINT('',#7025);
#2028=VERTEX_POINT('',#7033);
#2029=VERTEX_POINT('',#7079);
#2030=VERTEX_POINT('',#7080);
#2031=VERTEX_POINT('',#7085);
#2032=VERTEX_POINT('',#7087);
#2033=VERTEX_POINT('',#7094);
#2034=VERTEX_POINT('',#7096);
#2035=VERTEX_POINT('',#7107);
#2036=VERTEX_POINT('',#7112);
#2037=VERTEX_POINT('',#7123);
#2038=VERTEX_POINT('',#7125);
#2039=VERTEX_POINT('',#7129);
#2040=VERTEX_POINT('',#7131);
#2041=VERTEX_POINT('',#7136);
#2042=VERTEX_POINT('',#7146);
#2043=VERTEX_POINT('',#7147);
#2044=VERTEX_POINT('',#7152);
#2045=VERTEX_POINT('',#7154);
#2046=VERTEX_POINT('',#7168);
#2047=VERTEX_POINT('',#7173);
#2048=VERTEX_POINT('',#7187);
#2049=VERTEX_POINT('',#7192);
#2050=VERTEX_POINT('',#7206);
#2051=VERTEX_POINT('',#7211);
#2052=VERTEX_POINT('',#7225);
#2053=VERTEX_POINT('',#7230);
#2054=VERTEX_POINT('',#7244);
#2055=VERTEX_POINT('',#7249);
#2056=VERTEX_POINT('',#7263);
#2057=VERTEX_POINT('',#7268);
#2058=VERTEX_POINT('',#7282);
#2059=VERTEX_POINT('',#7287);
#2060=VERTEX_POINT('',#7301);
#2061=VERTEX_POINT('',#7306);
#2062=VERTEX_POINT('',#7320);
#2063=VERTEX_POINT('',#7325);
#2064=VERTEX_POINT('',#7339);
#2065=VERTEX_POINT('',#7344);
#2066=VERTEX_POINT('',#7358);
#2067=VERTEX_POINT('',#7363);
#2068=VERTEX_POINT('',#7375);
#2069=VERTEX_POINT('',#7379);
#2070=VERTEX_POINT('',#7385);
#2071=VERTEX_POINT('',#7387);
#2072=VERTEX_POINT('',#7396);
#2073=VERTEX_POINT('',#7400);
#2074=VERTEX_POINT('',#7413);
#2075=VERTEX_POINT('',#7418);
#2076=VERTEX_POINT('',#7425);
#2077=VERTEX_POINT('',#7427);
#2078=VERTEX_POINT('',#7438);
#2079=VERTEX_POINT('',#7443);
#2080=VERTEX_POINT('',#7457);
#2081=VERTEX_POINT('',#7462);
#2082=VERTEX_POINT('',#7476);
#2083=VERTEX_POINT('',#7481);
#2084=VERTEX_POINT('',#7495);
#2085=VERTEX_POINT('',#7500);
#2086=VERTEX_POINT('',#7507);
#2087=VERTEX_POINT('',#7509);
#2088=VERTEX_POINT('',#7523);
#2089=VERTEX_POINT('',#7528);
#2090=VERTEX_POINT('',#7542);
#2091=VERTEX_POINT('',#7547);
#2092=VERTEX_POINT('',#7561);
#2093=VERTEX_POINT('',#7566);
#2094=VERTEX_POINT('',#7580);
#2095=VERTEX_POINT('',#7585);
#2096=VERTEX_POINT('',#7592);
#2097=VERTEX_POINT('',#7594);
#2098=VERTEX_POINT('',#7605);
#2099=VERTEX_POINT('',#7610);
#2100=VERTEX_POINT('',#7622);
#2101=VERTEX_POINT('',#7626);
#2102=VERTEX_POINT('',#7632);
#2103=VERTEX_POINT('',#7634);
#2104=VERTEX_POINT('',#7643);
#2105=VERTEX_POINT('',#7647);
#2106=VERTEX_POINT('',#7675);
#2107=VERTEX_POINT('',#7676);
#2108=VERTEX_POINT('',#7687);
#2109=VERTEX_POINT('',#7689);
#2110=VERTEX_POINT('',#7721);
#2111=VERTEX_POINT('',#7732);
#2112=VERTEX_POINT('',#7770);
#2113=VERTEX_POINT('',#7784);
#2114=VERTEX_POINT('',#7819);
#2115=VERTEX_POINT('',#7830);
#2116=VERTEX_POINT('',#7850);
#2117=VERTEX_POINT('',#7855);
#2118=VERTEX_POINT('',#7875);
#2119=VERTEX_POINT('',#7883);
#2120=VERTEX_POINT('',#7906);
#2121=VERTEX_POINT('',#7914);
#2122=VERTEX_POINT('',#7937);
#2123=VERTEX_POINT('',#7945);
#2124=VERTEX_POINT('',#7968);
#2125=VERTEX_POINT('',#7976);
#2126=VERTEX_POINT('',#7986);
#2127=VERTEX_POINT('',#7988);
#2128=VERTEX_POINT('',#8005);
#2129=VERTEX_POINT('',#8013);
#2130=VERTEX_POINT('',#8023);
#2131=VERTEX_POINT('',#8025);
#2132=VERTEX_POINT('',#8042);
#2133=VERTEX_POINT('',#8050);
#2134=VERTEX_POINT('',#8067);
#2135=VERTEX_POINT('',#8072);
#2136=VERTEX_POINT('',#8098);
#2137=VERTEX_POINT('',#8109);
#2138=VERTEX_POINT('',#8122);
#2139=VERTEX_POINT('',#8124);
#2140=VERTEX_POINT('',#8150);
#2141=VERTEX_POINT('',#8161);
#2142=VERTEX_POINT('',#8181);
#2143=VERTEX_POINT('',#8186);
#2144=VERTEX_POINT('',#8206);
#2145=VERTEX_POINT('',#8214);
#2146=VERTEX_POINT('',#8229);
#2147=VERTEX_POINT('',#8233);
#2148=VERTEX_POINT('',#8235);
#2149=VERTEX_POINT('',#8240);
#2150=VERTEX_POINT('',#8243);
#2151=VERTEX_POINT('',#8247);
#2152=VERTEX_POINT('',#8248);
#2153=VERTEX_POINT('',#8250);
#2154=VERTEX_POINT('',#8252);
#2155=VERTEX_POINT('',#8256);
#2156=VERTEX_POINT('',#8257);
#2157=VERTEX_POINT('',#8259);
#2158=VERTEX_POINT('',#8261);
#2159=VERTEX_POINT('',#8265);
#2160=VERTEX_POINT('',#8266);
#2161=VERTEX_POINT('',#8268);
#2162=VERTEX_POINT('',#8270);
#2163=VERTEX_POINT('',#8274);
#2164=VERTEX_POINT('',#8275);
#2165=VERTEX_POINT('',#8277);
#2166=VERTEX_POINT('',#8279);
#2167=VERTEX_POINT('',#8283);
#2168=VERTEX_POINT('',#8284);
#2169=VERTEX_POINT('',#8286);
#2170=VERTEX_POINT('',#8288);
#2171=VERTEX_POINT('',#8292);
#2172=VERTEX_POINT('',#8293);
#2173=VERTEX_POINT('',#8295);
#2174=VERTEX_POINT('',#8297);
#2175=VERTEX_POINT('',#8301);
#2176=VERTEX_POINT('',#8302);
#2177=VERTEX_POINT('',#8304);
#2178=VERTEX_POINT('',#8306);
#2179=VERTEX_POINT('',#8310);
#2180=VERTEX_POINT('',#8311);
#2181=VERTEX_POINT('',#8313);
#2182=VERTEX_POINT('',#8315);
#2183=VERTEX_POINT('',#8319);
#2184=VERTEX_POINT('',#8321);
#2185=VERTEX_POINT('',#8332);
#2186=VERTEX_POINT('',#8336);
#2187=VERTEX_POINT('',#8337);
#2188=VERTEX_POINT('',#8339);
#2189=VERTEX_POINT('',#8341);
#2190=VERTEX_POINT('',#8345);
#2191=VERTEX_POINT('',#8347);
#2192=VERTEX_POINT('',#8349);
#2193=VERTEX_POINT('',#8362);
#2194=VERTEX_POINT('',#8363);
#2195=VERTEX_POINT('',#8365);
#2196=VERTEX_POINT('',#8367);
#2197=VERTEX_POINT('',#8371);
#2198=VERTEX_POINT('',#8373);
#2199=VERTEX_POINT('',#8384);
#2200=VERTEX_POINT('',#8388);
#2201=VERTEX_POINT('',#8389);
#2202=VERTEX_POINT('',#8391);
#2203=VERTEX_POINT('',#8393);
#2204=VERTEX_POINT('',#8397);
#2205=VERTEX_POINT('',#8399);
#2206=VERTEX_POINT('',#8401);
#2207=VERTEX_POINT('',#8414);
#2208=VERTEX_POINT('',#8415);
#2209=VERTEX_POINT('',#8417);
#2210=VERTEX_POINT('',#8419);
#2211=VERTEX_POINT('',#8423);
#2212=VERTEX_POINT('',#8425);
#2213=VERTEX_POINT('',#8436);
#2214=VERTEX_POINT('',#8440);
#2215=VERTEX_POINT('',#8441);
#2216=VERTEX_POINT('',#8443);
#2217=VERTEX_POINT('',#8445);
#2218=VERTEX_POINT('',#8449);
#2219=VERTEX_POINT('',#8451);
#2220=VERTEX_POINT('',#8453);
#2221=VERTEX_POINT('',#8466);
#2222=VERTEX_POINT('',#8467);
#2223=VERTEX_POINT('',#8469);
#2224=VERTEX_POINT('',#8471);
#2225=VERTEX_POINT('',#8475);
#2226=VERTEX_POINT('',#8477);
#2227=VERTEX_POINT('',#8488);
#2228=VERTEX_POINT('',#8492);
#2229=VERTEX_POINT('',#8493);
#2230=VERTEX_POINT('',#8495);
#2231=VERTEX_POINT('',#8497);
#2232=VERTEX_POINT('',#8501);
#2233=VERTEX_POINT('',#8503);
#2234=VERTEX_POINT('',#8505);
#2235=VERTEX_POINT('',#8518);
#2236=VERTEX_POINT('',#8520);
#2237=VERTEX_POINT('',#8527);
#2238=VERTEX_POINT('',#8536);
#2239=VERTEX_POINT('',#8545);
#2240=VERTEX_POINT('',#8547);
#2241=VERTEX_POINT('',#8551);
#2242=VERTEX_POINT('',#8555);
#2243=VERTEX_POINT('',#8559);
#2244=VERTEX_POINT('',#8561);
#2245=VERTEX_POINT('',#8568);
#2246=VERTEX_POINT('',#8577);
#2247=VERTEX_POINT('',#8586);
#2248=VERTEX_POINT('',#8588);
#2249=VERTEX_POINT('',#8590);
#2250=VERTEX_POINT('',#8592);
#2251=VERTEX_POINT('',#8594);
#2252=VERTEX_POINT('',#8596);
#2253=VERTEX_POINT('',#8598);
#2254=VERTEX_POINT('',#8600);
#2255=VERTEX_POINT('',#8602);
#2256=VERTEX_POINT('',#8604);
#2257=VERTEX_POINT('',#8609);
#2258=VERTEX_POINT('',#8611);
#2259=VERTEX_POINT('',#8615);
#2260=VERTEX_POINT('',#8617);
#2261=VERTEX_POINT('',#8624);
#2262=VERTEX_POINT('',#8633);
#2263=VERTEX_POINT('',#8642);
#2264=VERTEX_POINT('',#8644);
#2265=VERTEX_POINT('',#8650);
#2266=VERTEX_POINT('',#8652);
#2267=VERTEX_POINT('',#8659);
#2268=VERTEX_POINT('',#8668);
#2269=VERTEX_POINT('',#8677);
#2270=VERTEX_POINT('',#8679);
#2271=VERTEX_POINT('',#8683);
#2272=VERTEX_POINT('',#8688);
#2273=VERTEX_POINT('',#8690);
#2274=VERTEX_POINT('',#8692);
#2275=VERTEX_POINT('',#8694);
#2276=VERTEX_POINT('',#8696);
#2277=VERTEX_POINT('',#8698);
#2278=VERTEX_POINT('',#8700);
#2279=VERTEX_POINT('',#8702);
#2280=VERTEX_POINT('',#8704);
#2281=VERTEX_POINT('',#8706);
#2282=VERTEX_POINT('',#8710);
#2283=VERTEX_POINT('',#8712);
#2284=VERTEX_POINT('',#8719);
#2285=VERTEX_POINT('',#8728);
#2286=VERTEX_POINT('',#8737);
#2287=VERTEX_POINT('',#8739);
#2288=VERTEX_POINT('',#8743);
#2289=VERTEX_POINT('',#8747);
#2290=VERTEX_POINT('',#8751);
#2291=VERTEX_POINT('',#8753);
#2292=VERTEX_POINT('',#8760);
#2293=VERTEX_POINT('',#8769);
#2294=VERTEX_POINT('',#8778);
#2295=VERTEX_POINT('',#8780);
#2296=VERTEX_POINT('',#8786);
#2297=VERTEX_POINT('',#8788);
#2298=VERTEX_POINT('',#8795);
#2299=VERTEX_POINT('',#8804);
#2300=VERTEX_POINT('',#8813);
#2301=VERTEX_POINT('',#8815);
#2302=VERTEX_POINT('',#8817);
#2303=VERTEX_POINT('',#8819);
#2304=VERTEX_POINT('',#8821);
#2305=VERTEX_POINT('',#8823);
#2306=VERTEX_POINT('',#8825);
#2307=VERTEX_POINT('',#8827);
#2308=VERTEX_POINT('',#8829);
#2309=VERTEX_POINT('',#8831);
#2310=VERTEX_POINT('',#8836);
#2311=VERTEX_POINT('',#8838);
#2312=VERTEX_POINT('',#8842);
#2313=VERTEX_POINT('',#8844);
#2314=VERTEX_POINT('',#8851);
#2315=VERTEX_POINT('',#8860);
#2316=VERTEX_POINT('',#8869);
#2317=VERTEX_POINT('',#8871);
#2318=VERTEX_POINT('',#8875);
#2319=VERTEX_POINT('',#8879);
#2320=VERTEX_POINT('',#8885);
#2321=VERTEX_POINT('',#8887);
#2322=VERTEX_POINT('',#8889);
#2323=VERTEX_POINT('',#8891);
#2324=VERTEX_POINT('',#8893);
#2325=VERTEX_POINT('',#8895);
#2326=VERTEX_POINT('',#8897);
#2327=VERTEX_POINT('',#8899);
#2328=VERTEX_POINT('',#8901);
#2329=VERTEX_POINT('',#8903);
#2330=VERTEX_POINT('',#8909);
#2331=VERTEX_POINT('',#8911);
#2332=VERTEX_POINT('',#8913);
#2333=VERTEX_POINT('',#8915);
#2334=VERTEX_POINT('',#8917);
#2335=VERTEX_POINT('',#8919);
#2336=VERTEX_POINT('',#8921);
#2337=VERTEX_POINT('',#8923);
#2338=VERTEX_POINT('',#8925);
#2339=VERTEX_POINT('',#8927);
#2340=VERTEX_POINT('',#8932);
#2341=VERTEX_POINT('',#8934);
#2342=VERTEX_POINT('',#8936);
#2343=VERTEX_POINT('',#8938);
#2344=VERTEX_POINT('',#8940);
#2345=VERTEX_POINT('',#8942);
#2346=VERTEX_POINT('',#8944);
#2347=VERTEX_POINT('',#8946);
#2348=VERTEX_POINT('',#8948);
#2349=VERTEX_POINT('',#8950);
#2350=VERTEX_POINT('',#8952);
#2351=VERTEX_POINT('',#8954);
#2352=VERTEX_POINT('',#8958);
#2353=VERTEX_POINT('',#8960);
#2354=VERTEX_POINT('',#8962);
#2355=VERTEX_POINT('',#8964);
#2356=VERTEX_POINT('',#8966);
#2357=VERTEX_POINT('',#8968);
#2358=VERTEX_POINT('',#8970);
#2359=VERTEX_POINT('',#8972);
#2360=VERTEX_POINT('',#8974);
#2361=VERTEX_POINT('',#8976);
#2362=VERTEX_POINT('',#8979);
#2363=VERTEX_POINT('',#8981);
#2364=VERTEX_POINT('',#8986);
#2365=VERTEX_POINT('',#8988);
#2366=VERTEX_POINT('',#8990);
#2367=VERTEX_POINT('',#8992);
#2368=VERTEX_POINT('',#8994);
#2369=VERTEX_POINT('',#8996);
#2370=VERTEX_POINT('',#8998);
#2371=VERTEX_POINT('',#9000);
#2372=VERTEX_POINT('',#9002);
#2373=VERTEX_POINT('',#9004);
#2374=VERTEX_POINT('',#9007);
#2375=VERTEX_POINT('',#9009);
#2376=VERTEX_POINT('',#9014);
#2377=VERTEX_POINT('',#9017);
#2378=VERTEX_POINT('',#9019);
#2379=VERTEX_POINT('',#9021);
#2380=VERTEX_POINT('',#9023);
#2381=VERTEX_POINT('',#9025);
#2382=VERTEX_POINT('',#9027);
#2383=VERTEX_POINT('',#9029);
#2384=VERTEX_POINT('',#9031);
#2385=VERTEX_POINT('',#9033);
#2386=VERTEX_POINT('',#9035);
#2387=VERTEX_POINT('',#9042);
#2388=VERTEX_POINT('',#9046);
#2389=VERTEX_POINT('',#9052);
#2390=VERTEX_POINT('',#9056);
#2391=VERTEX_POINT('',#9062);
#2392=VERTEX_POINT('',#9066);
#2393=VERTEX_POINT('',#9072);
#2394=VERTEX_POINT('',#9076);
#2395=VERTEX_POINT('',#9082);
#2396=VERTEX_POINT('',#9086);
#2397=VERTEX_POINT('',#9092);
#2398=VERTEX_POINT('',#9096);
#2399=VERTEX_POINT('',#9102);
#2400=VERTEX_POINT('',#9106);
#2401=VERTEX_POINT('',#9112);
#2402=VERTEX_POINT('',#9116);
#2403=VERTEX_POINT('',#9122);
#2404=VERTEX_POINT('',#9126);
#2405=VERTEX_POINT('',#9132);
#2406=VERTEX_POINT('',#9136);
#2407=VERTEX_POINT('',#9154);
#2408=VERTEX_POINT('',#9155);
#2409=VERTEX_POINT('',#9167);
#2410=VERTEX_POINT('',#9171);
#2411=VERTEX_POINT('',#9175);
#2412=VERTEX_POINT('',#9179);
#2413=VERTEX_POINT('',#9183);
#2414=VERTEX_POINT('',#9187);
#2415=VERTEX_POINT('',#9191);
#2416=VERTEX_POINT('',#9195);
#2417=VERTEX_POINT('',#9199);
#2418=VERTEX_POINT('',#9203);
#2419=VERTEX_POINT('',#9211);
#2420=VERTEX_POINT('',#9213);
#2421=VERTEX_POINT('',#9215);
#2422=VERTEX_POINT('',#9217);
#2423=VERTEX_POINT('',#9219);
#2424=VERTEX_POINT('',#9221);
#2425=VERTEX_POINT('',#9223);
#2426=VERTEX_POINT('',#9225);
#2427=VERTEX_POINT('',#9227);
#2428=VERTEX_POINT('',#9229);
#2429=VERTEX_POINT('',#9231);
#2430=VERTEX_POINT('',#9233);
#2431=VERTEX_POINT('',#9238);
#2432=VERTEX_POINT('',#9240);
#2433=VERTEX_POINT('',#9242);
#2434=VERTEX_POINT('',#9244);
#2435=VERTEX_POINT('',#9246);
#2436=VERTEX_POINT('',#9248);
#2437=VERTEX_POINT('',#9250);
#2438=VERTEX_POINT('',#9252);
#2439=VERTEX_POINT('',#9254);
#2440=VERTEX_POINT('',#9256);
#2441=VERTEX_POINT('',#9258);
#2442=VERTEX_POINT('',#9266);
#2443=VERTEX_POINT('',#9270);
#2444=VERTEX_POINT('',#9274);
#2445=VERTEX_POINT('',#9278);
#2446=VERTEX_POINT('',#9282);
#2447=VERTEX_POINT('',#9286);
#2448=VERTEX_POINT('',#9290);
#2449=VERTEX_POINT('',#9294);
#2450=VERTEX_POINT('',#9298);
#2451=VERTEX_POINT('',#9302);
#2452=VERTEX_POINT('',#9308);
#2453=VERTEX_POINT('',#9310);
#2454=VERTEX_POINT('',#9322);
#2455=VERTEX_POINT('',#9330);
#2456=VERTEX_POINT('',#9338);
#2457=VERTEX_POINT('',#9346);
#2458=VERTEX_POINT('',#9354);
#2459=VERTEX_POINT('',#9362);
#2460=VERTEX_POINT('',#9370);
#2461=VERTEX_POINT('',#9378);
#2462=VERTEX_POINT('',#9386);
#2463=EDGE_CURVE('',#1971,#1972,#1866,.T.);
#2464=EDGE_CURVE('',#1971,#1973,#1090,.T.);
#2465=EDGE_CURVE('',#1974,#1973,#1867,.T.);
#2466=EDGE_CURVE('',#1972,#1974,#1091,.T.);
#2467=EDGE_CURVE('',#1972,#1975,#221,.T.);
#2468=EDGE_CURVE('',#1976,#1974,#222,.T.);
#2469=EDGE_CURVE('',#1975,#1976,#1092,.T.);
#2470=EDGE_CURVE('',#1975,#1977,#1868,.T.);
#2471=EDGE_CURVE('',#1978,#1976,#1869,.T.);
#2472=EDGE_CURVE('',#1977,#1978,#1093,.T.);
#2473=EDGE_CURVE('',#1977,#1971,#223,.T.);
#2474=EDGE_CURVE('',#1973,#1978,#224,.T.);
#2475=EDGE_CURVE('',#1979,#1980,#1094,.T.);
#2476=EDGE_CURVE('',#1979,#1981,#1095,.T.);
#2477=EDGE_CURVE('',#1982,#1981,#1870,.T.);
#2478=EDGE_CURVE('',#1980,#1982,#1096,.T.);
#2479=EDGE_CURVE('',#1980,#1983,#1871,.T.);
#2480=EDGE_CURVE('',#1984,#1982,#1872,.T.);
#2481=EDGE_CURVE('',#1983,#1984,#1097,.T.);
#2482=EDGE_CURVE('',#1983,#1985,#1098,.T.);
#2483=EDGE_CURVE('',#1986,#1984,#1099,.T.);
#2484=EDGE_CURVE('',#1985,#1986,#1100,.T.);
#2485=EDGE_CURVE('',#1985,#1987,#1873,.T.);
#2486=EDGE_CURVE('',#1988,#1986,#1874,.T.);
#2487=EDGE_CURVE('',#1987,#1988,#1101,.T.);
#2488=EDGE_CURVE('',#1987,#1989,#1102,.T.);
#2489=EDGE_CURVE('',#1990,#1988,#1875,.T.);
#2490=EDGE_CURVE('',#1989,#1990,#1103,.T.);
#2491=EDGE_CURVE('',#1989,#1991,#1104,.T.);
#2492=EDGE_CURVE('',#1992,#1990,#1105,.T.);
#2493=EDGE_CURVE('',#1991,#1992,#1106,.T.);
#2494=EDGE_CURVE('',#1991,#1993,#225,.T.);
#2495=EDGE_CURVE('',#1994,#1992,#226,.T.);
#2496=EDGE_CURVE('',#1993,#1994,#1107,.T.);
#2497=EDGE_CURVE('',#1993,#1979,#1108,.T.);
#2498=EDGE_CURVE('',#1981,#1994,#1109,.T.);
#2499=EDGE_CURVE('',#1995,#1996,#227,.T.);
#2500=EDGE_CURVE('',#1995,#1997,#1110,.T.);
#2501=EDGE_CURVE('',#1998,#1997,#228,.T.);
#2502=EDGE_CURVE('',#1996,#1998,#1111,.T.);
#2503=EDGE_CURVE('',#1996,#1999,#1876,.T.);
#2504=EDGE_CURVE('',#2000,#1998,#1877,.T.);
#2505=EDGE_CURVE('',#1999,#2000,#1112,.T.);
#2506=EDGE_CURVE('',#1999,#2001,#229,.T.);
#2507=EDGE_CURVE('',#2002,#2000,#230,.T.);
#2508=EDGE_CURVE('',#2001,#2002,#1113,.T.);
#2509=EDGE_CURVE('',#2001,#1995,#1878,.T.);
#2510=EDGE_CURVE('',#1997,#2002,#1879,.T.);
#2511=EDGE_CURVE('',#2003,#2004,#231,.T.);
#2512=EDGE_CURVE('',#2003,#2005,#1114,.T.);
#2513=EDGE_CURVE('',#2006,#2005,#232,.T.);
#2514=EDGE_CURVE('',#2004,#2006,#1115,.T.);
#2515=EDGE_CURVE('',#2004,#2007,#1880,.T.);
#2516=EDGE_CURVE('',#2008,#2006,#1881,.T.);
#2517=EDGE_CURVE('',#2007,#2008,#1116,.T.);
#2518=EDGE_CURVE('',#2007,#2009,#233,.T.);
#2519=EDGE_CURVE('',#2010,#2008,#234,.T.);
#2520=EDGE_CURVE('',#2009,#2010,#1117,.T.);
#2521=EDGE_CURVE('',#2009,#2003,#1882,.T.);
#2522=EDGE_CURVE('',#2005,#2010,#1883,.T.);
#2523=EDGE_CURVE('',#2011,#2012,#1884,.T.);
#2524=EDGE_CURVE('',#2011,#2013,#1118,.T.);
#2525=EDGE_CURVE('',#2014,#2013,#1885,.T.);
#2526=EDGE_CURVE('',#2012,#2014,#1119,.T.);
#2527=EDGE_CURVE('',#2012,#2015,#235,.T.);
#2528=EDGE_CURVE('',#2016,#2014,#236,.T.);
#2529=EDGE_CURVE('',#2015,#2016,#1120,.T.);
#2530=EDGE_CURVE('',#2015,#2017,#1886,.T.);
#2531=EDGE_CURVE('',#2018,#2016,#1887,.T.);
#2532=EDGE_CURVE('',#2017,#2018,#1121,.T.);
#2533=EDGE_CURVE('',#2017,#2011,#237,.T.);
#2534=EDGE_CURVE('',#2013,#2018,#238,.T.);
#2535=EDGE_CURVE('',#2019,#2020,#239,.T.);
#2536=EDGE_CURVE('',#2019,#2021,#1122,.T.);
#2537=EDGE_CURVE('',#2022,#2021,#240,.T.);
#2538=EDGE_CURVE('',#2020,#2022,#1123,.T.);
#2539=EDGE_CURVE('',#2020,#2023,#1888,.T.);
#2540=EDGE_CURVE('',#2024,#2022,#1889,.T.);
#2541=EDGE_CURVE('',#2023,#2024,#1124,.T.);
#2542=EDGE_CURVE('',#2023,#2025,#241,.T.);
#2543=EDGE_CURVE('',#2026,#2024,#242,.T.);
#2544=EDGE_CURVE('',#2025,#2026,#1125,.T.);
#2545=EDGE_CURVE('',#2025,#2027,#1890,.T.);
#2546=EDGE_CURVE('',#2028,#2026,#1891,.T.);
#2547=EDGE_CURVE('',#2027,#2028,#1126,.T.);
#2548=EDGE_CURVE('',#2027,#2019,#1892,.T.);
#2549=EDGE_CURVE('',#2021,#2028,#1893,.T.);
#2550=EDGE_CURVE('',#2029,#2030,#1894,.T.);
#2551=EDGE_CURVE('',#2029,#2031,#1127,.T.);
#2552=EDGE_CURVE('',#2032,#2031,#1895,.T.);
#2553=EDGE_CURVE('',#2030,#2032,#1128,.T.);
#2554=EDGE_CURVE('',#2030,#2033,#243,.T.);
#2555=EDGE_CURVE('',#2034,#2032,#244,.T.);
#2556=EDGE_CURVE('',#2033,#2034,#1129,.T.);
#2557=EDGE_CURVE('',#2033,#2035,#1896,.T.);
#2558=EDGE_CURVE('',#2036,#2034,#1897,.T.);
#2559=EDGE_CURVE('',#2035,#2036,#1130,.T.);
#2560=EDGE_CURVE('',#2035,#2029,#245,.T.);
#2561=EDGE_CURVE('',#2031,#2036,#246,.T.);
#2562=EDGE_CURVE('',#2037,#2037,#247,.T.);
#2563=EDGE_CURVE('',#2037,#2038,#1131,.T.);
#2564=EDGE_CURVE('',#2038,#2038,#248,.T.);
#2565=EDGE_CURVE('',#2039,#2039,#249,.T.);
#2566=EDGE_CURVE('',#2039,#2040,#1132,.T.);
#2567=EDGE_CURVE('',#2040,#2040,#250,.T.);
#2568=EDGE_CURVE('',#2041,#2041,#251,.T.);
#2569=EDGE_CURVE('',#2042,#2043,#55,.T.);
#2570=EDGE_CURVE('',#2042,#2044,#1133,.T.);
#2571=EDGE_CURVE('',#2045,#2044,#56,.T.);
#2572=EDGE_CURVE('',#2043,#2045,#1134,.T.);
#2573=EDGE_CURVE('',#2043,#2046,#57,.T.);
#2574=EDGE_CURVE('',#2047,#2045,#58,.T.);
#2575=EDGE_CURVE('',#2046,#2047,#1135,.T.);
#2576=EDGE_CURVE('',#2046,#2048,#59,.T.);
#2577=EDGE_CURVE('',#2049,#2047,#60,.T.);
#2578=EDGE_CURVE('',#2048,#2049,#1136,.T.);
#2579=EDGE_CURVE('',#2048,#2050,#61,.T.);
#2580=EDGE_CURVE('',#2051,#2049,#62,.T.);
#2581=EDGE_CURVE('',#2050,#2051,#1137,.T.);
#2582=EDGE_CURVE('',#2050,#2052,#63,.T.);
#2583=EDGE_CURVE('',#2053,#2051,#64,.T.);
#2584=EDGE_CURVE('',#2052,#2053,#1138,.T.);
#2585=EDGE_CURVE('',#2052,#2054,#65,.T.);
#2586=EDGE_CURVE('',#2055,#2053,#66,.T.);
#2587=EDGE_CURVE('',#2054,#2055,#1139,.T.);
#2588=EDGE_CURVE('',#2054,#2056,#67,.T.);
#2589=EDGE_CURVE('',#2057,#2055,#68,.T.);
#2590=EDGE_CURVE('',#2056,#2057,#1140,.T.);
#2591=EDGE_CURVE('',#2056,#2058,#69,.T.);
#2592=EDGE_CURVE('',#2059,#2057,#70,.T.);
#2593=EDGE_CURVE('',#2058,#2059,#1141,.T.);
#2594=EDGE_CURVE('',#2058,#2060,#71,.T.);
#2595=EDGE_CURVE('',#2061,#2059,#72,.T.);
#2596=EDGE_CURVE('',#2060,#2061,#1142,.T.);
#2597=EDGE_CURVE('',#2060,#2062,#73,.T.);
#2598=EDGE_CURVE('',#2063,#2061,#74,.T.);
#2599=EDGE_CURVE('',#2062,#2063,#1143,.T.);
#2600=EDGE_CURVE('',#2062,#2064,#75,.T.);
#2601=EDGE_CURVE('',#2065,#2063,#76,.T.);
#2602=EDGE_CURVE('',#2064,#2065,#1144,.T.);
#2603=EDGE_CURVE('',#2064,#2066,#77,.T.);
#2604=EDGE_CURVE('',#2067,#2065,#78,.T.);
#2605=EDGE_CURVE('',#2066,#2067,#1145,.T.);
#2606=EDGE_CURVE('',#2066,#2068,#1898,.T.);
#2607=EDGE_CURVE('',#2069,#2067,#1899,.T.);
#2608=EDGE_CURVE('',#2068,#2069,#1146,.T.);
#2609=EDGE_CURVE('',#2068,#2070,#1147,.T.);
#2610=EDGE_CURVE('',#2071,#2069,#1148,.T.);
#2611=EDGE_CURVE('',#2070,#2071,#1149,.T.);
#2612=EDGE_CURVE('',#2070,#2072,#1900,.T.);
#2613=EDGE_CURVE('',#2073,#2071,#1901,.T.);
#2614=EDGE_CURVE('',#2072,#2073,#1150,.T.);
#2615=EDGE_CURVE('',#2072,#2074,#79,.T.);
#2616=EDGE_CURVE('',#2075,#2073,#80,.T.);
#2617=EDGE_CURVE('',#2074,#2075,#1151,.T.);
#2618=EDGE_CURVE('',#2074,#2076,#1152,.T.);
#2619=EDGE_CURVE('',#2077,#2075,#1153,.T.);
#2620=EDGE_CURVE('',#2076,#2077,#1154,.T.);
#2621=EDGE_CURVE('',#2076,#2078,#81,.T.);
#2622=EDGE_CURVE('',#2079,#2077,#82,.T.);
#2623=EDGE_CURVE('',#2078,#2079,#1155,.T.);
#2624=EDGE_CURVE('',#2078,#2080,#83,.T.);
#2625=EDGE_CURVE('',#2081,#2079,#84,.T.);
#2626=EDGE_CURVE('',#2080,#2081,#1156,.T.);
#2627=EDGE_CURVE('',#2080,#2082,#85,.T.);
#2628=EDGE_CURVE('',#2083,#2081,#86,.T.);
#2629=EDGE_CURVE('',#2082,#2083,#1157,.T.);
#2630=EDGE_CURVE('',#2082,#2084,#87,.T.);
#2631=EDGE_CURVE('',#2085,#2083,#88,.T.);
#2632=EDGE_CURVE('',#2084,#2085,#1158,.T.);
#2633=EDGE_CURVE('',#2084,#2086,#1159,.T.);
#2634=EDGE_CURVE('',#2087,#2085,#89,.T.);
#2635=EDGE_CURVE('',#2086,#2087,#1160,.T.);
#2636=EDGE_CURVE('',#2086,#2088,#90,.T.);
#2637=EDGE_CURVE('',#2089,#2087,#91,.T.);
#2638=EDGE_CURVE('',#2088,#2089,#1161,.T.);
#2639=EDGE_CURVE('',#2088,#2090,#92,.T.);
#2640=EDGE_CURVE('',#2091,#2089,#93,.T.);
#2641=EDGE_CURVE('',#2090,#2091,#1162,.T.);
#2642=EDGE_CURVE('',#2090,#2092,#94,.T.);
#2643=EDGE_CURVE('',#2093,#2091,#95,.T.);
#2644=EDGE_CURVE('',#2092,#2093,#1163,.T.);
#2645=EDGE_CURVE('',#2092,#2094,#96,.T.);
#2646=EDGE_CURVE('',#2095,#2093,#97,.T.);
#2647=EDGE_CURVE('',#2094,#2095,#1164,.T.);
#2648=EDGE_CURVE('',#2094,#2096,#1165,.T.);
#2649=EDGE_CURVE('',#2097,#2095,#1166,.T.);
#2650=EDGE_CURVE('',#2096,#2097,#1167,.T.);
#2651=EDGE_CURVE('',#2096,#2098,#98,.T.);
#2652=EDGE_CURVE('',#2099,#2097,#99,.T.);
#2653=EDGE_CURVE('',#2098,#2099,#1168,.T.);
#2654=EDGE_CURVE('',#2098,#2100,#1902,.T.);
#2655=EDGE_CURVE('',#2101,#2099,#1903,.T.);
#2656=EDGE_CURVE('',#2100,#2101,#1169,.T.);
#2657=EDGE_CURVE('',#2100,#2102,#1170,.T.);
#2658=EDGE_CURVE('',#2103,#2101,#1171,.T.);
#2659=EDGE_CURVE('',#2102,#2103,#1172,.T.);
#2660=EDGE_CURVE('',#2102,#2104,#1904,.T.);
#2661=EDGE_CURVE('',#2105,#2103,#1905,.T.);
#2662=EDGE_CURVE('',#2104,#2105,#1173,.T.);
#2663=EDGE_CURVE('',#2104,#2042,#1174,.T.);
#2664=EDGE_CURVE('',#2044,#2105,#1175,.T.);
#2665=EDGE_CURVE('',#2106,#2107,#1906,.T.);
#2666=EDGE_CURVE('',#2106,#2108,#1176,.T.);
#2667=EDGE_CURVE('',#2109,#2108,#1907,.T.);
#2668=EDGE_CURVE('',#2107,#2109,#1177,.T.);
#2669=EDGE_CURVE('',#2107,#2110,#1908,.T.);
#2670=EDGE_CURVE('',#2111,#2109,#1909,.T.);
#2671=EDGE_CURVE('',#2110,#2111,#1178,.T.);
#2672=EDGE_CURVE('',#2110,#2112,#1910,.T.);
#2673=EDGE_CURVE('',#2113,#2111,#1911,.T.);
#2674=EDGE_CURVE('',#2112,#2113,#1179,.T.);
#2675=EDGE_CURVE('',#2112,#2114,#1912,.T.);
#2676=EDGE_CURVE('',#2115,#2113,#1913,.T.);
#2677=EDGE_CURVE('',#2114,#2115,#1180,.T.);
#2678=EDGE_CURVE('',#2114,#2116,#1914,.T.);
#2679=EDGE_CURVE('',#2117,#2115,#1915,.T.);
#2680=EDGE_CURVE('',#2116,#2117,#1181,.T.);
#2681=EDGE_CURVE('',#2116,#2118,#1916,.T.);
#2682=EDGE_CURVE('',#2119,#2117,#1917,.T.);
#2683=EDGE_CURVE('',#2118,#2119,#1182,.T.);
#2684=EDGE_CURVE('',#2118,#2120,#1918,.T.);
#2685=EDGE_CURVE('',#2121,#2119,#1919,.T.);
#2686=EDGE_CURVE('',#2120,#2121,#1183,.T.);
#2687=EDGE_CURVE('',#2120,#2122,#1920,.T.);
#2688=EDGE_CURVE('',#2123,#2121,#1921,.T.);
#2689=EDGE_CURVE('',#2122,#2123,#1184,.T.);
#2690=EDGE_CURVE('',#2122,#2124,#1922,.T.);
#2691=EDGE_CURVE('',#2125,#2123,#1923,.T.);
#2692=EDGE_CURVE('',#2124,#2125,#1185,.T.);
#2693=EDGE_CURVE('',#2124,#2126,#1186,.T.);
#2694=EDGE_CURVE('',#2127,#2125,#1187,.T.);
#2695=EDGE_CURVE('',#2126,#2127,#1188,.T.);
#2696=EDGE_CURVE('',#2126,#2128,#1924,.T.);
#2697=EDGE_CURVE('',#2129,#2127,#1925,.T.);
#2698=EDGE_CURVE('',#2128,#2129,#1189,.T.);
#2699=EDGE_CURVE('',#2128,#2130,#1190,.T.);
#2700=EDGE_CURVE('',#2131,#2129,#1191,.T.);
#2701=EDGE_CURVE('',#2130,#2131,#1192,.T.);
#2702=EDGE_CURVE('',#2130,#2132,#1926,.T.);
#2703=EDGE_CURVE('',#2133,#2131,#1927,.T.);
#2704=EDGE_CURVE('',#2132,#2133,#1193,.T.);
#2705=EDGE_CURVE('',#2132,#2134,#1928,.T.);
#2706=EDGE_CURVE('',#2135,#2133,#1929,.T.);
#2707=EDGE_CURVE('',#2134,#2135,#1194,.T.);
#2708=EDGE_CURVE('',#2134,#2136,#1930,.T.);
#2709=EDGE_CURVE('',#2137,#2135,#1931,.T.);
#2710=EDGE_CURVE('',#2136,#2137,#1195,.T.);
#2711=EDGE_CURVE('',#2136,#2138,#1196,.T.);
#2712=EDGE_CURVE('',#2139,#2137,#1932,.T.);
#2713=EDGE_CURVE('',#2138,#2139,#1197,.T.);
#2714=EDGE_CURVE('',#2138,#2140,#1933,.T.);
#2715=EDGE_CURVE('',#2141,#2139,#1934,.T.);
#2716=EDGE_CURVE('',#2140,#2141,#1198,.T.);
#2717=EDGE_CURVE('',#2140,#2142,#1935,.T.);
#2718=EDGE_CURVE('',#2143,#2141,#1936,.T.);
#2719=EDGE_CURVE('',#2142,#2143,#1199,.T.);
#2720=EDGE_CURVE('',#2142,#2144,#1937,.T.);
#2721=EDGE_CURVE('',#2145,#2143,#1938,.T.);
#2722=EDGE_CURVE('',#2144,#2145,#1200,.T.);
#2723=EDGE_CURVE('',#2144,#2106,#1201,.T.);
#2724=EDGE_CURVE('',#2108,#2145,#1202,.T.);
#2725=EDGE_CURVE('',#2146,#2146,#252,.T.);
#2726=EDGE_CURVE('',#2146,#2041,#1203,.T.);
#2727=EDGE_CURVE('',#2147,#2147,#253,.T.);
#2728=EDGE_CURVE('',#2147,#2148,#1204,.T.);
#2729=EDGE_CURVE('',#2148,#2148,#254,.T.);
#2730=EDGE_CURVE('',#2149,#2149,#255,.T.);
#2731=EDGE_CURVE('',#2150,#2150,#256,.T.);
#2732=EDGE_CURVE('',#2150,#2149,#1205,.T.);
#2733=EDGE_CURVE('',#2151,#2152,#257,.T.);
#2734=EDGE_CURVE('',#2152,#2153,#1206,.T.);
#2735=EDGE_CURVE('',#2153,#2154,#258,.T.);
#2736=EDGE_CURVE('',#2154,#2151,#1207,.T.);
#2737=EDGE_CURVE('',#2155,#2156,#259,.T.);
#2738=EDGE_CURVE('',#2156,#2157,#1208,.T.);
#2739=EDGE_CURVE('',#2157,#2158,#260,.T.);
#2740=EDGE_CURVE('',#2158,#2155,#1209,.T.);
#2741=EDGE_CURVE('',#2159,#2160,#261,.T.);
#2742=EDGE_CURVE('',#2160,#2161,#1210,.T.);
#2743=EDGE_CURVE('',#2161,#2162,#262,.T.);
#2744=EDGE_CURVE('',#2162,#2159,#1211,.T.);
#2745=EDGE_CURVE('',#2163,#2164,#263,.T.);
#2746=EDGE_CURVE('',#2164,#2165,#1212,.T.);
#2747=EDGE_CURVE('',#2165,#2166,#264,.T.);
#2748=EDGE_CURVE('',#2166,#2163,#1213,.T.);
#2749=EDGE_CURVE('',#2167,#2168,#265,.T.);
#2750=EDGE_CURVE('',#2168,#2169,#1214,.T.);
#2751=EDGE_CURVE('',#2169,#2170,#266,.T.);
#2752=EDGE_CURVE('',#2170,#2167,#1215,.T.);
#2753=EDGE_CURVE('',#2171,#2172,#267,.T.);
#2754=EDGE_CURVE('',#2172,#2173,#1216,.T.);
#2755=EDGE_CURVE('',#2173,#2174,#268,.T.);
#2756=EDGE_CURVE('',#2174,#2171,#1217,.T.);
#2757=EDGE_CURVE('',#2175,#2176,#269,.T.);
#2758=EDGE_CURVE('',#2176,#2177,#1218,.T.);
#2759=EDGE_CURVE('',#2177,#2178,#270,.T.);
#2760=EDGE_CURVE('',#2178,#2175,#1219,.T.);
#2761=EDGE_CURVE('',#2179,#2180,#271,.T.);
#2762=EDGE_CURVE('',#2180,#2181,#272,.T.);
#2763=EDGE_CURVE('',#2181,#2182,#273,.T.);
#2764=EDGE_CURVE('',#2182,#2179,#274,.T.);
#2765=EDGE_CURVE('',#2180,#2183,#1220,.T.);
#2766=EDGE_CURVE('',#2184,#2183,#1939,.T.);
#2767=EDGE_CURVE('',#2185,#2184,#275,.T.);
#2768=EDGE_CURVE('',#2185,#2181,#1221,.T.);
#2769=EDGE_CURVE('',#2186,#2187,#276,.T.);
#2770=EDGE_CURVE('',#2187,#2188,#277,.T.);
#2771=EDGE_CURVE('',#2188,#2189,#278,.T.);
#2772=EDGE_CURVE('',#2189,#2186,#279,.T.);
#2773=EDGE_CURVE('',#2187,#2190,#1222,.T.);
#2774=EDGE_CURVE('',#2191,#2190,#280,.T.);
#2775=EDGE_CURVE('',#2192,#2191,#1940,.T.);
#2776=EDGE_CURVE('',#2192,#2188,#1223,.T.);
#2777=EDGE_CURVE('',#2193,#2194,#281,.T.);
#2778=EDGE_CURVE('',#2194,#2195,#282,.T.);
#2779=EDGE_CURVE('',#2195,#2196,#283,.T.);
#2780=EDGE_CURVE('',#2196,#2193,#284,.T.);
#2781=EDGE_CURVE('',#2194,#2197,#1224,.T.);
#2782=EDGE_CURVE('',#2198,#2197,#1941,.T.);
#2783=EDGE_CURVE('',#2199,#2198,#285,.T.);
#2784=EDGE_CURVE('',#2199,#2195,#1225,.T.);
#2785=EDGE_CURVE('',#2200,#2201,#286,.T.);
#2786=EDGE_CURVE('',#2201,#2202,#287,.T.);
#2787=EDGE_CURVE('',#2202,#2203,#288,.T.);
#2788=EDGE_CURVE('',#2203,#2200,#289,.T.);
#2789=EDGE_CURVE('',#2201,#2204,#1226,.T.);
#2790=EDGE_CURVE('',#2205,#2204,#290,.T.);
#2791=EDGE_CURVE('',#2206,#2205,#1942,.T.);
#2792=EDGE_CURVE('',#2206,#2202,#1227,.T.);
#2793=EDGE_CURVE('',#2207,#2208,#291,.T.);
#2794=EDGE_CURVE('',#2208,#2209,#292,.T.);
#2795=EDGE_CURVE('',#2209,#2210,#293,.T.);
#2796=EDGE_CURVE('',#2210,#2207,#294,.T.);
#2797=EDGE_CURVE('',#2208,#2211,#1228,.T.);
#2798=EDGE_CURVE('',#2212,#2211,#1943,.T.);
#2799=EDGE_CURVE('',#2213,#2212,#295,.T.);
#2800=EDGE_CURVE('',#2213,#2209,#1229,.T.);
#2801=EDGE_CURVE('',#2214,#2215,#296,.T.);
#2802=EDGE_CURVE('',#2215,#2216,#297,.T.);
#2803=EDGE_CURVE('',#2216,#2217,#298,.T.);
#2804=EDGE_CURVE('',#2217,#2214,#299,.T.);
#2805=EDGE_CURVE('',#2215,#2218,#1230,.T.);
#2806=EDGE_CURVE('',#2219,#2218,#300,.T.);
#2807=EDGE_CURVE('',#2220,#2219,#1944,.T.);
#2808=EDGE_CURVE('',#2220,#2216,#1231,.T.);
#2809=EDGE_CURVE('',#2221,#2222,#301,.T.);
#2810=EDGE_CURVE('',#2222,#2223,#302,.T.);
#2811=EDGE_CURVE('',#2223,#2224,#303,.T.);
#2812=EDGE_CURVE('',#2224,#2221,#304,.T.);
#2813=EDGE_CURVE('',#2222,#2225,#1232,.T.);
#2814=EDGE_CURVE('',#2226,#2225,#1945,.T.);
#2815=EDGE_CURVE('',#2227,#2226,#305,.T.);
#2816=EDGE_CURVE('',#2227,#2223,#1233,.T.);
#2817=EDGE_CURVE('',#2228,#2229,#306,.T.);
#2818=EDGE_CURVE('',#2229,#2230,#307,.T.);
#2819=EDGE_CURVE('',#2230,#2231,#308,.T.);
#2820=EDGE_CURVE('',#2231,#2228,#309,.T.);
#2821=EDGE_CURVE('',#2229,#2232,#1234,.T.);
#2822=EDGE_CURVE('',#2233,#2232,#310,.T.);
#2823=EDGE_CURVE('',#2234,#2233,#1946,.T.);
#2824=EDGE_CURVE('',#2234,#2230,#1235,.T.);
#2825=EDGE_CURVE('',#2211,#2235,#1236,.T.);
#2826=EDGE_CURVE('',#2235,#2236,#1947,.T.);
#2827=EDGE_CURVE('',#2236,#2237,#1948,.T.);
#2828=EDGE_CURVE('',#2237,#2238,#1949,.T.);
#2829=EDGE_CURVE('',#2238,#2212,#1237,.T.);
#2830=EDGE_CURVE('',#2239,#2237,#311,.T.);
#2831=EDGE_CURVE('',#2239,#2240,#1238,.T.);
#2832=EDGE_CURVE('',#2238,#2240,#312,.T.);
#2833=EDGE_CURVE('',#2241,#2236,#313,.T.);
#2834=EDGE_CURVE('',#2241,#2239,#1239,.T.);
#2835=EDGE_CURVE('',#2235,#2242,#314,.T.);
#2836=EDGE_CURVE('',#2242,#2241,#1240,.T.);
#2837=EDGE_CURVE('',#2205,#2243,#1241,.T.);
#2838=EDGE_CURVE('',#2243,#2244,#1950,.T.);
#2839=EDGE_CURVE('',#2244,#2245,#1951,.T.);
#2840=EDGE_CURVE('',#2245,#2246,#1952,.T.);
#2841=EDGE_CURVE('',#2246,#2206,#1242,.T.);
#2842=EDGE_CURVE('',#2247,#2246,#1243,.T.);
#2843=EDGE_CURVE('',#2248,#2247,#1244,.T.);
#2844=EDGE_CURVE('',#2249,#2248,#1245,.T.);
#2845=EDGE_CURVE('',#2250,#2249,#1246,.T.);
#2846=EDGE_CURVE('',#2251,#2250,#1247,.T.);
#2847=EDGE_CURVE('',#2252,#2251,#1248,.T.);
#2848=EDGE_CURVE('',#2253,#2252,#1249,.T.);
#2849=EDGE_CURVE('',#2254,#2253,#1250,.T.);
#2850=EDGE_CURVE('',#2255,#2254,#1251,.T.);
#2851=EDGE_CURVE('',#2256,#2255,#1252,.T.);
#2852=EDGE_CURVE('',#2153,#2256,#1253,.T.);
#2853=EDGE_CURVE('',#2203,#2152,#1254,.T.);
#2854=EDGE_CURVE('',#2245,#2257,#315,.T.);
#2855=EDGE_CURVE('',#2257,#2258,#1255,.T.);
#2856=EDGE_CURVE('',#2258,#2246,#316,.T.);
#2857=EDGE_CURVE('',#2233,#2259,#1256,.T.);
#2858=EDGE_CURVE('',#2259,#2260,#1953,.T.);
#2859=EDGE_CURVE('',#2260,#2261,#1954,.T.);
#2860=EDGE_CURVE('',#2261,#2262,#1955,.T.);
#2861=EDGE_CURVE('',#2262,#2234,#1257,.T.);
#2862=EDGE_CURVE('',#2263,#2259,#317,.T.);
#2863=EDGE_CURVE('',#2263,#2264,#1258,.T.);
#2864=EDGE_CURVE('',#2260,#2264,#318,.T.);
#2865=EDGE_CURVE('',#2232,#2263,#1259,.T.);
#2866=EDGE_CURVE('',#2183,#2265,#1260,.T.);
#2867=EDGE_CURVE('',#2265,#2266,#1956,.T.);
#2868=EDGE_CURVE('',#2266,#2267,#1957,.T.);
#2869=EDGE_CURVE('',#2267,#2268,#1958,.T.);
#2870=EDGE_CURVE('',#2268,#2184,#1261,.T.);
#2871=EDGE_CURVE('',#2269,#2266,#319,.T.);
#2872=EDGE_CURVE('',#2269,#2270,#1262,.T.);
#2873=EDGE_CURVE('',#2270,#2267,#320,.T.);
#2874=EDGE_CURVE('',#2265,#2271,#321,.T.);
#2875=EDGE_CURVE('',#2271,#2269,#1263,.T.);
#2876=EDGE_CURVE('',#2179,#2163,#1264,.T.);
#2877=EDGE_CURVE('',#2272,#2166,#1265,.T.);
#2878=EDGE_CURVE('',#2273,#2272,#1266,.T.);
#2879=EDGE_CURVE('',#2274,#2273,#1267,.T.);
#2880=EDGE_CURVE('',#2275,#2274,#1268,.T.);
#2881=EDGE_CURVE('',#2276,#2275,#1269,.T.);
#2882=EDGE_CURVE('',#2277,#2276,#1270,.T.);
#2883=EDGE_CURVE('',#2278,#2277,#1271,.T.);
#2884=EDGE_CURVE('',#2279,#2278,#1272,.T.);
#2885=EDGE_CURVE('',#2280,#2279,#1273,.T.);
#2886=EDGE_CURVE('',#2281,#2280,#1274,.T.);
#2887=EDGE_CURVE('',#2265,#2281,#1275,.T.);
#2888=EDGE_CURVE('',#2197,#2282,#1276,.T.);
#2889=EDGE_CURVE('',#2282,#2283,#1959,.T.);
#2890=EDGE_CURVE('',#2283,#2284,#1960,.T.);
#2891=EDGE_CURVE('',#2284,#2285,#1961,.T.);
#2892=EDGE_CURVE('',#2285,#2198,#1277,.T.);
#2893=EDGE_CURVE('',#2286,#2284,#322,.T.);
#2894=EDGE_CURVE('',#2286,#2287,#1278,.T.);
#2895=EDGE_CURVE('',#2285,#2287,#323,.T.);
#2896=EDGE_CURVE('',#2288,#2283,#324,.T.);
#2897=EDGE_CURVE('',#2288,#2286,#1279,.T.);
#2898=EDGE_CURVE('',#2282,#2289,#325,.T.);
#2899=EDGE_CURVE('',#2289,#2288,#1280,.T.);
#2900=EDGE_CURVE('',#2191,#2290,#1281,.T.);
#2901=EDGE_CURVE('',#2290,#2291,#1962,.T.);
#2902=EDGE_CURVE('',#2291,#2292,#1963,.T.);
#2903=EDGE_CURVE('',#2292,#2293,#1964,.T.);
#2904=EDGE_CURVE('',#2293,#2192,#1282,.T.);
#2905=EDGE_CURVE('',#2294,#2290,#326,.T.);
#2906=EDGE_CURVE('',#2294,#2295,#1283,.T.);
#2907=EDGE_CURVE('',#2291,#2295,#327,.T.);
#2908=EDGE_CURVE('',#2190,#2294,#1284,.T.);
#2909=EDGE_CURVE('',#2219,#2296,#1285,.T.);
#2910=EDGE_CURVE('',#2296,#2297,#1965,.T.);
#2911=EDGE_CURVE('',#2297,#2298,#1966,.T.);
#2912=EDGE_CURVE('',#2298,#2299,#1967,.T.);
#2913=EDGE_CURVE('',#2299,#2220,#1286,.T.);
#2914=EDGE_CURVE('',#2300,#2299,#1287,.T.);
#2915=EDGE_CURVE('',#2301,#2300,#1288,.T.);
#2916=EDGE_CURVE('',#2302,#2301,#1289,.T.);
#2917=EDGE_CURVE('',#2303,#2302,#1290,.T.);
#2918=EDGE_CURVE('',#2304,#2303,#1291,.T.);
#2919=EDGE_CURVE('',#2305,#2304,#1292,.T.);
#2920=EDGE_CURVE('',#2306,#2305,#1293,.T.);
#2921=EDGE_CURVE('',#2307,#2306,#1294,.T.);
#2922=EDGE_CURVE('',#2308,#2307,#1295,.T.);
#2923=EDGE_CURVE('',#2309,#2308,#1296,.T.);
#2924=EDGE_CURVE('',#2177,#2309,#1297,.T.);
#2925=EDGE_CURVE('',#2217,#2176,#1298,.T.);
#2926=EDGE_CURVE('',#2298,#2310,#328,.T.);
#2927=EDGE_CURVE('',#2310,#2311,#1299,.T.);
#2928=EDGE_CURVE('',#2311,#2299,#329,.T.);
#2929=EDGE_CURVE('',#2225,#2312,#1300,.T.);
#2930=EDGE_CURVE('',#2312,#2313,#1968,.T.);
#2931=EDGE_CURVE('',#2313,#2314,#1969,.T.);
#2932=EDGE_CURVE('',#2314,#2315,#1970,.T.);
#2933=EDGE_CURVE('',#2315,#2226,#1301,.T.);
#2934=EDGE_CURVE('',#2316,#2314,#330,.T.);
#2935=EDGE_CURVE('',#2316,#2317,#1302,.T.);
#2936=EDGE_CURVE('',#2315,#2317,#331,.T.);
#2937=EDGE_CURVE('',#2318,#2313,#332,.T.);
#2938=EDGE_CURVE('',#2318,#2316,#1303,.T.);
#2939=EDGE_CURVE('',#2312,#2319,#333,.T.);
#2940=EDGE_CURVE('',#2319,#2318,#1304,.T.);
#2941=EDGE_CURVE('',#2196,#2156,#1305,.T.);
#2942=EDGE_CURVE('',#2287,#2199,#1306,.T.);
#2943=EDGE_CURVE('',#2320,#2289,#1307,.T.);
#2944=EDGE_CURVE('',#2321,#2320,#1308,.T.);
#2945=EDGE_CURVE('',#2322,#2321,#1309,.T.);
#2946=EDGE_CURVE('',#2323,#2322,#1310,.T.);
#2947=EDGE_CURVE('',#2324,#2323,#1311,.T.);
#2948=EDGE_CURVE('',#2325,#2324,#1312,.T.);
#2949=EDGE_CURVE('',#2326,#2325,#1313,.T.);
#2950=EDGE_CURVE('',#2327,#2326,#1314,.T.);
#2951=EDGE_CURVE('',#2328,#2327,#1315,.T.);
#2952=EDGE_CURVE('',#2329,#2328,#1316,.T.);
#2953=EDGE_CURVE('',#2157,#2329,#1317,.T.);
#2954=EDGE_CURVE('',#2210,#2168,#1318,.T.);
#2955=EDGE_CURVE('',#2240,#2213,#1319,.T.);
#2956=EDGE_CURVE('',#2330,#2242,#1320,.T.);
#2957=EDGE_CURVE('',#2331,#2330,#1321,.T.);
#2958=EDGE_CURVE('',#2332,#2331,#1322,.T.);
#2959=EDGE_CURVE('',#2333,#2332,#1323,.T.);
#2960=EDGE_CURVE('',#2334,#2333,#1324,.T.);
#2961=EDGE_CURVE('',#2335,#2334,#1325,.T.);
#2962=EDGE_CURVE('',#2336,#2335,#1326,.T.);
#2963=EDGE_CURVE('',#2337,#2336,#1327,.T.);
#2964=EDGE_CURVE('',#2338,#2337,#1328,.T.);
#2965=EDGE_CURVE('',#2339,#2338,#1329,.T.);
#2966=EDGE_CURVE('',#2169,#2339,#1330,.T.);
#2967=EDGE_CURVE('',#2186,#2159,#1331,.T.);
#2968=EDGE_CURVE('',#2340,#2162,#1332,.T.);
#2969=EDGE_CURVE('',#2341,#2340,#1333,.T.);
#2970=EDGE_CURVE('',#2342,#2341,#1334,.T.);
#2971=EDGE_CURVE('',#2343,#2342,#1335,.T.);
#2972=EDGE_CURVE('',#2344,#2343,#1336,.T.);
#2973=EDGE_CURVE('',#2345,#2344,#1337,.T.);
#2974=EDGE_CURVE('',#2346,#2345,#1338,.T.);
#2975=EDGE_CURVE('',#2347,#2346,#1339,.T.);
#2976=EDGE_CURVE('',#2348,#2347,#1340,.T.);
#2977=EDGE_CURVE('',#2349,#2348,#1341,.T.);
#2978=EDGE_CURVE('',#2350,#2349,#1342,.T.);
#2979=EDGE_CURVE('',#2351,#2350,#1343,.T.);
#2980=EDGE_CURVE('',#2295,#2351,#1344,.T.);
#2981=EDGE_CURVE('',#2352,#2178,#1345,.T.);
#2982=EDGE_CURVE('',#2353,#2352,#1346,.T.);
#2983=EDGE_CURVE('',#2354,#2353,#1347,.T.);
#2984=EDGE_CURVE('',#2355,#2354,#1348,.T.);
#2985=EDGE_CURVE('',#2356,#2355,#1349,.T.);
#2986=EDGE_CURVE('',#2357,#2356,#1350,.T.);
#2987=EDGE_CURVE('',#2358,#2357,#1351,.T.);
#2988=EDGE_CURVE('',#2359,#2358,#1352,.T.);
#2989=EDGE_CURVE('',#2360,#2359,#1353,.T.);
#2990=EDGE_CURVE('',#2361,#2360,#1354,.T.);
#2991=EDGE_CURVE('',#2311,#2361,#1355,.T.);
#2992=EDGE_CURVE('',#2362,#2310,#1356,.T.);
#2993=EDGE_CURVE('',#2363,#2362,#1357,.T.);
#2994=EDGE_CURVE('',#2218,#2363,#1358,.T.);
#2995=EDGE_CURVE('',#2214,#2175,#1359,.T.);
#2996=EDGE_CURVE('',#2364,#2154,#1360,.T.);
#2997=EDGE_CURVE('',#2365,#2364,#1361,.T.);
#2998=EDGE_CURVE('',#2366,#2365,#1362,.T.);
#2999=EDGE_CURVE('',#2367,#2366,#1363,.T.);
#3000=EDGE_CURVE('',#2368,#2367,#1364,.T.);
#3001=EDGE_CURVE('',#2369,#2368,#1365,.T.);
#3002=EDGE_CURVE('',#2370,#2369,#1366,.T.);
#3003=EDGE_CURVE('',#2371,#2370,#1367,.T.);
#3004=EDGE_CURVE('',#2372,#2371,#1368,.T.);
#3005=EDGE_CURVE('',#2373,#2372,#1369,.T.);
#3006=EDGE_CURVE('',#2258,#2373,#1370,.T.);
#3007=EDGE_CURVE('',#2374,#2257,#1371,.T.);
#3008=EDGE_CURVE('',#2375,#2374,#1372,.T.);
#3009=EDGE_CURVE('',#2204,#2375,#1373,.T.);
#3010=EDGE_CURVE('',#2200,#2151,#1374,.T.);
#3011=EDGE_CURVE('',#2376,#2185,#1375,.T.);
#3012=EDGE_CURVE('',#2270,#2376,#1376,.T.);
#3013=EDGE_CURVE('',#2377,#2271,#1377,.T.);
#3014=EDGE_CURVE('',#2378,#2377,#1378,.T.);
#3015=EDGE_CURVE('',#2379,#2378,#1379,.T.);
#3016=EDGE_CURVE('',#2380,#2379,#1380,.T.);
#3017=EDGE_CURVE('',#2381,#2380,#1381,.T.);
#3018=EDGE_CURVE('',#2382,#2381,#1382,.T.);
#3019=EDGE_CURVE('',#2383,#2382,#1383,.T.);
#3020=EDGE_CURVE('',#2384,#2383,#1384,.T.);
#3021=EDGE_CURVE('',#2385,#2384,#1385,.T.);
#3022=EDGE_CURVE('',#2386,#2385,#1386,.T.);
#3023=EDGE_CURVE('',#2165,#2386,#1387,.T.);
#3024=EDGE_CURVE('',#2182,#2164,#1388,.T.);
#3025=EDGE_CURVE('',#2256,#2364,#334,.T.);
#3026=EDGE_CURVE('',#2329,#2387,#335,.T.);
#3027=EDGE_CURVE('',#2387,#2158,#1389,.T.);
#3028=EDGE_CURVE('',#2339,#2388,#336,.T.);
#3029=EDGE_CURVE('',#2388,#2170,#1390,.T.);
#3030=EDGE_CURVE('',#2365,#2255,#337,.T.);
#3031=EDGE_CURVE('',#2389,#2328,#338,.T.);
#3032=EDGE_CURVE('',#2389,#2387,#1391,.T.);
#3033=EDGE_CURVE('',#2390,#2338,#339,.T.);
#3034=EDGE_CURVE('',#2390,#2388,#1392,.T.);
#3035=EDGE_CURVE('',#2366,#2254,#340,.T.);
#3036=EDGE_CURVE('',#2391,#2327,#341,.T.);
#3037=EDGE_CURVE('',#2391,#2389,#1393,.T.);
#3038=EDGE_CURVE('',#2392,#2337,#342,.T.);
#3039=EDGE_CURVE('',#2392,#2390,#1394,.T.);
#3040=EDGE_CURVE('',#2253,#2367,#343,.T.);
#3041=EDGE_CURVE('',#2326,#2393,#344,.T.);
#3042=EDGE_CURVE('',#2393,#2391,#1395,.T.);
#3043=EDGE_CURVE('',#2336,#2394,#345,.T.);
#3044=EDGE_CURVE('',#2394,#2392,#1396,.T.);
#3045=EDGE_CURVE('',#2252,#2368,#346,.T.);
#3046=EDGE_CURVE('',#2325,#2395,#347,.T.);
#3047=EDGE_CURVE('',#2395,#2393,#1397,.T.);
#3048=EDGE_CURVE('',#2335,#2396,#348,.T.);
#3049=EDGE_CURVE('',#2396,#2394,#1398,.T.);
#3050=EDGE_CURVE('',#2369,#2251,#349,.T.);
#3051=EDGE_CURVE('',#2397,#2324,#350,.T.);
#3052=EDGE_CURVE('',#2397,#2395,#1399,.T.);
#3053=EDGE_CURVE('',#2398,#2334,#351,.T.);
#3054=EDGE_CURVE('',#2398,#2396,#1400,.T.);
#3055=EDGE_CURVE('',#2370,#2250,#352,.T.);
#3056=EDGE_CURVE('',#2399,#2323,#353,.T.);
#3057=EDGE_CURVE('',#2399,#2397,#1401,.T.);
#3058=EDGE_CURVE('',#2400,#2333,#354,.T.);
#3059=EDGE_CURVE('',#2400,#2398,#1402,.T.);
#3060=EDGE_CURVE('',#2249,#2371,#355,.T.);
#3061=EDGE_CURVE('',#2322,#2401,#356,.T.);
#3062=EDGE_CURVE('',#2401,#2399,#1403,.T.);
#3063=EDGE_CURVE('',#2332,#2402,#357,.T.);
#3064=EDGE_CURVE('',#2402,#2400,#1404,.T.);
#3065=EDGE_CURVE('',#2248,#2372,#358,.T.);
#3066=EDGE_CURVE('',#2321,#2403,#359,.T.);
#3067=EDGE_CURVE('',#2403,#2401,#1405,.T.);
#3068=EDGE_CURVE('',#2331,#2404,#360,.T.);
#3069=EDGE_CURVE('',#2404,#2402,#1406,.T.);
#3070=EDGE_CURVE('',#2373,#2247,#361,.T.);
#3071=EDGE_CURVE('',#2405,#2320,#362,.T.);
#3072=EDGE_CURVE('',#2405,#2403,#1407,.T.);
#3073=EDGE_CURVE('',#2406,#2330,#363,.T.);
#3074=EDGE_CURVE('',#2406,#2404,#1408,.T.);
#3075=EDGE_CURVE('',#2282,#2405,#1409,.T.);
#3076=EDGE_CURVE('',#2235,#2406,#1410,.T.);
#3077=EDGE_CURVE('',#2244,#2374,#364,.T.);
#3078=EDGE_CURVE('',#2375,#2243,#365,.T.);
#3079=EDGE_CURVE('',#2228,#2171,#1411,.T.);
#3080=EDGE_CURVE('',#2231,#2172,#1412,.T.);
#3081=EDGE_CURVE('',#2407,#2408,#366,.T.);
#3082=EDGE_CURVE('',#2221,#2407,#1413,.T.);
#3083=EDGE_CURVE('',#2224,#2408,#1414,.T.);
#3084=EDGE_CURVE('',#2189,#2160,#1415,.T.);
#3085=EDGE_CURVE('',#2193,#2155,#1416,.T.);
#3086=EDGE_CURVE('',#2207,#2167,#1417,.T.);
#3087=EDGE_CURVE('',#2292,#2351,#367,.T.);
#3088=EDGE_CURVE('',#2350,#2293,#368,.T.);
#3089=EDGE_CURVE('',#2349,#2409,#369,.T.);
#3090=EDGE_CURVE('',#2409,#2293,#1418,.T.);
#3091=EDGE_CURVE('',#2410,#2348,#370,.T.);
#3092=EDGE_CURVE('',#2410,#2409,#1419,.T.);
#3093=EDGE_CURVE('',#2411,#2347,#371,.T.);
#3094=EDGE_CURVE('',#2411,#2410,#1420,.T.);
#3095=EDGE_CURVE('',#2346,#2412,#372,.T.);
#3096=EDGE_CURVE('',#2412,#2411,#1421,.T.);
#3097=EDGE_CURVE('',#2345,#2413,#373,.T.);
#3098=EDGE_CURVE('',#2413,#2412,#1422,.T.);
#3099=EDGE_CURVE('',#2414,#2344,#374,.T.);
#3100=EDGE_CURVE('',#2414,#2413,#1423,.T.);
#3101=EDGE_CURVE('',#2415,#2343,#375,.T.);
#3102=EDGE_CURVE('',#2415,#2414,#1424,.T.);
#3103=EDGE_CURVE('',#2342,#2416,#376,.T.);
#3104=EDGE_CURVE('',#2416,#2415,#1425,.T.);
#3105=EDGE_CURVE('',#2341,#2417,#377,.T.);
#3106=EDGE_CURVE('',#2417,#2416,#1426,.T.);
#3107=EDGE_CURVE('',#2418,#2340,#378,.T.);
#3108=EDGE_CURVE('',#2418,#2417,#1427,.T.);
#3109=EDGE_CURVE('',#2161,#2418,#1428,.T.);
#3110=EDGE_CURVE('',#2386,#2272,#379,.T.);
#3111=EDGE_CURVE('',#2419,#2174,#1429,.T.);
#3112=EDGE_CURVE('',#2420,#2419,#1430,.T.);
#3113=EDGE_CURVE('',#2421,#2420,#1431,.T.);
#3114=EDGE_CURVE('',#2422,#2421,#1432,.T.);
#3115=EDGE_CURVE('',#2423,#2422,#1433,.T.);
#3116=EDGE_CURVE('',#2424,#2423,#1434,.T.);
#3117=EDGE_CURVE('',#2425,#2424,#1435,.T.);
#3118=EDGE_CURVE('',#2426,#2425,#1436,.T.);
#3119=EDGE_CURVE('',#2427,#2426,#1437,.T.);
#3120=EDGE_CURVE('',#2428,#2427,#1438,.T.);
#3121=EDGE_CURVE('',#2429,#2428,#1439,.T.);
#3122=EDGE_CURVE('',#2430,#2429,#1440,.T.);
#3123=EDGE_CURVE('',#2264,#2430,#1441,.T.);
#3124=EDGE_CURVE('',#2317,#2227,#1442,.T.);
#3125=EDGE_CURVE('',#2431,#2319,#1443,.T.);
#3126=EDGE_CURVE('',#2432,#2431,#1444,.T.);
#3127=EDGE_CURVE('',#2433,#2432,#1445,.T.);
#3128=EDGE_CURVE('',#2434,#2433,#1446,.T.);
#3129=EDGE_CURVE('',#2435,#2434,#1447,.T.);
#3130=EDGE_CURVE('',#2436,#2435,#1448,.T.);
#3131=EDGE_CURVE('',#2437,#2436,#1449,.T.);
#3132=EDGE_CURVE('',#2438,#2437,#1450,.T.);
#3133=EDGE_CURVE('',#2439,#2438,#1451,.T.);
#3134=EDGE_CURVE('',#2440,#2439,#1452,.T.);
#3135=EDGE_CURVE('',#2441,#2440,#1453,.T.);
#3136=EDGE_CURVE('',#2408,#2441,#1454,.T.);
#3137=EDGE_CURVE('',#2261,#2430,#380,.T.);
#3138=EDGE_CURVE('',#2429,#2262,#381,.T.);
#3139=EDGE_CURVE('',#2428,#2442,#382,.T.);
#3140=EDGE_CURVE('',#2442,#2262,#1455,.T.);
#3141=EDGE_CURVE('',#2443,#2427,#383,.T.);
#3142=EDGE_CURVE('',#2443,#2442,#1456,.T.);
#3143=EDGE_CURVE('',#2444,#2426,#384,.T.);
#3144=EDGE_CURVE('',#2444,#2443,#1457,.T.);
#3145=EDGE_CURVE('',#2425,#2445,#385,.T.);
#3146=EDGE_CURVE('',#2445,#2444,#1458,.T.);
#3147=EDGE_CURVE('',#2424,#2446,#386,.T.);
#3148=EDGE_CURVE('',#2446,#2445,#1459,.T.);
#3149=EDGE_CURVE('',#2447,#2423,#387,.T.);
#3150=EDGE_CURVE('',#2447,#2446,#1460,.T.);
#3151=EDGE_CURVE('',#2448,#2422,#388,.T.);
#3152=EDGE_CURVE('',#2448,#2447,#1461,.T.);
#3153=EDGE_CURVE('',#2421,#2449,#389,.T.);
#3154=EDGE_CURVE('',#2449,#2448,#1462,.T.);
#3155=EDGE_CURVE('',#2420,#2450,#390,.T.);
#3156=EDGE_CURVE('',#2450,#2449,#1463,.T.);
#3157=EDGE_CURVE('',#2451,#2419,#391,.T.);
#3158=EDGE_CURVE('',#2451,#2450,#1464,.T.);
#3159=EDGE_CURVE('',#2173,#2451,#1465,.T.);
#3160=EDGE_CURVE('',#2440,#2452,#392,.T.);
#3161=EDGE_CURVE('',#2452,#2453,#1466,.T.);
#3162=EDGE_CURVE('',#2441,#2453,#393,.T.);
#3163=EDGE_CURVE('',#2453,#2407,#1467,.T.);
#3164=EDGE_CURVE('',#2309,#2352,#394,.T.);
#3165=EDGE_CURVE('',#2454,#2439,#395,.T.);
#3166=EDGE_CURVE('',#2454,#2452,#1468,.T.);
#3167=EDGE_CURVE('',#2273,#2385,#396,.T.);
#3168=EDGE_CURVE('',#2353,#2308,#397,.T.);
#3169=EDGE_CURVE('',#2455,#2438,#398,.T.);
#3170=EDGE_CURVE('',#2455,#2454,#1469,.T.);
#3171=EDGE_CURVE('',#2274,#2384,#399,.T.);
#3172=EDGE_CURVE('',#2354,#2307,#400,.T.);
#3173=EDGE_CURVE('',#2437,#2456,#401,.T.);
#3174=EDGE_CURVE('',#2456,#2455,#1470,.T.);
#3175=EDGE_CURVE('',#2383,#2275,#402,.T.);
#3176=EDGE_CURVE('',#2306,#2355,#403,.T.);
#3177=EDGE_CURVE('',#2436,#2457,#404,.T.);
#3178=EDGE_CURVE('',#2457,#2456,#1471,.T.);
#3179=EDGE_CURVE('',#2382,#2276,#405,.T.);
#3180=EDGE_CURVE('',#2305,#2356,#406,.T.);
#3181=EDGE_CURVE('',#2458,#2435,#407,.T.);
#3182=EDGE_CURVE('',#2458,#2457,#1472,.T.);
#3183=EDGE_CURVE('',#2277,#2381,#408,.T.);
#3184=EDGE_CURVE('',#2357,#2304,#409,.T.);
#3185=EDGE_CURVE('',#2459,#2434,#410,.T.);
#3186=EDGE_CURVE('',#2459,#2458,#1473,.T.);
#3187=EDGE_CURVE('',#2278,#2380,#411,.T.);
#3188=EDGE_CURVE('',#2358,#2303,#412,.T.);
#3189=EDGE_CURVE('',#2433,#2460,#413,.T.);
#3190=EDGE_CURVE('',#2460,#2459,#1474,.T.);
#3191=EDGE_CURVE('',#2379,#2279,#414,.T.);
#3192=EDGE_CURVE('',#2302,#2359,#415,.T.);
#3193=EDGE_CURVE('',#2432,#2461,#416,.T.);
#3194=EDGE_CURVE('',#2461,#2460,#1475,.T.);
#3195=EDGE_CURVE('',#2378,#2280,#417,.T.);
#3196=EDGE_CURVE('',#2301,#2360,#418,.T.);
#3197=EDGE_CURVE('',#2462,#2431,#419,.T.);
#3198=EDGE_CURVE('',#2462,#2461,#1476,.T.);
#3199=EDGE_CURVE('',#2281,#2377,#420,.T.);
#3200=EDGE_CURVE('',#2361,#2300,#421,.T.);
#3201=EDGE_CURVE('',#2312,#2462,#1477,.T.);
#3202=EDGE_CURVE('',#2297,#2362,#422,.T.);
#3203=EDGE_CURVE('',#2268,#2376,#423,.T.);
#3204=EDGE_CURVE('',#2363,#2296,#424,.T.);
#3205=ORIENTED_EDGE('',*,*,#2463,.F.);
#3206=ORIENTED_EDGE('',*,*,#2464,.T.);
#3207=ORIENTED_EDGE('',*,*,#2465,.F.);
#3208=ORIENTED_EDGE('',*,*,#2466,.F.);
#3209=ORIENTED_EDGE('',*,*,#2467,.F.);
#3210=ORIENTED_EDGE('',*,*,#2466,.T.);
#3211=ORIENTED_EDGE('',*,*,#2468,.F.);
#3212=ORIENTED_EDGE('',*,*,#2469,.F.);
#3213=ORIENTED_EDGE('',*,*,#2470,.F.);
#3214=ORIENTED_EDGE('',*,*,#2469,.T.);
#3215=ORIENTED_EDGE('',*,*,#2471,.F.);
#3216=ORIENTED_EDGE('',*,*,#2472,.F.);
#3217=ORIENTED_EDGE('',*,*,#2473,.F.);
#3218=ORIENTED_EDGE('',*,*,#2472,.T.);
#3219=ORIENTED_EDGE('',*,*,#2474,.F.);
#3220=ORIENTED_EDGE('',*,*,#2464,.F.);
#3221=ORIENTED_EDGE('',*,*,#2474,.T.);
#3222=ORIENTED_EDGE('',*,*,#2471,.T.);
#3223=ORIENTED_EDGE('',*,*,#2468,.T.);
#3224=ORIENTED_EDGE('',*,*,#2465,.T.);
#3225=ORIENTED_EDGE('',*,*,#2475,.F.);
#3226=ORIENTED_EDGE('',*,*,#2476,.T.);
#3227=ORIENTED_EDGE('',*,*,#2477,.F.);
#3228=ORIENTED_EDGE('',*,*,#2478,.F.);
#3229=ORIENTED_EDGE('',*,*,#2479,.F.);
#3230=ORIENTED_EDGE('',*,*,#2478,.T.);
#3231=ORIENTED_EDGE('',*,*,#2480,.F.);
#3232=ORIENTED_EDGE('',*,*,#2481,.F.);
#3233=ORIENTED_EDGE('',*,*,#2482,.F.);
#3234=ORIENTED_EDGE('',*,*,#2481,.T.);
#3235=ORIENTED_EDGE('',*,*,#2483,.F.);
#3236=ORIENTED_EDGE('',*,*,#2484,.F.);
#3237=ORIENTED_EDGE('',*,*,#2485,.F.);
#3238=ORIENTED_EDGE('',*,*,#2484,.T.);
#3239=ORIENTED_EDGE('',*,*,#2486,.F.);
#3240=ORIENTED_EDGE('',*,*,#2487,.F.);
#3241=ORIENTED_EDGE('',*,*,#2488,.F.);
#3242=ORIENTED_EDGE('',*,*,#2487,.T.);
#3243=ORIENTED_EDGE('',*,*,#2489,.F.);
#3244=ORIENTED_EDGE('',*,*,#2490,.F.);
#3245=ORIENTED_EDGE('',*,*,#2491,.F.);
#3246=ORIENTED_EDGE('',*,*,#2490,.T.);
#3247=ORIENTED_EDGE('',*,*,#2492,.F.);
#3248=ORIENTED_EDGE('',*,*,#2493,.F.);
#3249=ORIENTED_EDGE('',*,*,#2494,.F.);
#3250=ORIENTED_EDGE('',*,*,#2493,.T.);
#3251=ORIENTED_EDGE('',*,*,#2495,.F.);
#3252=ORIENTED_EDGE('',*,*,#2496,.F.);
#3253=ORIENTED_EDGE('',*,*,#2497,.F.);
#3254=ORIENTED_EDGE('',*,*,#2496,.T.);
#3255=ORIENTED_EDGE('',*,*,#2498,.F.);
#3256=ORIENTED_EDGE('',*,*,#2476,.F.);
#3257=ORIENTED_EDGE('',*,*,#2498,.T.);
#3258=ORIENTED_EDGE('',*,*,#2495,.T.);
#3259=ORIENTED_EDGE('',*,*,#2492,.T.);
#3260=ORIENTED_EDGE('',*,*,#2489,.T.);
#3261=ORIENTED_EDGE('',*,*,#2486,.T.);
#3262=ORIENTED_EDGE('',*,*,#2483,.T.);
#3263=ORIENTED_EDGE('',*,*,#2480,.T.);
#3264=ORIENTED_EDGE('',*,*,#2477,.T.);
#3265=ORIENTED_EDGE('',*,*,#2499,.F.);
#3266=ORIENTED_EDGE('',*,*,#2500,.T.);
#3267=ORIENTED_EDGE('',*,*,#2501,.F.);
#3268=ORIENTED_EDGE('',*,*,#2502,.F.);
#3269=ORIENTED_EDGE('',*,*,#2503,.F.);
#3270=ORIENTED_EDGE('',*,*,#2502,.T.);
#3271=ORIENTED_EDGE('',*,*,#2504,.F.);
#3272=ORIENTED_EDGE('',*,*,#2505,.F.);
#3273=ORIENTED_EDGE('',*,*,#2506,.F.);
#3274=ORIENTED_EDGE('',*,*,#2505,.T.);
#3275=ORIENTED_EDGE('',*,*,#2507,.F.);
#3276=ORIENTED_EDGE('',*,*,#2508,.F.);
#3277=ORIENTED_EDGE('',*,*,#2509,.F.);
#3278=ORIENTED_EDGE('',*,*,#2508,.T.);
#3279=ORIENTED_EDGE('',*,*,#2510,.F.);
#3280=ORIENTED_EDGE('',*,*,#2500,.F.);
#3281=ORIENTED_EDGE('',*,*,#2510,.T.);
#3282=ORIENTED_EDGE('',*,*,#2507,.T.);
#3283=ORIENTED_EDGE('',*,*,#2504,.T.);
#3284=ORIENTED_EDGE('',*,*,#2501,.T.);
#3285=ORIENTED_EDGE('',*,*,#2511,.F.);
#3286=ORIENTED_EDGE('',*,*,#2512,.T.);
#3287=ORIENTED_EDGE('',*,*,#2513,.F.);
#3288=ORIENTED_EDGE('',*,*,#2514,.F.);
#3289=ORIENTED_EDGE('',*,*,#2515,.F.);
#3290=ORIENTED_EDGE('',*,*,#2514,.T.);
#3291=ORIENTED_EDGE('',*,*,#2516,.F.);
#3292=ORIENTED_EDGE('',*,*,#2517,.F.);
#3293=ORIENTED_EDGE('',*,*,#2518,.F.);
#3294=ORIENTED_EDGE('',*,*,#2517,.T.);
#3295=ORIENTED_EDGE('',*,*,#2519,.F.);
#3296=ORIENTED_EDGE('',*,*,#2520,.F.);
#3297=ORIENTED_EDGE('',*,*,#2521,.F.);
#3298=ORIENTED_EDGE('',*,*,#2520,.T.);
#3299=ORIENTED_EDGE('',*,*,#2522,.F.);
#3300=ORIENTED_EDGE('',*,*,#2512,.F.);
#3301=ORIENTED_EDGE('',*,*,#2522,.T.);
#3302=ORIENTED_EDGE('',*,*,#2519,.T.);
#3303=ORIENTED_EDGE('',*,*,#2516,.T.);
#3304=ORIENTED_EDGE('',*,*,#2513,.T.);
#3305=ORIENTED_EDGE('',*,*,#2523,.F.);
#3306=ORIENTED_EDGE('',*,*,#2524,.T.);
#3307=ORIENTED_EDGE('',*,*,#2525,.F.);
#3308=ORIENTED_EDGE('',*,*,#2526,.F.);
#3309=ORIENTED_EDGE('',*,*,#2527,.F.);
#3310=ORIENTED_EDGE('',*,*,#2526,.T.);
#3311=ORIENTED_EDGE('',*,*,#2528,.F.);
#3312=ORIENTED_EDGE('',*,*,#2529,.F.);
#3313=ORIENTED_EDGE('',*,*,#2530,.F.);
#3314=ORIENTED_EDGE('',*,*,#2529,.T.);
#3315=ORIENTED_EDGE('',*,*,#2531,.F.);
#3316=ORIENTED_EDGE('',*,*,#2532,.F.);
#3317=ORIENTED_EDGE('',*,*,#2533,.F.);
#3318=ORIENTED_EDGE('',*,*,#2532,.T.);
#3319=ORIENTED_EDGE('',*,*,#2534,.F.);
#3320=ORIENTED_EDGE('',*,*,#2524,.F.);
#3321=ORIENTED_EDGE('',*,*,#2534,.T.);
#3322=ORIENTED_EDGE('',*,*,#2531,.T.);
#3323=ORIENTED_EDGE('',*,*,#2528,.T.);
#3324=ORIENTED_EDGE('',*,*,#2525,.T.);
#3325=ORIENTED_EDGE('',*,*,#2535,.F.);
#3326=ORIENTED_EDGE('',*,*,#2536,.T.);
#3327=ORIENTED_EDGE('',*,*,#2537,.F.);
#3328=ORIENTED_EDGE('',*,*,#2538,.F.);
#3329=ORIENTED_EDGE('',*,*,#2539,.F.);
#3330=ORIENTED_EDGE('',*,*,#2538,.T.);
#3331=ORIENTED_EDGE('',*,*,#2540,.F.);
#3332=ORIENTED_EDGE('',*,*,#2541,.F.);
#3333=ORIENTED_EDGE('',*,*,#2542,.F.);
#3334=ORIENTED_EDGE('',*,*,#2541,.T.);
#3335=ORIENTED_EDGE('',*,*,#2543,.F.);
#3336=ORIENTED_EDGE('',*,*,#2544,.F.);
#3337=ORIENTED_EDGE('',*,*,#2545,.F.);
#3338=ORIENTED_EDGE('',*,*,#2544,.T.);
#3339=ORIENTED_EDGE('',*,*,#2546,.F.);
#3340=ORIENTED_EDGE('',*,*,#2547,.F.);
#3341=ORIENTED_EDGE('',*,*,#2548,.F.);
#3342=ORIENTED_EDGE('',*,*,#2547,.T.);
#3343=ORIENTED_EDGE('',*,*,#2549,.F.);
#3344=ORIENTED_EDGE('',*,*,#2536,.F.);
#3345=ORIENTED_EDGE('',*,*,#2549,.T.);
#3346=ORIENTED_EDGE('',*,*,#2546,.T.);
#3347=ORIENTED_EDGE('',*,*,#2543,.T.);
#3348=ORIENTED_EDGE('',*,*,#2540,.T.);
#3349=ORIENTED_EDGE('',*,*,#2537,.T.);
#3350=ORIENTED_EDGE('',*,*,#2550,.F.);
#3351=ORIENTED_EDGE('',*,*,#2551,.T.);
#3352=ORIENTED_EDGE('',*,*,#2552,.F.);
#3353=ORIENTED_EDGE('',*,*,#2553,.F.);
#3354=ORIENTED_EDGE('',*,*,#2554,.F.);
#3355=ORIENTED_EDGE('',*,*,#2553,.T.);
#3356=ORIENTED_EDGE('',*,*,#2555,.F.);
#3357=ORIENTED_EDGE('',*,*,#2556,.F.);
#3358=ORIENTED_EDGE('',*,*,#2557,.F.);
#3359=ORIENTED_EDGE('',*,*,#2556,.T.);
#3360=ORIENTED_EDGE('',*,*,#2558,.F.);
#3361=ORIENTED_EDGE('',*,*,#2559,.F.);
#3362=ORIENTED_EDGE('',*,*,#2560,.F.);
#3363=ORIENTED_EDGE('',*,*,#2559,.T.);
#3364=ORIENTED_EDGE('',*,*,#2561,.F.);
#3365=ORIENTED_EDGE('',*,*,#2551,.F.);
#3366=ORIENTED_EDGE('',*,*,#2561,.T.);
#3367=ORIENTED_EDGE('',*,*,#2558,.T.);
#3368=ORIENTED_EDGE('',*,*,#2555,.T.);
#3369=ORIENTED_EDGE('',*,*,#2552,.T.);
#3370=ORIENTED_EDGE('',*,*,#2562,.F.);
#3371=ORIENTED_EDGE('',*,*,#2563,.T.);
#3372=ORIENTED_EDGE('',*,*,#2564,.F.);
#3373=ORIENTED_EDGE('',*,*,#2563,.F.);
#3374=ORIENTED_EDGE('',*,*,#2565,.F.);
#3375=ORIENTED_EDGE('',*,*,#2566,.T.);
#3376=ORIENTED_EDGE('',*,*,#2567,.F.);
#3377=ORIENTED_EDGE('',*,*,#2566,.F.);
#3378=ORIENTED_EDGE('',*,*,#2565,.T.);
#3379=ORIENTED_EDGE('',*,*,#2562,.T.);
#3380=ORIENTED_EDGE('',*,*,#2568,.T.);
#3381=ORIENTED_EDGE('',*,*,#2567,.T.);
#3382=ORIENTED_EDGE('',*,*,#2569,.F.);
#3383=ORIENTED_EDGE('',*,*,#2570,.T.);
#3384=ORIENTED_EDGE('',*,*,#2571,.F.);
#3385=ORIENTED_EDGE('',*,*,#2572,.F.);
#3386=ORIENTED_EDGE('',*,*,#2573,.F.);
#3387=ORIENTED_EDGE('',*,*,#2572,.T.);
#3388=ORIENTED_EDGE('',*,*,#2574,.F.);
#3389=ORIENTED_EDGE('',*,*,#2575,.F.);
#3390=ORIENTED_EDGE('',*,*,#2576,.F.);
#3391=ORIENTED_EDGE('',*,*,#2575,.T.);
#3392=ORIENTED_EDGE('',*,*,#2577,.F.);
#3393=ORIENTED_EDGE('',*,*,#2578,.F.);
#3394=ORIENTED_EDGE('',*,*,#2579,.F.);
#3395=ORIENTED_EDGE('',*,*,#2578,.T.);
#3396=ORIENTED_EDGE('',*,*,#2580,.F.);
#3397=ORIENTED_EDGE('',*,*,#2581,.F.);
#3398=ORIENTED_EDGE('',*,*,#2582,.F.);
#3399=ORIENTED_EDGE('',*,*,#2581,.T.);
#3400=ORIENTED_EDGE('',*,*,#2583,.F.);
#3401=ORIENTED_EDGE('',*,*,#2584,.F.);
#3402=ORIENTED_EDGE('',*,*,#2585,.F.);
#3403=ORIENTED_EDGE('',*,*,#2584,.T.);
#3404=ORIENTED_EDGE('',*,*,#2586,.F.);
#3405=ORIENTED_EDGE('',*,*,#2587,.F.);
#3406=ORIENTED_EDGE('',*,*,#2588,.F.);
#3407=ORIENTED_EDGE('',*,*,#2587,.T.);
#3408=ORIENTED_EDGE('',*,*,#2589,.F.);
#3409=ORIENTED_EDGE('',*,*,#2590,.F.);
#3410=ORIENTED_EDGE('',*,*,#2591,.F.);
#3411=ORIENTED_EDGE('',*,*,#2590,.T.);
#3412=ORIENTED_EDGE('',*,*,#2592,.F.);
#3413=ORIENTED_EDGE('',*,*,#2593,.F.);
#3414=ORIENTED_EDGE('',*,*,#2594,.F.);
#3415=ORIENTED_EDGE('',*,*,#2593,.T.);
#3416=ORIENTED_EDGE('',*,*,#2595,.F.);
#3417=ORIENTED_EDGE('',*,*,#2596,.F.);
#3418=ORIENTED_EDGE('',*,*,#2597,.F.);
#3419=ORIENTED_EDGE('',*,*,#2596,.T.);
#3420=ORIENTED_EDGE('',*,*,#2598,.F.);
#3421=ORIENTED_EDGE('',*,*,#2599,.F.);
#3422=ORIENTED_EDGE('',*,*,#2600,.F.);
#3423=ORIENTED_EDGE('',*,*,#2599,.T.);
#3424=ORIENTED_EDGE('',*,*,#2601,.F.);
#3425=ORIENTED_EDGE('',*,*,#2602,.F.);
#3426=ORIENTED_EDGE('',*,*,#2603,.F.);
#3427=ORIENTED_EDGE('',*,*,#2602,.T.);
#3428=ORIENTED_EDGE('',*,*,#2604,.F.);
#3429=ORIENTED_EDGE('',*,*,#2605,.F.);
#3430=ORIENTED_EDGE('',*,*,#2606,.F.);
#3431=ORIENTED_EDGE('',*,*,#2605,.T.);
#3432=ORIENTED_EDGE('',*,*,#2607,.F.);
#3433=ORIENTED_EDGE('',*,*,#2608,.F.);
#3434=ORIENTED_EDGE('',*,*,#2609,.F.);
#3435=ORIENTED_EDGE('',*,*,#2608,.T.);
#3436=ORIENTED_EDGE('',*,*,#2610,.F.);
#3437=ORIENTED_EDGE('',*,*,#2611,.F.);
#3438=ORIENTED_EDGE('',*,*,#2612,.F.);
#3439=ORIENTED_EDGE('',*,*,#2611,.T.);
#3440=ORIENTED_EDGE('',*,*,#2613,.F.);
#3441=ORIENTED_EDGE('',*,*,#2614,.F.);
#3442=ORIENTED_EDGE('',*,*,#2615,.F.);
#3443=ORIENTED_EDGE('',*,*,#2614,.T.);
#3444=ORIENTED_EDGE('',*,*,#2616,.F.);
#3445=ORIENTED_EDGE('',*,*,#2617,.F.);
#3446=ORIENTED_EDGE('',*,*,#2618,.F.);
#3447=ORIENTED_EDGE('',*,*,#2617,.T.);
#3448=ORIENTED_EDGE('',*,*,#2619,.F.);
#3449=ORIENTED_EDGE('',*,*,#2620,.F.);
#3450=ORIENTED_EDGE('',*,*,#2621,.F.);
#3451=ORIENTED_EDGE('',*,*,#2620,.T.);
#3452=ORIENTED_EDGE('',*,*,#2622,.F.);
#3453=ORIENTED_EDGE('',*,*,#2623,.F.);
#3454=ORIENTED_EDGE('',*,*,#2624,.F.);
#3455=ORIENTED_EDGE('',*,*,#2623,.T.);
#3456=ORIENTED_EDGE('',*,*,#2625,.F.);
#3457=ORIENTED_EDGE('',*,*,#2626,.F.);
#3458=ORIENTED_EDGE('',*,*,#2627,.F.);
#3459=ORIENTED_EDGE('',*,*,#2626,.T.);
#3460=ORIENTED_EDGE('',*,*,#2628,.F.);
#3461=ORIENTED_EDGE('',*,*,#2629,.F.);
#3462=ORIENTED_EDGE('',*,*,#2630,.F.);
#3463=ORIENTED_EDGE('',*,*,#2629,.T.);
#3464=ORIENTED_EDGE('',*,*,#2631,.F.);
#3465=ORIENTED_EDGE('',*,*,#2632,.F.);
#3466=ORIENTED_EDGE('',*,*,#2633,.F.);
#3467=ORIENTED_EDGE('',*,*,#2632,.T.);
#3468=ORIENTED_EDGE('',*,*,#2634,.F.);
#3469=ORIENTED_EDGE('',*,*,#2635,.F.);
#3470=ORIENTED_EDGE('',*,*,#2636,.F.);
#3471=ORIENTED_EDGE('',*,*,#2635,.T.);
#3472=ORIENTED_EDGE('',*,*,#2637,.F.);
#3473=ORIENTED_EDGE('',*,*,#2638,.F.);
#3474=ORIENTED_EDGE('',*,*,#2639,.F.);
#3475=ORIENTED_EDGE('',*,*,#2638,.T.);
#3476=ORIENTED_EDGE('',*,*,#2640,.F.);
#3477=ORIENTED_EDGE('',*,*,#2641,.F.);
#3478=ORIENTED_EDGE('',*,*,#2642,.F.);
#3479=ORIENTED_EDGE('',*,*,#2641,.T.);
#3480=ORIENTED_EDGE('',*,*,#2643,.F.);
#3481=ORIENTED_EDGE('',*,*,#2644,.F.);
#3482=ORIENTED_EDGE('',*,*,#2645,.F.);
#3483=ORIENTED_EDGE('',*,*,#2644,.T.);
#3484=ORIENTED_EDGE('',*,*,#2646,.F.);
#3485=ORIENTED_EDGE('',*,*,#2647,.F.);
#3486=ORIENTED_EDGE('',*,*,#2648,.F.);
#3487=ORIENTED_EDGE('',*,*,#2647,.T.);
#3488=ORIENTED_EDGE('',*,*,#2649,.F.);
#3489=ORIENTED_EDGE('',*,*,#2650,.F.);
#3490=ORIENTED_EDGE('',*,*,#2651,.F.);
#3491=ORIENTED_EDGE('',*,*,#2650,.T.);
#3492=ORIENTED_EDGE('',*,*,#2652,.F.);
#3493=ORIENTED_EDGE('',*,*,#2653,.F.);
#3494=ORIENTED_EDGE('',*,*,#2654,.F.);
#3495=ORIENTED_EDGE('',*,*,#2653,.T.);
#3496=ORIENTED_EDGE('',*,*,#2655,.F.);
#3497=ORIENTED_EDGE('',*,*,#2656,.F.);
#3498=ORIENTED_EDGE('',*,*,#2657,.F.);
#3499=ORIENTED_EDGE('',*,*,#2656,.T.);
#3500=ORIENTED_EDGE('',*,*,#2658,.F.);
#3501=ORIENTED_EDGE('',*,*,#2659,.F.);
#3502=ORIENTED_EDGE('',*,*,#2660,.F.);
#3503=ORIENTED_EDGE('',*,*,#2659,.T.);
#3504=ORIENTED_EDGE('',*,*,#2661,.F.);
#3505=ORIENTED_EDGE('',*,*,#2662,.F.);
#3506=ORIENTED_EDGE('',*,*,#2663,.F.);
#3507=ORIENTED_EDGE('',*,*,#2662,.T.);
#3508=ORIENTED_EDGE('',*,*,#2664,.F.);
#3509=ORIENTED_EDGE('',*,*,#2570,.F.);
#3510=ORIENTED_EDGE('',*,*,#2665,.F.);
#3511=ORIENTED_EDGE('',*,*,#2666,.T.);
#3512=ORIENTED_EDGE('',*,*,#2667,.F.);
#3513=ORIENTED_EDGE('',*,*,#2668,.F.);
#3514=ORIENTED_EDGE('',*,*,#2669,.F.);
#3515=ORIENTED_EDGE('',*,*,#2668,.T.);
#3516=ORIENTED_EDGE('',*,*,#2670,.F.);
#3517=ORIENTED_EDGE('',*,*,#2671,.F.);
#3518=ORIENTED_EDGE('',*,*,#2672,.F.);
#3519=ORIENTED_EDGE('',*,*,#2671,.T.);
#3520=ORIENTED_EDGE('',*,*,#2673,.F.);
#3521=ORIENTED_EDGE('',*,*,#2674,.F.);
#3522=ORIENTED_EDGE('',*,*,#2675,.F.);
#3523=ORIENTED_EDGE('',*,*,#2674,.T.);
#3524=ORIENTED_EDGE('',*,*,#2676,.F.);
#3525=ORIENTED_EDGE('',*,*,#2677,.F.);
#3526=ORIENTED_EDGE('',*,*,#2678,.F.);
#3527=ORIENTED_EDGE('',*,*,#2677,.T.);
#3528=ORIENTED_EDGE('',*,*,#2679,.F.);
#3529=ORIENTED_EDGE('',*,*,#2680,.F.);
#3530=ORIENTED_EDGE('',*,*,#2681,.F.);
#3531=ORIENTED_EDGE('',*,*,#2680,.T.);
#3532=ORIENTED_EDGE('',*,*,#2682,.F.);
#3533=ORIENTED_EDGE('',*,*,#2683,.F.);
#3534=ORIENTED_EDGE('',*,*,#2684,.F.);
#3535=ORIENTED_EDGE('',*,*,#2683,.T.);
#3536=ORIENTED_EDGE('',*,*,#2685,.F.);
#3537=ORIENTED_EDGE('',*,*,#2686,.F.);
#3538=ORIENTED_EDGE('',*,*,#2687,.F.);
#3539=ORIENTED_EDGE('',*,*,#2686,.T.);
#3540=ORIENTED_EDGE('',*,*,#2688,.F.);
#3541=ORIENTED_EDGE('',*,*,#2689,.F.);
#3542=ORIENTED_EDGE('',*,*,#2690,.F.);
#3543=ORIENTED_EDGE('',*,*,#2689,.T.);
#3544=ORIENTED_EDGE('',*,*,#2691,.F.);
#3545=ORIENTED_EDGE('',*,*,#2692,.F.);
#3546=ORIENTED_EDGE('',*,*,#2693,.F.);
#3547=ORIENTED_EDGE('',*,*,#2692,.T.);
#3548=ORIENTED_EDGE('',*,*,#2694,.F.);
#3549=ORIENTED_EDGE('',*,*,#2695,.F.);
#3550=ORIENTED_EDGE('',*,*,#2696,.F.);
#3551=ORIENTED_EDGE('',*,*,#2695,.T.);
#3552=ORIENTED_EDGE('',*,*,#2697,.F.);
#3553=ORIENTED_EDGE('',*,*,#2698,.F.);
#3554=ORIENTED_EDGE('',*,*,#2699,.F.);
#3555=ORIENTED_EDGE('',*,*,#2698,.T.);
#3556=ORIENTED_EDGE('',*,*,#2700,.F.);
#3557=ORIENTED_EDGE('',*,*,#2701,.F.);
#3558=ORIENTED_EDGE('',*,*,#2702,.F.);
#3559=ORIENTED_EDGE('',*,*,#2701,.T.);
#3560=ORIENTED_EDGE('',*,*,#2703,.F.);
#3561=ORIENTED_EDGE('',*,*,#2704,.F.);
#3562=ORIENTED_EDGE('',*,*,#2705,.F.);
#3563=ORIENTED_EDGE('',*,*,#2704,.T.);
#3564=ORIENTED_EDGE('',*,*,#2706,.F.);
#3565=ORIENTED_EDGE('',*,*,#2707,.F.);
#3566=ORIENTED_EDGE('',*,*,#2708,.F.);
#3567=ORIENTED_EDGE('',*,*,#2707,.T.);
#3568=ORIENTED_EDGE('',*,*,#2709,.F.);
#3569=ORIENTED_EDGE('',*,*,#2710,.F.);
#3570=ORIENTED_EDGE('',*,*,#2711,.F.);
#3571=ORIENTED_EDGE('',*,*,#2710,.T.);
#3572=ORIENTED_EDGE('',*,*,#2712,.F.);
#3573=ORIENTED_EDGE('',*,*,#2713,.F.);
#3574=ORIENTED_EDGE('',*,*,#2714,.F.);
#3575=ORIENTED_EDGE('',*,*,#2713,.T.);
#3576=ORIENTED_EDGE('',*,*,#2715,.F.);
#3577=ORIENTED_EDGE('',*,*,#2716,.F.);
#3578=ORIENTED_EDGE('',*,*,#2717,.F.);
#3579=ORIENTED_EDGE('',*,*,#2716,.T.);
#3580=ORIENTED_EDGE('',*,*,#2718,.F.);
#3581=ORIENTED_EDGE('',*,*,#2719,.F.);
#3582=ORIENTED_EDGE('',*,*,#2720,.F.);
#3583=ORIENTED_EDGE('',*,*,#2719,.T.);
#3584=ORIENTED_EDGE('',*,*,#2721,.F.);
#3585=ORIENTED_EDGE('',*,*,#2722,.F.);
#3586=ORIENTED_EDGE('',*,*,#2723,.F.);
#3587=ORIENTED_EDGE('',*,*,#2722,.T.);
#3588=ORIENTED_EDGE('',*,*,#2724,.F.);
#3589=ORIENTED_EDGE('',*,*,#2666,.F.);
#3590=ORIENTED_EDGE('',*,*,#2724,.T.);
#3591=ORIENTED_EDGE('',*,*,#2721,.T.);
#3592=ORIENTED_EDGE('',*,*,#2718,.T.);
#3593=ORIENTED_EDGE('',*,*,#2715,.T.);
#3594=ORIENTED_EDGE('',*,*,#2712,.T.);
#3595=ORIENTED_EDGE('',*,*,#2709,.T.);
#3596=ORIENTED_EDGE('',*,*,#2706,.T.);
#3597=ORIENTED_EDGE('',*,*,#2703,.T.);
#3598=ORIENTED_EDGE('',*,*,#2700,.T.);
#3599=ORIENTED_EDGE('',*,*,#2697,.T.);
#3600=ORIENTED_EDGE('',*,*,#2694,.T.);
#3601=ORIENTED_EDGE('',*,*,#2691,.T.);
#3602=ORIENTED_EDGE('',*,*,#2688,.T.);
#3603=ORIENTED_EDGE('',*,*,#2685,.T.);
#3604=ORIENTED_EDGE('',*,*,#2682,.T.);
#3605=ORIENTED_EDGE('',*,*,#2679,.T.);
#3606=ORIENTED_EDGE('',*,*,#2676,.T.);
#3607=ORIENTED_EDGE('',*,*,#2673,.T.);
#3608=ORIENTED_EDGE('',*,*,#2670,.T.);
#3609=ORIENTED_EDGE('',*,*,#2667,.T.);
#3610=ORIENTED_EDGE('',*,*,#2664,.T.);
#3611=ORIENTED_EDGE('',*,*,#2661,.T.);
#3612=ORIENTED_EDGE('',*,*,#2658,.T.);
#3613=ORIENTED_EDGE('',*,*,#2655,.T.);
#3614=ORIENTED_EDGE('',*,*,#2652,.T.);
#3615=ORIENTED_EDGE('',*,*,#2649,.T.);
#3616=ORIENTED_EDGE('',*,*,#2646,.T.);
#3617=ORIENTED_EDGE('',*,*,#2643,.T.);
#3618=ORIENTED_EDGE('',*,*,#2640,.T.);
#3619=ORIENTED_EDGE('',*,*,#2637,.T.);
#3620=ORIENTED_EDGE('',*,*,#2634,.T.);
#3621=ORIENTED_EDGE('',*,*,#2631,.T.);
#3622=ORIENTED_EDGE('',*,*,#2628,.T.);
#3623=ORIENTED_EDGE('',*,*,#2625,.T.);
#3624=ORIENTED_EDGE('',*,*,#2622,.T.);
#3625=ORIENTED_EDGE('',*,*,#2619,.T.);
#3626=ORIENTED_EDGE('',*,*,#2616,.T.);
#3627=ORIENTED_EDGE('',*,*,#2613,.T.);
#3628=ORIENTED_EDGE('',*,*,#2610,.T.);
#3629=ORIENTED_EDGE('',*,*,#2607,.T.);
#3630=ORIENTED_EDGE('',*,*,#2604,.T.);
#3631=ORIENTED_EDGE('',*,*,#2601,.T.);
#3632=ORIENTED_EDGE('',*,*,#2598,.T.);
#3633=ORIENTED_EDGE('',*,*,#2595,.T.);
#3634=ORIENTED_EDGE('',*,*,#2592,.T.);
#3635=ORIENTED_EDGE('',*,*,#2589,.T.);
#3636=ORIENTED_EDGE('',*,*,#2586,.T.);
#3637=ORIENTED_EDGE('',*,*,#2583,.T.);
#3638=ORIENTED_EDGE('',*,*,#2580,.T.);
#3639=ORIENTED_EDGE('',*,*,#2577,.T.);
#3640=ORIENTED_EDGE('',*,*,#2574,.T.);
#3641=ORIENTED_EDGE('',*,*,#2571,.T.);
#3642=ORIENTED_EDGE('',*,*,#2564,.T.);
#3643=ORIENTED_EDGE('',*,*,#2665,.T.);
#3644=ORIENTED_EDGE('',*,*,#2669,.T.);
#3645=ORIENTED_EDGE('',*,*,#2672,.T.);
#3646=ORIENTED_EDGE('',*,*,#2675,.T.);
#3647=ORIENTED_EDGE('',*,*,#2678,.T.);
#3648=ORIENTED_EDGE('',*,*,#2681,.T.);
#3649=ORIENTED_EDGE('',*,*,#2684,.T.);
#3650=ORIENTED_EDGE('',*,*,#2687,.T.);
#3651=ORIENTED_EDGE('',*,*,#2690,.T.);
#3652=ORIENTED_EDGE('',*,*,#2693,.T.);
#3653=ORIENTED_EDGE('',*,*,#2696,.T.);
#3654=ORIENTED_EDGE('',*,*,#2699,.T.);
#3655=ORIENTED_EDGE('',*,*,#2702,.T.);
#3656=ORIENTED_EDGE('',*,*,#2705,.T.);
#3657=ORIENTED_EDGE('',*,*,#2708,.T.);
#3658=ORIENTED_EDGE('',*,*,#2711,.T.);
#3659=ORIENTED_EDGE('',*,*,#2714,.T.);
#3660=ORIENTED_EDGE('',*,*,#2717,.T.);
#3661=ORIENTED_EDGE('',*,*,#2720,.T.);
#3662=ORIENTED_EDGE('',*,*,#2723,.T.);
#3663=ORIENTED_EDGE('',*,*,#2550,.T.);
#3664=ORIENTED_EDGE('',*,*,#2554,.T.);
#3665=ORIENTED_EDGE('',*,*,#2557,.T.);
#3666=ORIENTED_EDGE('',*,*,#2560,.T.);
#3667=ORIENTED_EDGE('',*,*,#2535,.T.);
#3668=ORIENTED_EDGE('',*,*,#2539,.T.);
#3669=ORIENTED_EDGE('',*,*,#2542,.T.);
#3670=ORIENTED_EDGE('',*,*,#2545,.T.);
#3671=ORIENTED_EDGE('',*,*,#2548,.T.);
#3672=ORIENTED_EDGE('',*,*,#2523,.T.);
#3673=ORIENTED_EDGE('',*,*,#2527,.T.);
#3674=ORIENTED_EDGE('',*,*,#2530,.T.);
#3675=ORIENTED_EDGE('',*,*,#2533,.T.);
#3676=ORIENTED_EDGE('',*,*,#2511,.T.);
#3677=ORIENTED_EDGE('',*,*,#2515,.T.);
#3678=ORIENTED_EDGE('',*,*,#2518,.T.);
#3679=ORIENTED_EDGE('',*,*,#2521,.T.);
#3680=ORIENTED_EDGE('',*,*,#2499,.T.);
#3681=ORIENTED_EDGE('',*,*,#2503,.T.);
#3682=ORIENTED_EDGE('',*,*,#2506,.T.);
#3683=ORIENTED_EDGE('',*,*,#2509,.T.);
#3684=ORIENTED_EDGE('',*,*,#2475,.T.);
#3685=ORIENTED_EDGE('',*,*,#2479,.T.);
#3686=ORIENTED_EDGE('',*,*,#2482,.T.);
#3687=ORIENTED_EDGE('',*,*,#2485,.T.);
#3688=ORIENTED_EDGE('',*,*,#2488,.T.);
#3689=ORIENTED_EDGE('',*,*,#2491,.T.);
#3690=ORIENTED_EDGE('',*,*,#2494,.T.);
#3691=ORIENTED_EDGE('',*,*,#2497,.T.);
#3692=ORIENTED_EDGE('',*,*,#2463,.T.);
#3693=ORIENTED_EDGE('',*,*,#2467,.T.);
#3694=ORIENTED_EDGE('',*,*,#2470,.T.);
#3695=ORIENTED_EDGE('',*,*,#2473,.T.);
#3696=ORIENTED_EDGE('',*,*,#2725,.F.);
#3697=ORIENTED_EDGE('',*,*,#2726,.T.);
#3698=ORIENTED_EDGE('',*,*,#2568,.F.);
#3699=ORIENTED_EDGE('',*,*,#2726,.F.);
#3700=ORIENTED_EDGE('',*,*,#2727,.F.);
#3701=ORIENTED_EDGE('',*,*,#2728,.T.);
#3702=ORIENTED_EDGE('',*,*,#2729,.F.);
#3703=ORIENTED_EDGE('',*,*,#2728,.F.);
#3704=ORIENTED_EDGE('',*,*,#2727,.T.);
#3705=ORIENTED_EDGE('',*,*,#2725,.T.);
#3706=ORIENTED_EDGE('',*,*,#2730,.T.);
#3707=ORIENTED_EDGE('',*,*,#2729,.T.);
#3708=ORIENTED_EDGE('',*,*,#2731,.F.);
#3709=ORIENTED_EDGE('',*,*,#2732,.T.);
#3710=ORIENTED_EDGE('',*,*,#2730,.F.);
#3711=ORIENTED_EDGE('',*,*,#2732,.F.);
#3712=ORIENTED_EDGE('',*,*,#2733,.T.);
#3713=ORIENTED_EDGE('',*,*,#2734,.T.);
#3714=ORIENTED_EDGE('',*,*,#2735,.T.);
#3715=ORIENTED_EDGE('',*,*,#2736,.T.);
#3716=ORIENTED_EDGE('',*,*,#2737,.T.);
#3717=ORIENTED_EDGE('',*,*,#2738,.T.);
#3718=ORIENTED_EDGE('',*,*,#2739,.T.);
#3719=ORIENTED_EDGE('',*,*,#2740,.T.);
#3720=ORIENTED_EDGE('',*,*,#2741,.T.);
#3721=ORIENTED_EDGE('',*,*,#2742,.T.);
#3722=ORIENTED_EDGE('',*,*,#2743,.T.);
#3723=ORIENTED_EDGE('',*,*,#2744,.T.);
#3724=ORIENTED_EDGE('',*,*,#2745,.T.);
#3725=ORIENTED_EDGE('',*,*,#2746,.T.);
#3726=ORIENTED_EDGE('',*,*,#2747,.T.);
#3727=ORIENTED_EDGE('',*,*,#2748,.T.);
#3728=ORIENTED_EDGE('',*,*,#2749,.T.);
#3729=ORIENTED_EDGE('',*,*,#2750,.T.);
#3730=ORIENTED_EDGE('',*,*,#2751,.T.);
#3731=ORIENTED_EDGE('',*,*,#2752,.T.);
#3732=ORIENTED_EDGE('',*,*,#2753,.T.);
#3733=ORIENTED_EDGE('',*,*,#2754,.T.);
#3734=ORIENTED_EDGE('',*,*,#2755,.T.);
#3735=ORIENTED_EDGE('',*,*,#2756,.T.);
#3736=ORIENTED_EDGE('',*,*,#2757,.T.);
#3737=ORIENTED_EDGE('',*,*,#2758,.T.);
#3738=ORIENTED_EDGE('',*,*,#2759,.T.);
#3739=ORIENTED_EDGE('',*,*,#2760,.T.);
#3740=ORIENTED_EDGE('',*,*,#2761,.T.);
#3741=ORIENTED_EDGE('',*,*,#2762,.T.);
#3742=ORIENTED_EDGE('',*,*,#2763,.T.);
#3743=ORIENTED_EDGE('',*,*,#2764,.T.);
#3744=ORIENTED_EDGE('',*,*,#2762,.F.);
#3745=ORIENTED_EDGE('',*,*,#2765,.T.);
#3746=ORIENTED_EDGE('',*,*,#2766,.F.);
#3747=ORIENTED_EDGE('',*,*,#2767,.F.);
#3748=ORIENTED_EDGE('',*,*,#2768,.T.);
#3749=ORIENTED_EDGE('',*,*,#2769,.T.);
#3750=ORIENTED_EDGE('',*,*,#2770,.T.);
#3751=ORIENTED_EDGE('',*,*,#2771,.T.);
#3752=ORIENTED_EDGE('',*,*,#2772,.T.);
#3753=ORIENTED_EDGE('',*,*,#2770,.F.);
#3754=ORIENTED_EDGE('',*,*,#2773,.T.);
#3755=ORIENTED_EDGE('',*,*,#2774,.F.);
#3756=ORIENTED_EDGE('',*,*,#2775,.F.);
#3757=ORIENTED_EDGE('',*,*,#2776,.T.);
#3758=ORIENTED_EDGE('',*,*,#2777,.T.);
#3759=ORIENTED_EDGE('',*,*,#2778,.T.);
#3760=ORIENTED_EDGE('',*,*,#2779,.T.);
#3761=ORIENTED_EDGE('',*,*,#2780,.T.);
#3762=ORIENTED_EDGE('',*,*,#2778,.F.);
#3763=ORIENTED_EDGE('',*,*,#2781,.T.);
#3764=ORIENTED_EDGE('',*,*,#2782,.F.);
#3765=ORIENTED_EDGE('',*,*,#2783,.F.);
#3766=ORIENTED_EDGE('',*,*,#2784,.T.);
#3767=ORIENTED_EDGE('',*,*,#2785,.T.);
#3768=ORIENTED_EDGE('',*,*,#2786,.T.);
#3769=ORIENTED_EDGE('',*,*,#2787,.T.);
#3770=ORIENTED_EDGE('',*,*,#2788,.T.);
#3771=ORIENTED_EDGE('',*,*,#2786,.F.);
#3772=ORIENTED_EDGE('',*,*,#2789,.T.);
#3773=ORIENTED_EDGE('',*,*,#2790,.F.);
#3774=ORIENTED_EDGE('',*,*,#2791,.F.);
#3775=ORIENTED_EDGE('',*,*,#2792,.T.);
#3776=ORIENTED_EDGE('',*,*,#2793,.T.);
#3777=ORIENTED_EDGE('',*,*,#2794,.T.);
#3778=ORIENTED_EDGE('',*,*,#2795,.T.);
#3779=ORIENTED_EDGE('',*,*,#2796,.T.);
#3780=ORIENTED_EDGE('',*,*,#2794,.F.);
#3781=ORIENTED_EDGE('',*,*,#2797,.T.);
#3782=ORIENTED_EDGE('',*,*,#2798,.F.);
#3783=ORIENTED_EDGE('',*,*,#2799,.F.);
#3784=ORIENTED_EDGE('',*,*,#2800,.T.);
#3785=ORIENTED_EDGE('',*,*,#2801,.T.);
#3786=ORIENTED_EDGE('',*,*,#2802,.T.);
#3787=ORIENTED_EDGE('',*,*,#2803,.T.);
#3788=ORIENTED_EDGE('',*,*,#2804,.T.);
#3789=ORIENTED_EDGE('',*,*,#2802,.F.);
#3790=ORIENTED_EDGE('',*,*,#2805,.T.);
#3791=ORIENTED_EDGE('',*,*,#2806,.F.);
#3792=ORIENTED_EDGE('',*,*,#2807,.F.);
#3793=ORIENTED_EDGE('',*,*,#2808,.T.);
#3794=ORIENTED_EDGE('',*,*,#2809,.T.);
#3795=ORIENTED_EDGE('',*,*,#2810,.T.);
#3796=ORIENTED_EDGE('',*,*,#2811,.T.);
#3797=ORIENTED_EDGE('',*,*,#2812,.T.);
#3798=ORIENTED_EDGE('',*,*,#2810,.F.);
#3799=ORIENTED_EDGE('',*,*,#2813,.T.);
#3800=ORIENTED_EDGE('',*,*,#2814,.F.);
#3801=ORIENTED_EDGE('',*,*,#2815,.F.);
#3802=ORIENTED_EDGE('',*,*,#2816,.T.);
#3803=ORIENTED_EDGE('',*,*,#2817,.T.);
#3804=ORIENTED_EDGE('',*,*,#2818,.T.);
#3805=ORIENTED_EDGE('',*,*,#2819,.T.);
#3806=ORIENTED_EDGE('',*,*,#2820,.T.);
#3807=ORIENTED_EDGE('',*,*,#2818,.F.);
#3808=ORIENTED_EDGE('',*,*,#2821,.T.);
#3809=ORIENTED_EDGE('',*,*,#2822,.F.);
#3810=ORIENTED_EDGE('',*,*,#2823,.F.);
#3811=ORIENTED_EDGE('',*,*,#2824,.T.);
#3812=ORIENTED_EDGE('',*,*,#2798,.T.);
#3813=ORIENTED_EDGE('',*,*,#2825,.T.);
#3814=ORIENTED_EDGE('',*,*,#2826,.T.);
#3815=ORIENTED_EDGE('',*,*,#2827,.T.);
#3816=ORIENTED_EDGE('',*,*,#2828,.T.);
#3817=ORIENTED_EDGE('',*,*,#2829,.T.);
#3818=ORIENTED_EDGE('',*,*,#2828,.F.);
#3819=ORIENTED_EDGE('',*,*,#2830,.F.);
#3820=ORIENTED_EDGE('',*,*,#2831,.T.);
#3821=ORIENTED_EDGE('',*,*,#2832,.F.);
#3822=ORIENTED_EDGE('',*,*,#2827,.F.);
#3823=ORIENTED_EDGE('',*,*,#2833,.F.);
#3824=ORIENTED_EDGE('',*,*,#2834,.T.);
#3825=ORIENTED_EDGE('',*,*,#2830,.T.);
#3826=ORIENTED_EDGE('',*,*,#2826,.F.);
#3827=ORIENTED_EDGE('',*,*,#2835,.T.);
#3828=ORIENTED_EDGE('',*,*,#2836,.T.);
#3829=ORIENTED_EDGE('',*,*,#2833,.T.);
#3830=ORIENTED_EDGE('',*,*,#2791,.T.);
#3831=ORIENTED_EDGE('',*,*,#2837,.T.);
#3832=ORIENTED_EDGE('',*,*,#2838,.T.);
#3833=ORIENTED_EDGE('',*,*,#2839,.T.);
#3834=ORIENTED_EDGE('',*,*,#2840,.T.);
#3835=ORIENTED_EDGE('',*,*,#2841,.T.);
#3836=ORIENTED_EDGE('',*,*,#2841,.F.);
#3837=ORIENTED_EDGE('',*,*,#2842,.F.);
#3838=ORIENTED_EDGE('',*,*,#2843,.F.);
#3839=ORIENTED_EDGE('',*,*,#2844,.F.);
#3840=ORIENTED_EDGE('',*,*,#2845,.F.);
#3841=ORIENTED_EDGE('',*,*,#2846,.F.);
#3842=ORIENTED_EDGE('',*,*,#2847,.F.);
#3843=ORIENTED_EDGE('',*,*,#2848,.F.);
#3844=ORIENTED_EDGE('',*,*,#2849,.F.);
#3845=ORIENTED_EDGE('',*,*,#2850,.F.);
#3846=ORIENTED_EDGE('',*,*,#2851,.F.);
#3847=ORIENTED_EDGE('',*,*,#2852,.F.);
#3848=ORIENTED_EDGE('',*,*,#2734,.F.);
#3849=ORIENTED_EDGE('',*,*,#2853,.F.);
#3850=ORIENTED_EDGE('',*,*,#2787,.F.);
#3851=ORIENTED_EDGE('',*,*,#2792,.F.);
#3852=ORIENTED_EDGE('',*,*,#2840,.F.);
#3853=ORIENTED_EDGE('',*,*,#2854,.T.);
#3854=ORIENTED_EDGE('',*,*,#2855,.T.);
#3855=ORIENTED_EDGE('',*,*,#2856,.T.);
#3856=ORIENTED_EDGE('',*,*,#2823,.T.);
#3857=ORIENTED_EDGE('',*,*,#2857,.T.);
#3858=ORIENTED_EDGE('',*,*,#2858,.T.);
#3859=ORIENTED_EDGE('',*,*,#2859,.T.);
#3860=ORIENTED_EDGE('',*,*,#2860,.T.);
#3861=ORIENTED_EDGE('',*,*,#2861,.T.);
#3862=ORIENTED_EDGE('',*,*,#2858,.F.);
#3863=ORIENTED_EDGE('',*,*,#2862,.F.);
#3864=ORIENTED_EDGE('',*,*,#2863,.T.);
#3865=ORIENTED_EDGE('',*,*,#2864,.F.);
#3866=ORIENTED_EDGE('',*,*,#2857,.F.);
#3867=ORIENTED_EDGE('',*,*,#2822,.T.);
#3868=ORIENTED_EDGE('',*,*,#2865,.T.);
#3869=ORIENTED_EDGE('',*,*,#2862,.T.);
#3870=ORIENTED_EDGE('',*,*,#2766,.T.);
#3871=ORIENTED_EDGE('',*,*,#2866,.T.);
#3872=ORIENTED_EDGE('',*,*,#2867,.T.);
#3873=ORIENTED_EDGE('',*,*,#2868,.T.);
#3874=ORIENTED_EDGE('',*,*,#2869,.T.);
#3875=ORIENTED_EDGE('',*,*,#2870,.T.);
#3876=ORIENTED_EDGE('',*,*,#2868,.F.);
#3877=ORIENTED_EDGE('',*,*,#2871,.F.);
#3878=ORIENTED_EDGE('',*,*,#2872,.T.);
#3879=ORIENTED_EDGE('',*,*,#2873,.T.);
#3880=ORIENTED_EDGE('',*,*,#2867,.F.);
#3881=ORIENTED_EDGE('',*,*,#2874,.T.);
#3882=ORIENTED_EDGE('',*,*,#2875,.T.);
#3883=ORIENTED_EDGE('',*,*,#2871,.T.);
#3884=ORIENTED_EDGE('',*,*,#2866,.F.);
#3885=ORIENTED_EDGE('',*,*,#2765,.F.);
#3886=ORIENTED_EDGE('',*,*,#2761,.F.);
#3887=ORIENTED_EDGE('',*,*,#2876,.T.);
#3888=ORIENTED_EDGE('',*,*,#2748,.F.);
#3889=ORIENTED_EDGE('',*,*,#2877,.F.);
#3890=ORIENTED_EDGE('',*,*,#2878,.F.);
#3891=ORIENTED_EDGE('',*,*,#2879,.F.);
#3892=ORIENTED_EDGE('',*,*,#2880,.F.);
#3893=ORIENTED_EDGE('',*,*,#2881,.F.);
#3894=ORIENTED_EDGE('',*,*,#2882,.F.);
#3895=ORIENTED_EDGE('',*,*,#2883,.F.);
#3896=ORIENTED_EDGE('',*,*,#2884,.F.);
#3897=ORIENTED_EDGE('',*,*,#2885,.F.);
#3898=ORIENTED_EDGE('',*,*,#2886,.F.);
#3899=ORIENTED_EDGE('',*,*,#2887,.F.);
#3900=ORIENTED_EDGE('',*,*,#2782,.T.);
#3901=ORIENTED_EDGE('',*,*,#2888,.T.);
#3902=ORIENTED_EDGE('',*,*,#2889,.T.);
#3903=ORIENTED_EDGE('',*,*,#2890,.T.);
#3904=ORIENTED_EDGE('',*,*,#2891,.T.);
#3905=ORIENTED_EDGE('',*,*,#2892,.T.);
#3906=ORIENTED_EDGE('',*,*,#2891,.F.);
#3907=ORIENTED_EDGE('',*,*,#2893,.F.);
#3908=ORIENTED_EDGE('',*,*,#2894,.T.);
#3909=ORIENTED_EDGE('',*,*,#2895,.F.);
#3910=ORIENTED_EDGE('',*,*,#2890,.F.);
#3911=ORIENTED_EDGE('',*,*,#2896,.F.);
#3912=ORIENTED_EDGE('',*,*,#2897,.T.);
#3913=ORIENTED_EDGE('',*,*,#2893,.T.);
#3914=ORIENTED_EDGE('',*,*,#2889,.F.);
#3915=ORIENTED_EDGE('',*,*,#2898,.T.);
#3916=ORIENTED_EDGE('',*,*,#2899,.T.);
#3917=ORIENTED_EDGE('',*,*,#2896,.T.);
#3918=ORIENTED_EDGE('',*,*,#2775,.T.);
#3919=ORIENTED_EDGE('',*,*,#2900,.T.);
#3920=ORIENTED_EDGE('',*,*,#2901,.T.);
#3921=ORIENTED_EDGE('',*,*,#2902,.T.);
#3922=ORIENTED_EDGE('',*,*,#2903,.T.);
#3923=ORIENTED_EDGE('',*,*,#2904,.T.);
#3924=ORIENTED_EDGE('',*,*,#2901,.F.);
#3925=ORIENTED_EDGE('',*,*,#2905,.F.);
#3926=ORIENTED_EDGE('',*,*,#2906,.T.);
#3927=ORIENTED_EDGE('',*,*,#2907,.F.);
#3928=ORIENTED_EDGE('',*,*,#2900,.F.);
#3929=ORIENTED_EDGE('',*,*,#2774,.T.);
#3930=ORIENTED_EDGE('',*,*,#2908,.T.);
#3931=ORIENTED_EDGE('',*,*,#2905,.T.);
#3932=ORIENTED_EDGE('',*,*,#2807,.T.);
#3933=ORIENTED_EDGE('',*,*,#2909,.T.);
#3934=ORIENTED_EDGE('',*,*,#2910,.T.);
#3935=ORIENTED_EDGE('',*,*,#2911,.T.);
#3936=ORIENTED_EDGE('',*,*,#2912,.T.);
#3937=ORIENTED_EDGE('',*,*,#2913,.T.);
#3938=ORIENTED_EDGE('',*,*,#2913,.F.);
#3939=ORIENTED_EDGE('',*,*,#2914,.F.);
#3940=ORIENTED_EDGE('',*,*,#2915,.F.);
#3941=ORIENTED_EDGE('',*,*,#2916,.F.);
#3942=ORIENTED_EDGE('',*,*,#2917,.F.);
#3943=ORIENTED_EDGE('',*,*,#2918,.F.);
#3944=ORIENTED_EDGE('',*,*,#2919,.F.);
#3945=ORIENTED_EDGE('',*,*,#2920,.F.);
#3946=ORIENTED_EDGE('',*,*,#2921,.F.);
#3947=ORIENTED_EDGE('',*,*,#2922,.F.);
#3948=ORIENTED_EDGE('',*,*,#2923,.F.);
#3949=ORIENTED_EDGE('',*,*,#2924,.F.);
#3950=ORIENTED_EDGE('',*,*,#2758,.F.);
#3951=ORIENTED_EDGE('',*,*,#2925,.F.);
#3952=ORIENTED_EDGE('',*,*,#2803,.F.);
#3953=ORIENTED_EDGE('',*,*,#2808,.F.);
#3954=ORIENTED_EDGE('',*,*,#2912,.F.);
#3955=ORIENTED_EDGE('',*,*,#2926,.T.);
#3956=ORIENTED_EDGE('',*,*,#2927,.T.);
#3957=ORIENTED_EDGE('',*,*,#2928,.T.);
#3958=ORIENTED_EDGE('',*,*,#2814,.T.);
#3959=ORIENTED_EDGE('',*,*,#2929,.T.);
#3960=ORIENTED_EDGE('',*,*,#2930,.T.);
#3961=ORIENTED_EDGE('',*,*,#2931,.T.);
#3962=ORIENTED_EDGE('',*,*,#2932,.T.);
#3963=ORIENTED_EDGE('',*,*,#2933,.T.);
#3964=ORIENTED_EDGE('',*,*,#2932,.F.);
#3965=ORIENTED_EDGE('',*,*,#2934,.F.);
#3966=ORIENTED_EDGE('',*,*,#2935,.T.);
#3967=ORIENTED_EDGE('',*,*,#2936,.F.);
#3968=ORIENTED_EDGE('',*,*,#2931,.F.);
#3969=ORIENTED_EDGE('',*,*,#2937,.F.);
#3970=ORIENTED_EDGE('',*,*,#2938,.T.);
#3971=ORIENTED_EDGE('',*,*,#2934,.T.);
#3972=ORIENTED_EDGE('',*,*,#2930,.F.);
#3973=ORIENTED_EDGE('',*,*,#2939,.T.);
#3974=ORIENTED_EDGE('',*,*,#2940,.T.);
#3975=ORIENTED_EDGE('',*,*,#2937,.T.);
#3976=ORIENTED_EDGE('',*,*,#2738,.F.);
#3977=ORIENTED_EDGE('',*,*,#2941,.F.);
#3978=ORIENTED_EDGE('',*,*,#2779,.F.);
#3979=ORIENTED_EDGE('',*,*,#2784,.F.);
#3980=ORIENTED_EDGE('',*,*,#2942,.F.);
#3981=ORIENTED_EDGE('',*,*,#2894,.F.);
#3982=ORIENTED_EDGE('',*,*,#2897,.F.);
#3983=ORIENTED_EDGE('',*,*,#2899,.F.);
#3984=ORIENTED_EDGE('',*,*,#2943,.F.);
#3985=ORIENTED_EDGE('',*,*,#2944,.F.);
#3986=ORIENTED_EDGE('',*,*,#2945,.F.);
#3987=ORIENTED_EDGE('',*,*,#2946,.F.);
#3988=ORIENTED_EDGE('',*,*,#2947,.F.);
#3989=ORIENTED_EDGE('',*,*,#2948,.F.);
#3990=ORIENTED_EDGE('',*,*,#2949,.F.);
#3991=ORIENTED_EDGE('',*,*,#2950,.F.);
#3992=ORIENTED_EDGE('',*,*,#2951,.F.);
#3993=ORIENTED_EDGE('',*,*,#2952,.F.);
#3994=ORIENTED_EDGE('',*,*,#2953,.F.);
#3995=ORIENTED_EDGE('',*,*,#2750,.F.);
#3996=ORIENTED_EDGE('',*,*,#2954,.F.);
#3997=ORIENTED_EDGE('',*,*,#2795,.F.);
#3998=ORIENTED_EDGE('',*,*,#2800,.F.);
#3999=ORIENTED_EDGE('',*,*,#2955,.F.);
#4000=ORIENTED_EDGE('',*,*,#2831,.F.);
#4001=ORIENTED_EDGE('',*,*,#2834,.F.);
#4002=ORIENTED_EDGE('',*,*,#2836,.F.);
#4003=ORIENTED_EDGE('',*,*,#2956,.F.);
#4004=ORIENTED_EDGE('',*,*,#2957,.F.);
#4005=ORIENTED_EDGE('',*,*,#2958,.F.);
#4006=ORIENTED_EDGE('',*,*,#2959,.F.);
#4007=ORIENTED_EDGE('',*,*,#2960,.F.);
#4008=ORIENTED_EDGE('',*,*,#2961,.F.);
#4009=ORIENTED_EDGE('',*,*,#2962,.F.);
#4010=ORIENTED_EDGE('',*,*,#2963,.F.);
#4011=ORIENTED_EDGE('',*,*,#2964,.F.);
#4012=ORIENTED_EDGE('',*,*,#2965,.F.);
#4013=ORIENTED_EDGE('',*,*,#2966,.F.);
#4014=ORIENTED_EDGE('',*,*,#2967,.T.);
#4015=ORIENTED_EDGE('',*,*,#2744,.F.);
#4016=ORIENTED_EDGE('',*,*,#2968,.F.);
#4017=ORIENTED_EDGE('',*,*,#2969,.F.);
#4018=ORIENTED_EDGE('',*,*,#2970,.F.);
#4019=ORIENTED_EDGE('',*,*,#2971,.F.);
#4020=ORIENTED_EDGE('',*,*,#2972,.F.);
#4021=ORIENTED_EDGE('',*,*,#2973,.F.);
#4022=ORIENTED_EDGE('',*,*,#2974,.F.);
#4023=ORIENTED_EDGE('',*,*,#2975,.F.);
#4024=ORIENTED_EDGE('',*,*,#2976,.F.);
#4025=ORIENTED_EDGE('',*,*,#2977,.F.);
#4026=ORIENTED_EDGE('',*,*,#2978,.F.);
#4027=ORIENTED_EDGE('',*,*,#2979,.F.);
#4028=ORIENTED_EDGE('',*,*,#2980,.F.);
#4029=ORIENTED_EDGE('',*,*,#2906,.F.);
#4030=ORIENTED_EDGE('',*,*,#2908,.F.);
#4031=ORIENTED_EDGE('',*,*,#2773,.F.);
#4032=ORIENTED_EDGE('',*,*,#2769,.F.);
#4033=ORIENTED_EDGE('',*,*,#2760,.F.);
#4034=ORIENTED_EDGE('',*,*,#2981,.F.);
#4035=ORIENTED_EDGE('',*,*,#2982,.F.);
#4036=ORIENTED_EDGE('',*,*,#2983,.F.);
#4037=ORIENTED_EDGE('',*,*,#2984,.F.);
#4038=ORIENTED_EDGE('',*,*,#2985,.F.);
#4039=ORIENTED_EDGE('',*,*,#2986,.F.);
#4040=ORIENTED_EDGE('',*,*,#2987,.F.);
#4041=ORIENTED_EDGE('',*,*,#2988,.F.);
#4042=ORIENTED_EDGE('',*,*,#2989,.F.);
#4043=ORIENTED_EDGE('',*,*,#2990,.F.);
#4044=ORIENTED_EDGE('',*,*,#2991,.F.);
#4045=ORIENTED_EDGE('',*,*,#2927,.F.);
#4046=ORIENTED_EDGE('',*,*,#2992,.F.);
#4047=ORIENTED_EDGE('',*,*,#2993,.F.);
#4048=ORIENTED_EDGE('',*,*,#2994,.F.);
#4049=ORIENTED_EDGE('',*,*,#2805,.F.);
#4050=ORIENTED_EDGE('',*,*,#2801,.F.);
#4051=ORIENTED_EDGE('',*,*,#2995,.T.);
#4052=ORIENTED_EDGE('',*,*,#2736,.F.);
#4053=ORIENTED_EDGE('',*,*,#2996,.F.);
#4054=ORIENTED_EDGE('',*,*,#2997,.F.);
#4055=ORIENTED_EDGE('',*,*,#2998,.F.);
#4056=ORIENTED_EDGE('',*,*,#2999,.F.);
#4057=ORIENTED_EDGE('',*,*,#3000,.F.);
#4058=ORIENTED_EDGE('',*,*,#3001,.F.);
#4059=ORIENTED_EDGE('',*,*,#3002,.F.);
#4060=ORIENTED_EDGE('',*,*,#3003,.F.);
#4061=ORIENTED_EDGE('',*,*,#3004,.F.);
#4062=ORIENTED_EDGE('',*,*,#3005,.F.);
#4063=ORIENTED_EDGE('',*,*,#3006,.F.);
#4064=ORIENTED_EDGE('',*,*,#2855,.F.);
#4065=ORIENTED_EDGE('',*,*,#3007,.F.);
#4066=ORIENTED_EDGE('',*,*,#3008,.F.);
#4067=ORIENTED_EDGE('',*,*,#3009,.F.);
#4068=ORIENTED_EDGE('',*,*,#2789,.F.);
#4069=ORIENTED_EDGE('',*,*,#2785,.F.);
#4070=ORIENTED_EDGE('',*,*,#3010,.T.);
#4071=ORIENTED_EDGE('',*,*,#2768,.F.);
#4072=ORIENTED_EDGE('',*,*,#3011,.F.);
#4073=ORIENTED_EDGE('',*,*,#3012,.F.);
#4074=ORIENTED_EDGE('',*,*,#2872,.F.);
#4075=ORIENTED_EDGE('',*,*,#2875,.F.);
#4076=ORIENTED_EDGE('',*,*,#3013,.F.);
#4077=ORIENTED_EDGE('',*,*,#3014,.F.);
#4078=ORIENTED_EDGE('',*,*,#3015,.F.);
#4079=ORIENTED_EDGE('',*,*,#3016,.F.);
#4080=ORIENTED_EDGE('',*,*,#3017,.F.);
#4081=ORIENTED_EDGE('',*,*,#3018,.F.);
#4082=ORIENTED_EDGE('',*,*,#3019,.F.);
#4083=ORIENTED_EDGE('',*,*,#3020,.F.);
#4084=ORIENTED_EDGE('',*,*,#3021,.F.);
#4085=ORIENTED_EDGE('',*,*,#3022,.F.);
#4086=ORIENTED_EDGE('',*,*,#3023,.F.);
#4087=ORIENTED_EDGE('',*,*,#2746,.F.);
#4088=ORIENTED_EDGE('',*,*,#3024,.F.);
#4089=ORIENTED_EDGE('',*,*,#2763,.F.);
#4090=ORIENTED_EDGE('',*,*,#2996,.T.);
#4091=ORIENTED_EDGE('',*,*,#2735,.F.);
#4092=ORIENTED_EDGE('',*,*,#2852,.T.);
#4093=ORIENTED_EDGE('',*,*,#3025,.T.);
#4094=ORIENTED_EDGE('',*,*,#2953,.T.);
#4095=ORIENTED_EDGE('',*,*,#3026,.T.);
#4096=ORIENTED_EDGE('',*,*,#3027,.T.);
#4097=ORIENTED_EDGE('',*,*,#2739,.F.);
#4098=ORIENTED_EDGE('',*,*,#2966,.T.);
#4099=ORIENTED_EDGE('',*,*,#3028,.T.);
#4100=ORIENTED_EDGE('',*,*,#3029,.T.);
#4101=ORIENTED_EDGE('',*,*,#2751,.F.);
#4102=ORIENTED_EDGE('',*,*,#2997,.T.);
#4103=ORIENTED_EDGE('',*,*,#3025,.F.);
#4104=ORIENTED_EDGE('',*,*,#2851,.T.);
#4105=ORIENTED_EDGE('',*,*,#3030,.F.);
#4106=ORIENTED_EDGE('',*,*,#2952,.T.);
#4107=ORIENTED_EDGE('',*,*,#3031,.F.);
#4108=ORIENTED_EDGE('',*,*,#3032,.T.);
#4109=ORIENTED_EDGE('',*,*,#3026,.F.);
#4110=ORIENTED_EDGE('',*,*,#2965,.T.);
#4111=ORIENTED_EDGE('',*,*,#3033,.F.);
#4112=ORIENTED_EDGE('',*,*,#3034,.T.);
#4113=ORIENTED_EDGE('',*,*,#3028,.F.);
#4114=ORIENTED_EDGE('',*,*,#2998,.T.);
#4115=ORIENTED_EDGE('',*,*,#3030,.T.);
#4116=ORIENTED_EDGE('',*,*,#2850,.T.);
#4117=ORIENTED_EDGE('',*,*,#3035,.F.);
#4118=ORIENTED_EDGE('',*,*,#2951,.T.);
#4119=ORIENTED_EDGE('',*,*,#3036,.F.);
#4120=ORIENTED_EDGE('',*,*,#3037,.T.);
#4121=ORIENTED_EDGE('',*,*,#3031,.T.);
#4122=ORIENTED_EDGE('',*,*,#2964,.T.);
#4123=ORIENTED_EDGE('',*,*,#3038,.F.);
#4124=ORIENTED_EDGE('',*,*,#3039,.T.);
#4125=ORIENTED_EDGE('',*,*,#3033,.T.);
#4126=ORIENTED_EDGE('',*,*,#2999,.T.);
#4127=ORIENTED_EDGE('',*,*,#3035,.T.);
#4128=ORIENTED_EDGE('',*,*,#2849,.T.);
#4129=ORIENTED_EDGE('',*,*,#3040,.T.);
#4130=ORIENTED_EDGE('',*,*,#2950,.T.);
#4131=ORIENTED_EDGE('',*,*,#3041,.T.);
#4132=ORIENTED_EDGE('',*,*,#3042,.T.);
#4133=ORIENTED_EDGE('',*,*,#3036,.T.);
#4134=ORIENTED_EDGE('',*,*,#2963,.T.);
#4135=ORIENTED_EDGE('',*,*,#3043,.T.);
#4136=ORIENTED_EDGE('',*,*,#3044,.T.);
#4137=ORIENTED_EDGE('',*,*,#3038,.T.);
#4138=ORIENTED_EDGE('',*,*,#3000,.T.);
#4139=ORIENTED_EDGE('',*,*,#3040,.F.);
#4140=ORIENTED_EDGE('',*,*,#2848,.T.);
#4141=ORIENTED_EDGE('',*,*,#3045,.T.);
#4142=ORIENTED_EDGE('',*,*,#2949,.T.);
#4143=ORIENTED_EDGE('',*,*,#3046,.T.);
#4144=ORIENTED_EDGE('',*,*,#3047,.T.);
#4145=ORIENTED_EDGE('',*,*,#3041,.F.);
#4146=ORIENTED_EDGE('',*,*,#2962,.T.);
#4147=ORIENTED_EDGE('',*,*,#3048,.T.);
#4148=ORIENTED_EDGE('',*,*,#3049,.T.);
#4149=ORIENTED_EDGE('',*,*,#3043,.F.);
#4150=ORIENTED_EDGE('',*,*,#3001,.T.);
#4151=ORIENTED_EDGE('',*,*,#3045,.F.);
#4152=ORIENTED_EDGE('',*,*,#2847,.T.);
#4153=ORIENTED_EDGE('',*,*,#3050,.F.);
#4154=ORIENTED_EDGE('',*,*,#2948,.T.);
#4155=ORIENTED_EDGE('',*,*,#3051,.F.);
#4156=ORIENTED_EDGE('',*,*,#3052,.T.);
#4157=ORIENTED_EDGE('',*,*,#3046,.F.);
#4158=ORIENTED_EDGE('',*,*,#2961,.T.);
#4159=ORIENTED_EDGE('',*,*,#3053,.F.);
#4160=ORIENTED_EDGE('',*,*,#3054,.T.);
#4161=ORIENTED_EDGE('',*,*,#3048,.F.);
#4162=ORIENTED_EDGE('',*,*,#3002,.T.);
#4163=ORIENTED_EDGE('',*,*,#3050,.T.);
#4164=ORIENTED_EDGE('',*,*,#2846,.T.);
#4165=ORIENTED_EDGE('',*,*,#3055,.F.);
#4166=ORIENTED_EDGE('',*,*,#2947,.T.);
#4167=ORIENTED_EDGE('',*,*,#3056,.F.);
#4168=ORIENTED_EDGE('',*,*,#3057,.T.);
#4169=ORIENTED_EDGE('',*,*,#3051,.T.);
#4170=ORIENTED_EDGE('',*,*,#2960,.T.);
#4171=ORIENTED_EDGE('',*,*,#3058,.F.);
#4172=ORIENTED_EDGE('',*,*,#3059,.T.);
#4173=ORIENTED_EDGE('',*,*,#3053,.T.);
#4174=ORIENTED_EDGE('',*,*,#3003,.T.);
#4175=ORIENTED_EDGE('',*,*,#3055,.T.);
#4176=ORIENTED_EDGE('',*,*,#2845,.T.);
#4177=ORIENTED_EDGE('',*,*,#3060,.T.);
#4178=ORIENTED_EDGE('',*,*,#2946,.T.);
#4179=ORIENTED_EDGE('',*,*,#3061,.T.);
#4180=ORIENTED_EDGE('',*,*,#3062,.T.);
#4181=ORIENTED_EDGE('',*,*,#3056,.T.);
#4182=ORIENTED_EDGE('',*,*,#2959,.T.);
#4183=ORIENTED_EDGE('',*,*,#3063,.T.);
#4184=ORIENTED_EDGE('',*,*,#3064,.T.);
#4185=ORIENTED_EDGE('',*,*,#3058,.T.);
#4186=ORIENTED_EDGE('',*,*,#3004,.T.);
#4187=ORIENTED_EDGE('',*,*,#3060,.F.);
#4188=ORIENTED_EDGE('',*,*,#2844,.T.);
#4189=ORIENTED_EDGE('',*,*,#3065,.T.);
#4190=ORIENTED_EDGE('',*,*,#2945,.T.);
#4191=ORIENTED_EDGE('',*,*,#3066,.T.);
#4192=ORIENTED_EDGE('',*,*,#3067,.T.);
#4193=ORIENTED_EDGE('',*,*,#3061,.F.);
#4194=ORIENTED_EDGE('',*,*,#2958,.T.);
#4195=ORIENTED_EDGE('',*,*,#3068,.T.);
#4196=ORIENTED_EDGE('',*,*,#3069,.T.);
#4197=ORIENTED_EDGE('',*,*,#3063,.F.);
#4198=ORIENTED_EDGE('',*,*,#3005,.T.);
#4199=ORIENTED_EDGE('',*,*,#3065,.F.);
#4200=ORIENTED_EDGE('',*,*,#2843,.T.);
#4201=ORIENTED_EDGE('',*,*,#3070,.F.);
#4202=ORIENTED_EDGE('',*,*,#2944,.T.);
#4203=ORIENTED_EDGE('',*,*,#3071,.F.);
#4204=ORIENTED_EDGE('',*,*,#3072,.T.);
#4205=ORIENTED_EDGE('',*,*,#3066,.F.);
#4206=ORIENTED_EDGE('',*,*,#2957,.T.);
#4207=ORIENTED_EDGE('',*,*,#3073,.F.);
#4208=ORIENTED_EDGE('',*,*,#3074,.T.);
#4209=ORIENTED_EDGE('',*,*,#3068,.F.);
#4210=ORIENTED_EDGE('',*,*,#3006,.T.);
#4211=ORIENTED_EDGE('',*,*,#3070,.T.);
#4212=ORIENTED_EDGE('',*,*,#2842,.T.);
#4213=ORIENTED_EDGE('',*,*,#2856,.F.);
#4214=ORIENTED_EDGE('',*,*,#2943,.T.);
#4215=ORIENTED_EDGE('',*,*,#2898,.F.);
#4216=ORIENTED_EDGE('',*,*,#3075,.T.);
#4217=ORIENTED_EDGE('',*,*,#3071,.T.);
#4218=ORIENTED_EDGE('',*,*,#2956,.T.);
#4219=ORIENTED_EDGE('',*,*,#2835,.F.);
#4220=ORIENTED_EDGE('',*,*,#3076,.T.);
#4221=ORIENTED_EDGE('',*,*,#3073,.T.);
#4222=ORIENTED_EDGE('',*,*,#2839,.F.);
#4223=ORIENTED_EDGE('',*,*,#3077,.T.);
#4224=ORIENTED_EDGE('',*,*,#3007,.T.);
#4225=ORIENTED_EDGE('',*,*,#2854,.F.);
#4226=ORIENTED_EDGE('',*,*,#2838,.F.);
#4227=ORIENTED_EDGE('',*,*,#3078,.F.);
#4228=ORIENTED_EDGE('',*,*,#3008,.T.);
#4229=ORIENTED_EDGE('',*,*,#3077,.F.);
#4230=ORIENTED_EDGE('',*,*,#2837,.F.);
#4231=ORIENTED_EDGE('',*,*,#2790,.T.);
#4232=ORIENTED_EDGE('',*,*,#3009,.T.);
#4233=ORIENTED_EDGE('',*,*,#3078,.T.);
#4234=ORIENTED_EDGE('',*,*,#2892,.F.);
#4235=ORIENTED_EDGE('',*,*,#2895,.T.);
#4236=ORIENTED_EDGE('',*,*,#2942,.T.);
#4237=ORIENTED_EDGE('',*,*,#2783,.T.);
#4238=ORIENTED_EDGE('',*,*,#2829,.F.);
#4239=ORIENTED_EDGE('',*,*,#2832,.T.);
#4240=ORIENTED_EDGE('',*,*,#2955,.T.);
#4241=ORIENTED_EDGE('',*,*,#2799,.T.);
#4242=ORIENTED_EDGE('',*,*,#2731,.T.);
#4243=ORIENTED_EDGE('',*,*,#3079,.F.);
#4244=ORIENTED_EDGE('',*,*,#2820,.F.);
#4245=ORIENTED_EDGE('',*,*,#3080,.T.);
#4246=ORIENTED_EDGE('',*,*,#2753,.F.);
#4247=ORIENTED_EDGE('',*,*,#3081,.F.);
#4248=ORIENTED_EDGE('',*,*,#3082,.F.);
#4249=ORIENTED_EDGE('',*,*,#2812,.F.);
#4250=ORIENTED_EDGE('',*,*,#3083,.T.);
#4251=ORIENTED_EDGE('',*,*,#2876,.F.);
#4252=ORIENTED_EDGE('',*,*,#2764,.F.);
#4253=ORIENTED_EDGE('',*,*,#3024,.T.);
#4254=ORIENTED_EDGE('',*,*,#2745,.F.);
#4255=ORIENTED_EDGE('',*,*,#2757,.F.);
#4256=ORIENTED_EDGE('',*,*,#2995,.F.);
#4257=ORIENTED_EDGE('',*,*,#2804,.F.);
#4258=ORIENTED_EDGE('',*,*,#2925,.T.);
#4259=ORIENTED_EDGE('',*,*,#2967,.F.);
#4260=ORIENTED_EDGE('',*,*,#2772,.F.);
#4261=ORIENTED_EDGE('',*,*,#3084,.T.);
#4262=ORIENTED_EDGE('',*,*,#2741,.F.);
#4263=ORIENTED_EDGE('',*,*,#3085,.F.);
#4264=ORIENTED_EDGE('',*,*,#2780,.F.);
#4265=ORIENTED_EDGE('',*,*,#2941,.T.);
#4266=ORIENTED_EDGE('',*,*,#2737,.F.);
#4267=ORIENTED_EDGE('',*,*,#2749,.F.);
#4268=ORIENTED_EDGE('',*,*,#3086,.F.);
#4269=ORIENTED_EDGE('',*,*,#2796,.F.);
#4270=ORIENTED_EDGE('',*,*,#2954,.T.);
#4271=ORIENTED_EDGE('',*,*,#2733,.F.);
#4272=ORIENTED_EDGE('',*,*,#3010,.F.);
#4273=ORIENTED_EDGE('',*,*,#2788,.F.);
#4274=ORIENTED_EDGE('',*,*,#2853,.T.);
#4275=ORIENTED_EDGE('',*,*,#2902,.F.);
#4276=ORIENTED_EDGE('',*,*,#2907,.T.);
#4277=ORIENTED_EDGE('',*,*,#2980,.T.);
#4278=ORIENTED_EDGE('',*,*,#3087,.F.);
#4279=ORIENTED_EDGE('',*,*,#2903,.F.);
#4280=ORIENTED_EDGE('',*,*,#3087,.T.);
#4281=ORIENTED_EDGE('',*,*,#2979,.T.);
#4282=ORIENTED_EDGE('',*,*,#3088,.T.);
#4283=ORIENTED_EDGE('',*,*,#2978,.T.);
#4284=ORIENTED_EDGE('',*,*,#3089,.T.);
#4285=ORIENTED_EDGE('',*,*,#3090,.T.);
#4286=ORIENTED_EDGE('',*,*,#3088,.F.);
#4287=ORIENTED_EDGE('',*,*,#2977,.T.);
#4288=ORIENTED_EDGE('',*,*,#3091,.F.);
#4289=ORIENTED_EDGE('',*,*,#3092,.T.);
#4290=ORIENTED_EDGE('',*,*,#3089,.F.);
#4291=ORIENTED_EDGE('',*,*,#2976,.T.);
#4292=ORIENTED_EDGE('',*,*,#3093,.F.);
#4293=ORIENTED_EDGE('',*,*,#3094,.T.);
#4294=ORIENTED_EDGE('',*,*,#3091,.T.);
#4295=ORIENTED_EDGE('',*,*,#2975,.T.);
#4296=ORIENTED_EDGE('',*,*,#3095,.T.);
#4297=ORIENTED_EDGE('',*,*,#3096,.T.);
#4298=ORIENTED_EDGE('',*,*,#3093,.T.);
#4299=ORIENTED_EDGE('',*,*,#2974,.T.);
#4300=ORIENTED_EDGE('',*,*,#3097,.T.);
#4301=ORIENTED_EDGE('',*,*,#3098,.T.);
#4302=ORIENTED_EDGE('',*,*,#3095,.F.);
#4303=ORIENTED_EDGE('',*,*,#2973,.T.);
#4304=ORIENTED_EDGE('',*,*,#3099,.F.);
#4305=ORIENTED_EDGE('',*,*,#3100,.T.);
#4306=ORIENTED_EDGE('',*,*,#3097,.F.);
#4307=ORIENTED_EDGE('',*,*,#2972,.T.);
#4308=ORIENTED_EDGE('',*,*,#3101,.F.);
#4309=ORIENTED_EDGE('',*,*,#3102,.T.);
#4310=ORIENTED_EDGE('',*,*,#3099,.T.);
#4311=ORIENTED_EDGE('',*,*,#2971,.T.);
#4312=ORIENTED_EDGE('',*,*,#3103,.T.);
#4313=ORIENTED_EDGE('',*,*,#3104,.T.);
#4314=ORIENTED_EDGE('',*,*,#3101,.T.);
#4315=ORIENTED_EDGE('',*,*,#2970,.T.);
#4316=ORIENTED_EDGE('',*,*,#3105,.T.);
#4317=ORIENTED_EDGE('',*,*,#3106,.T.);
#4318=ORIENTED_EDGE('',*,*,#3103,.F.);
#4319=ORIENTED_EDGE('',*,*,#2969,.T.);
#4320=ORIENTED_EDGE('',*,*,#3107,.F.);
#4321=ORIENTED_EDGE('',*,*,#3108,.T.);
#4322=ORIENTED_EDGE('',*,*,#3105,.F.);
#4323=ORIENTED_EDGE('',*,*,#2968,.T.);
#4324=ORIENTED_EDGE('',*,*,#2743,.F.);
#4325=ORIENTED_EDGE('',*,*,#3109,.T.);
#4326=ORIENTED_EDGE('',*,*,#3107,.T.);
#4327=ORIENTED_EDGE('',*,*,#3023,.T.);
#4328=ORIENTED_EDGE('',*,*,#3110,.T.);
#4329=ORIENTED_EDGE('',*,*,#2877,.T.);
#4330=ORIENTED_EDGE('',*,*,#2747,.F.);
#4331=ORIENTED_EDGE('',*,*,#3079,.T.);
#4332=ORIENTED_EDGE('',*,*,#2756,.F.);
#4333=ORIENTED_EDGE('',*,*,#3111,.F.);
#4334=ORIENTED_EDGE('',*,*,#3112,.F.);
#4335=ORIENTED_EDGE('',*,*,#3113,.F.);
#4336=ORIENTED_EDGE('',*,*,#3114,.F.);
#4337=ORIENTED_EDGE('',*,*,#3115,.F.);
#4338=ORIENTED_EDGE('',*,*,#3116,.F.);
#4339=ORIENTED_EDGE('',*,*,#3117,.F.);
#4340=ORIENTED_EDGE('',*,*,#3118,.F.);
#4341=ORIENTED_EDGE('',*,*,#3119,.F.);
#4342=ORIENTED_EDGE('',*,*,#3120,.F.);
#4343=ORIENTED_EDGE('',*,*,#3121,.F.);
#4344=ORIENTED_EDGE('',*,*,#3122,.F.);
#4345=ORIENTED_EDGE('',*,*,#3123,.F.);
#4346=ORIENTED_EDGE('',*,*,#2863,.F.);
#4347=ORIENTED_EDGE('',*,*,#2865,.F.);
#4348=ORIENTED_EDGE('',*,*,#2821,.F.);
#4349=ORIENTED_EDGE('',*,*,#2817,.F.);
#4350=ORIENTED_EDGE('',*,*,#2816,.F.);
#4351=ORIENTED_EDGE('',*,*,#3124,.F.);
#4352=ORIENTED_EDGE('',*,*,#2935,.F.);
#4353=ORIENTED_EDGE('',*,*,#2938,.F.);
#4354=ORIENTED_EDGE('',*,*,#2940,.F.);
#4355=ORIENTED_EDGE('',*,*,#3125,.F.);
#4356=ORIENTED_EDGE('',*,*,#3126,.F.);
#4357=ORIENTED_EDGE('',*,*,#3127,.F.);
#4358=ORIENTED_EDGE('',*,*,#3128,.F.);
#4359=ORIENTED_EDGE('',*,*,#3129,.F.);
#4360=ORIENTED_EDGE('',*,*,#3130,.F.);
#4361=ORIENTED_EDGE('',*,*,#3131,.F.);
#4362=ORIENTED_EDGE('',*,*,#3132,.F.);
#4363=ORIENTED_EDGE('',*,*,#3133,.F.);
#4364=ORIENTED_EDGE('',*,*,#3134,.F.);
#4365=ORIENTED_EDGE('',*,*,#3135,.F.);
#4366=ORIENTED_EDGE('',*,*,#3136,.F.);
#4367=ORIENTED_EDGE('',*,*,#3083,.F.);
#4368=ORIENTED_EDGE('',*,*,#2811,.F.);
#4369=ORIENTED_EDGE('',*,*,#2859,.F.);
#4370=ORIENTED_EDGE('',*,*,#2864,.T.);
#4371=ORIENTED_EDGE('',*,*,#3123,.T.);
#4372=ORIENTED_EDGE('',*,*,#3137,.F.);
#4373=ORIENTED_EDGE('',*,*,#2860,.F.);
#4374=ORIENTED_EDGE('',*,*,#3137,.T.);
#4375=ORIENTED_EDGE('',*,*,#3122,.T.);
#4376=ORIENTED_EDGE('',*,*,#3138,.T.);
#4377=ORIENTED_EDGE('',*,*,#3121,.T.);
#4378=ORIENTED_EDGE('',*,*,#3139,.T.);
#4379=ORIENTED_EDGE('',*,*,#3140,.T.);
#4380=ORIENTED_EDGE('',*,*,#3138,.F.);
#4381=ORIENTED_EDGE('',*,*,#3120,.T.);
#4382=ORIENTED_EDGE('',*,*,#3141,.F.);
#4383=ORIENTED_EDGE('',*,*,#3142,.T.);
#4384=ORIENTED_EDGE('',*,*,#3139,.F.);
#4385=ORIENTED_EDGE('',*,*,#3119,.T.);
#4386=ORIENTED_EDGE('',*,*,#3143,.F.);
#4387=ORIENTED_EDGE('',*,*,#3144,.T.);
#4388=ORIENTED_EDGE('',*,*,#3141,.T.);
#4389=ORIENTED_EDGE('',*,*,#3118,.T.);
#4390=ORIENTED_EDGE('',*,*,#3145,.T.);
#4391=ORIENTED_EDGE('',*,*,#3146,.T.);
#4392=ORIENTED_EDGE('',*,*,#3143,.T.);
#4393=ORIENTED_EDGE('',*,*,#3117,.T.);
#4394=ORIENTED_EDGE('',*,*,#3147,.T.);
#4395=ORIENTED_EDGE('',*,*,#3148,.T.);
#4396=ORIENTED_EDGE('',*,*,#3145,.F.);
#4397=ORIENTED_EDGE('',*,*,#3116,.T.);
#4398=ORIENTED_EDGE('',*,*,#3149,.F.);
#4399=ORIENTED_EDGE('',*,*,#3150,.T.);
#4400=ORIENTED_EDGE('',*,*,#3147,.F.);
#4401=ORIENTED_EDGE('',*,*,#3115,.T.);
#4402=ORIENTED_EDGE('',*,*,#3151,.F.);
#4403=ORIENTED_EDGE('',*,*,#3152,.T.);
#4404=ORIENTED_EDGE('',*,*,#3149,.T.);
#4405=ORIENTED_EDGE('',*,*,#3114,.T.);
#4406=ORIENTED_EDGE('',*,*,#3153,.T.);
#4407=ORIENTED_EDGE('',*,*,#3154,.T.);
#4408=ORIENTED_EDGE('',*,*,#3151,.T.);
#4409=ORIENTED_EDGE('',*,*,#3113,.T.);
#4410=ORIENTED_EDGE('',*,*,#3155,.T.);
#4411=ORIENTED_EDGE('',*,*,#3156,.T.);
#4412=ORIENTED_EDGE('',*,*,#3153,.F.);
#4413=ORIENTED_EDGE('',*,*,#3112,.T.);
#4414=ORIENTED_EDGE('',*,*,#3157,.F.);
#4415=ORIENTED_EDGE('',*,*,#3158,.T.);
#4416=ORIENTED_EDGE('',*,*,#3155,.F.);
#4417=ORIENTED_EDGE('',*,*,#3111,.T.);
#4418=ORIENTED_EDGE('',*,*,#2755,.F.);
#4419=ORIENTED_EDGE('',*,*,#3159,.T.);
#4420=ORIENTED_EDGE('',*,*,#3157,.T.);
#4421=ORIENTED_EDGE('',*,*,#3135,.T.);
#4422=ORIENTED_EDGE('',*,*,#3160,.T.);
#4423=ORIENTED_EDGE('',*,*,#3161,.T.);
#4424=ORIENTED_EDGE('',*,*,#3162,.F.);
#4425=ORIENTED_EDGE('',*,*,#2904,.F.);
#4426=ORIENTED_EDGE('',*,*,#3090,.F.);
#4427=ORIENTED_EDGE('',*,*,#3092,.F.);
#4428=ORIENTED_EDGE('',*,*,#3094,.F.);
#4429=ORIENTED_EDGE('',*,*,#3096,.F.);
#4430=ORIENTED_EDGE('',*,*,#3098,.F.);
#4431=ORIENTED_EDGE('',*,*,#3100,.F.);
#4432=ORIENTED_EDGE('',*,*,#3102,.F.);
#4433=ORIENTED_EDGE('',*,*,#3104,.F.);
#4434=ORIENTED_EDGE('',*,*,#3106,.F.);
#4435=ORIENTED_EDGE('',*,*,#3108,.F.);
#4436=ORIENTED_EDGE('',*,*,#3109,.F.);
#4437=ORIENTED_EDGE('',*,*,#2742,.F.);
#4438=ORIENTED_EDGE('',*,*,#3084,.F.);
#4439=ORIENTED_EDGE('',*,*,#2771,.F.);
#4440=ORIENTED_EDGE('',*,*,#2776,.F.);
#4441=ORIENTED_EDGE('',*,*,#2861,.F.);
#4442=ORIENTED_EDGE('',*,*,#3140,.F.);
#4443=ORIENTED_EDGE('',*,*,#3142,.F.);
#4444=ORIENTED_EDGE('',*,*,#3144,.F.);
#4445=ORIENTED_EDGE('',*,*,#3146,.F.);
#4446=ORIENTED_EDGE('',*,*,#3148,.F.);
#4447=ORIENTED_EDGE('',*,*,#3150,.F.);
#4448=ORIENTED_EDGE('',*,*,#3152,.F.);
#4449=ORIENTED_EDGE('',*,*,#3154,.F.);
#4450=ORIENTED_EDGE('',*,*,#3156,.F.);
#4451=ORIENTED_EDGE('',*,*,#3158,.F.);
#4452=ORIENTED_EDGE('',*,*,#3159,.F.);
#4453=ORIENTED_EDGE('',*,*,#2754,.F.);
#4454=ORIENTED_EDGE('',*,*,#3080,.F.);
#4455=ORIENTED_EDGE('',*,*,#2819,.F.);
#4456=ORIENTED_EDGE('',*,*,#2824,.F.);
#4457=ORIENTED_EDGE('',*,*,#2825,.F.);
#4458=ORIENTED_EDGE('',*,*,#2797,.F.);
#4459=ORIENTED_EDGE('',*,*,#2793,.F.);
#4460=ORIENTED_EDGE('',*,*,#3086,.T.);
#4461=ORIENTED_EDGE('',*,*,#2752,.F.);
#4462=ORIENTED_EDGE('',*,*,#3029,.F.);
#4463=ORIENTED_EDGE('',*,*,#3034,.F.);
#4464=ORIENTED_EDGE('',*,*,#3039,.F.);
#4465=ORIENTED_EDGE('',*,*,#3044,.F.);
#4466=ORIENTED_EDGE('',*,*,#3049,.F.);
#4467=ORIENTED_EDGE('',*,*,#3054,.F.);
#4468=ORIENTED_EDGE('',*,*,#3059,.F.);
#4469=ORIENTED_EDGE('',*,*,#3064,.F.);
#4470=ORIENTED_EDGE('',*,*,#3069,.F.);
#4471=ORIENTED_EDGE('',*,*,#3074,.F.);
#4472=ORIENTED_EDGE('',*,*,#3076,.F.);
#4473=ORIENTED_EDGE('',*,*,#2888,.F.);
#4474=ORIENTED_EDGE('',*,*,#2781,.F.);
#4475=ORIENTED_EDGE('',*,*,#2777,.F.);
#4476=ORIENTED_EDGE('',*,*,#3085,.T.);
#4477=ORIENTED_EDGE('',*,*,#2740,.F.);
#4478=ORIENTED_EDGE('',*,*,#3027,.F.);
#4479=ORIENTED_EDGE('',*,*,#3032,.F.);
#4480=ORIENTED_EDGE('',*,*,#3037,.F.);
#4481=ORIENTED_EDGE('',*,*,#3042,.F.);
#4482=ORIENTED_EDGE('',*,*,#3047,.F.);
#4483=ORIENTED_EDGE('',*,*,#3052,.F.);
#4484=ORIENTED_EDGE('',*,*,#3057,.F.);
#4485=ORIENTED_EDGE('',*,*,#3062,.F.);
#4486=ORIENTED_EDGE('',*,*,#3067,.F.);
#4487=ORIENTED_EDGE('',*,*,#3072,.F.);
#4488=ORIENTED_EDGE('',*,*,#3075,.F.);
#4489=ORIENTED_EDGE('',*,*,#3081,.T.);
#4490=ORIENTED_EDGE('',*,*,#3136,.T.);
#4491=ORIENTED_EDGE('',*,*,#3162,.T.);
#4492=ORIENTED_EDGE('',*,*,#3163,.T.);
#4493=ORIENTED_EDGE('',*,*,#2981,.T.);
#4494=ORIENTED_EDGE('',*,*,#2759,.F.);
#4495=ORIENTED_EDGE('',*,*,#2924,.T.);
#4496=ORIENTED_EDGE('',*,*,#3164,.T.);
#4497=ORIENTED_EDGE('',*,*,#3134,.T.);
#4498=ORIENTED_EDGE('',*,*,#3165,.F.);
#4499=ORIENTED_EDGE('',*,*,#3166,.T.);
#4500=ORIENTED_EDGE('',*,*,#3160,.F.);
#4501=ORIENTED_EDGE('',*,*,#3022,.T.);
#4502=ORIENTED_EDGE('',*,*,#3167,.F.);
#4503=ORIENTED_EDGE('',*,*,#2878,.T.);
#4504=ORIENTED_EDGE('',*,*,#3110,.F.);
#4505=ORIENTED_EDGE('',*,*,#2982,.T.);
#4506=ORIENTED_EDGE('',*,*,#3164,.F.);
#4507=ORIENTED_EDGE('',*,*,#2923,.T.);
#4508=ORIENTED_EDGE('',*,*,#3168,.F.);
#4509=ORIENTED_EDGE('',*,*,#3133,.T.);
#4510=ORIENTED_EDGE('',*,*,#3169,.F.);
#4511=ORIENTED_EDGE('',*,*,#3170,.T.);
#4512=ORIENTED_EDGE('',*,*,#3165,.T.);
#4513=ORIENTED_EDGE('',*,*,#3021,.T.);
#4514=ORIENTED_EDGE('',*,*,#3171,.F.);
#4515=ORIENTED_EDGE('',*,*,#2879,.T.);
#4516=ORIENTED_EDGE('',*,*,#3167,.T.);
#4517=ORIENTED_EDGE('',*,*,#2983,.T.);
#4518=ORIENTED_EDGE('',*,*,#3168,.T.);
#4519=ORIENTED_EDGE('',*,*,#2922,.T.);
#4520=ORIENTED_EDGE('',*,*,#3172,.F.);
#4521=ORIENTED_EDGE('',*,*,#3132,.T.);
#4522=ORIENTED_EDGE('',*,*,#3173,.T.);
#4523=ORIENTED_EDGE('',*,*,#3174,.T.);
#4524=ORIENTED_EDGE('',*,*,#3169,.T.);
#4525=ORIENTED_EDGE('',*,*,#3020,.T.);
#4526=ORIENTED_EDGE('',*,*,#3175,.T.);
#4527=ORIENTED_EDGE('',*,*,#2880,.T.);
#4528=ORIENTED_EDGE('',*,*,#3171,.T.);
#4529=ORIENTED_EDGE('',*,*,#2984,.T.);
#4530=ORIENTED_EDGE('',*,*,#3172,.T.);
#4531=ORIENTED_EDGE('',*,*,#2921,.T.);
#4532=ORIENTED_EDGE('',*,*,#3176,.T.);
#4533=ORIENTED_EDGE('',*,*,#3131,.T.);
#4534=ORIENTED_EDGE('',*,*,#3177,.T.);
#4535=ORIENTED_EDGE('',*,*,#3178,.T.);
#4536=ORIENTED_EDGE('',*,*,#3173,.F.);
#4537=ORIENTED_EDGE('',*,*,#3019,.T.);
#4538=ORIENTED_EDGE('',*,*,#3179,.T.);
#4539=ORIENTED_EDGE('',*,*,#2881,.T.);
#4540=ORIENTED_EDGE('',*,*,#3175,.F.);
#4541=ORIENTED_EDGE('',*,*,#2985,.T.);
#4542=ORIENTED_EDGE('',*,*,#3176,.F.);
#4543=ORIENTED_EDGE('',*,*,#2920,.T.);
#4544=ORIENTED_EDGE('',*,*,#3180,.T.);
#4545=ORIENTED_EDGE('',*,*,#3130,.T.);
#4546=ORIENTED_EDGE('',*,*,#3181,.F.);
#4547=ORIENTED_EDGE('',*,*,#3182,.T.);
#4548=ORIENTED_EDGE('',*,*,#3177,.F.);
#4549=ORIENTED_EDGE('',*,*,#3018,.T.);
#4550=ORIENTED_EDGE('',*,*,#3183,.F.);
#4551=ORIENTED_EDGE('',*,*,#2882,.T.);
#4552=ORIENTED_EDGE('',*,*,#3179,.F.);
#4553=ORIENTED_EDGE('',*,*,#2986,.T.);
#4554=ORIENTED_EDGE('',*,*,#3180,.F.);
#4555=ORIENTED_EDGE('',*,*,#2919,.T.);
#4556=ORIENTED_EDGE('',*,*,#3184,.F.);
#4557=ORIENTED_EDGE('',*,*,#3129,.T.);
#4558=ORIENTED_EDGE('',*,*,#3185,.F.);
#4559=ORIENTED_EDGE('',*,*,#3186,.T.);
#4560=ORIENTED_EDGE('',*,*,#3181,.T.);
#4561=ORIENTED_EDGE('',*,*,#3017,.T.);
#4562=ORIENTED_EDGE('',*,*,#3187,.F.);
#4563=ORIENTED_EDGE('',*,*,#2883,.T.);
#4564=ORIENTED_EDGE('',*,*,#3183,.T.);
#4565=ORIENTED_EDGE('',*,*,#2987,.T.);
#4566=ORIENTED_EDGE('',*,*,#3184,.T.);
#4567=ORIENTED_EDGE('',*,*,#2918,.T.);
#4568=ORIENTED_EDGE('',*,*,#3188,.F.);
#4569=ORIENTED_EDGE('',*,*,#3128,.T.);
#4570=ORIENTED_EDGE('',*,*,#3189,.T.);
#4571=ORIENTED_EDGE('',*,*,#3190,.T.);
#4572=ORIENTED_EDGE('',*,*,#3185,.T.);
#4573=ORIENTED_EDGE('',*,*,#3016,.T.);
#4574=ORIENTED_EDGE('',*,*,#3191,.T.);
#4575=ORIENTED_EDGE('',*,*,#2884,.T.);
#4576=ORIENTED_EDGE('',*,*,#3187,.T.);
#4577=ORIENTED_EDGE('',*,*,#2988,.T.);
#4578=ORIENTED_EDGE('',*,*,#3188,.T.);
#4579=ORIENTED_EDGE('',*,*,#2917,.T.);
#4580=ORIENTED_EDGE('',*,*,#3192,.T.);
#4581=ORIENTED_EDGE('',*,*,#3127,.T.);
#4582=ORIENTED_EDGE('',*,*,#3193,.T.);
#4583=ORIENTED_EDGE('',*,*,#3194,.T.);
#4584=ORIENTED_EDGE('',*,*,#3189,.F.);
#4585=ORIENTED_EDGE('',*,*,#3015,.T.);
#4586=ORIENTED_EDGE('',*,*,#3195,.T.);
#4587=ORIENTED_EDGE('',*,*,#2885,.T.);
#4588=ORIENTED_EDGE('',*,*,#3191,.F.);
#4589=ORIENTED_EDGE('',*,*,#2989,.T.);
#4590=ORIENTED_EDGE('',*,*,#3192,.F.);
#4591=ORIENTED_EDGE('',*,*,#2916,.T.);
#4592=ORIENTED_EDGE('',*,*,#3196,.T.);
#4593=ORIENTED_EDGE('',*,*,#3126,.T.);
#4594=ORIENTED_EDGE('',*,*,#3197,.F.);
#4595=ORIENTED_EDGE('',*,*,#3198,.T.);
#4596=ORIENTED_EDGE('',*,*,#3193,.F.);
#4597=ORIENTED_EDGE('',*,*,#3014,.T.);
#4598=ORIENTED_EDGE('',*,*,#3199,.F.);
#4599=ORIENTED_EDGE('',*,*,#2886,.T.);
#4600=ORIENTED_EDGE('',*,*,#3195,.F.);
#4601=ORIENTED_EDGE('',*,*,#2990,.T.);
#4602=ORIENTED_EDGE('',*,*,#3196,.F.);
#4603=ORIENTED_EDGE('',*,*,#2915,.T.);
#4604=ORIENTED_EDGE('',*,*,#3200,.F.);
#4605=ORIENTED_EDGE('',*,*,#3125,.T.);
#4606=ORIENTED_EDGE('',*,*,#2939,.F.);
#4607=ORIENTED_EDGE('',*,*,#3201,.T.);
#4608=ORIENTED_EDGE('',*,*,#3197,.T.);
#4609=ORIENTED_EDGE('',*,*,#3013,.T.);
#4610=ORIENTED_EDGE('',*,*,#2874,.F.);
#4611=ORIENTED_EDGE('',*,*,#2887,.T.);
#4612=ORIENTED_EDGE('',*,*,#3199,.T.);
#4613=ORIENTED_EDGE('',*,*,#2991,.T.);
#4614=ORIENTED_EDGE('',*,*,#3200,.T.);
#4615=ORIENTED_EDGE('',*,*,#2914,.T.);
#4616=ORIENTED_EDGE('',*,*,#2928,.F.);
#4617=ORIENTED_EDGE('',*,*,#2911,.F.);
#4618=ORIENTED_EDGE('',*,*,#3202,.T.);
#4619=ORIENTED_EDGE('',*,*,#2992,.T.);
#4620=ORIENTED_EDGE('',*,*,#2926,.F.);
#4621=ORIENTED_EDGE('',*,*,#2869,.F.);
#4622=ORIENTED_EDGE('',*,*,#2873,.F.);
#4623=ORIENTED_EDGE('',*,*,#3012,.T.);
#4624=ORIENTED_EDGE('',*,*,#3203,.F.);
#4625=ORIENTED_EDGE('',*,*,#2910,.F.);
#4626=ORIENTED_EDGE('',*,*,#3204,.F.);
#4627=ORIENTED_EDGE('',*,*,#2993,.T.);
#4628=ORIENTED_EDGE('',*,*,#3202,.F.);
#4629=ORIENTED_EDGE('',*,*,#2933,.F.);
#4630=ORIENTED_EDGE('',*,*,#2936,.T.);
#4631=ORIENTED_EDGE('',*,*,#3124,.T.);
#4632=ORIENTED_EDGE('',*,*,#2815,.T.);
#4633=ORIENTED_EDGE('',*,*,#2870,.F.);
#4634=ORIENTED_EDGE('',*,*,#3203,.T.);
#4635=ORIENTED_EDGE('',*,*,#3011,.T.);
#4636=ORIENTED_EDGE('',*,*,#2767,.T.);
#4637=ORIENTED_EDGE('',*,*,#2909,.F.);
#4638=ORIENTED_EDGE('',*,*,#2806,.T.);
#4639=ORIENTED_EDGE('',*,*,#2994,.T.);
#4640=ORIENTED_EDGE('',*,*,#3204,.T.);
#4641=ORIENTED_EDGE('',*,*,#2929,.F.);
#4642=ORIENTED_EDGE('',*,*,#2813,.F.);
#4643=ORIENTED_EDGE('',*,*,#2809,.F.);
#4644=ORIENTED_EDGE('',*,*,#3082,.T.);
#4645=ORIENTED_EDGE('',*,*,#3163,.F.);
#4646=ORIENTED_EDGE('',*,*,#3161,.F.);
#4647=ORIENTED_EDGE('',*,*,#3166,.F.);
#4648=ORIENTED_EDGE('',*,*,#3170,.F.);
#4649=ORIENTED_EDGE('',*,*,#3174,.F.);
#4650=ORIENTED_EDGE('',*,*,#3178,.F.);
#4651=ORIENTED_EDGE('',*,*,#3182,.F.);
#4652=ORIENTED_EDGE('',*,*,#3186,.F.);
#4653=ORIENTED_EDGE('',*,*,#3190,.F.);
#4654=ORIENTED_EDGE('',*,*,#3194,.F.);
#4655=ORIENTED_EDGE('',*,*,#3198,.F.);
#4656=ORIENTED_EDGE('',*,*,#3201,.F.);
#4657=ORIENTED_EDGE('',*,*,#2569,.T.);
#4658=ORIENTED_EDGE('',*,*,#2573,.T.);
#4659=ORIENTED_EDGE('',*,*,#2576,.T.);
#4660=ORIENTED_EDGE('',*,*,#2579,.T.);
#4661=ORIENTED_EDGE('',*,*,#2582,.T.);
#4662=ORIENTED_EDGE('',*,*,#2585,.T.);
#4663=ORIENTED_EDGE('',*,*,#2588,.T.);
#4664=ORIENTED_EDGE('',*,*,#2591,.T.);
#4665=ORIENTED_EDGE('',*,*,#2594,.T.);
#4666=ORIENTED_EDGE('',*,*,#2597,.T.);
#4667=ORIENTED_EDGE('',*,*,#2600,.T.);
#4668=ORIENTED_EDGE('',*,*,#2603,.T.);
#4669=ORIENTED_EDGE('',*,*,#2606,.T.);
#4670=ORIENTED_EDGE('',*,*,#2609,.T.);
#4671=ORIENTED_EDGE('',*,*,#2612,.T.);
#4672=ORIENTED_EDGE('',*,*,#2615,.T.);
#4673=ORIENTED_EDGE('',*,*,#2618,.T.);
#4674=ORIENTED_EDGE('',*,*,#2621,.T.);
#4675=ORIENTED_EDGE('',*,*,#2624,.T.);
#4676=ORIENTED_EDGE('',*,*,#2627,.T.);
#4677=ORIENTED_EDGE('',*,*,#2630,.T.);
#4678=ORIENTED_EDGE('',*,*,#2633,.T.);
#4679=ORIENTED_EDGE('',*,*,#2636,.T.);
#4680=ORIENTED_EDGE('',*,*,#2639,.T.);
#4681=ORIENTED_EDGE('',*,*,#2642,.T.);
#4682=ORIENTED_EDGE('',*,*,#2645,.T.);
#4683=ORIENTED_EDGE('',*,*,#2648,.T.);
#4684=ORIENTED_EDGE('',*,*,#2651,.T.);
#4685=ORIENTED_EDGE('',*,*,#2654,.T.);
#4686=ORIENTED_EDGE('',*,*,#2657,.T.);
#4687=ORIENTED_EDGE('',*,*,#2660,.T.);
#4688=ORIENTED_EDGE('',*,*,#2663,.T.);
#4689=B_SPLINE_SURFACE_WITH_KNOTS('',3,1,((#6662,#6663),(#6664,#6665),(#6666,
#6667),(#6668,#6669)),.UNSPECIFIED.,.F.,.F.,.F.,(4,4),(2,2),(-0.444063026435932,
-0.253330587165775),(0.,0.1),.UNSPECIFIED.);
#4690=B_SPLINE_SURFACE_WITH_KNOTS('',3,1,((#6690,#6691),(#6692,#6693),(#6694,
#6695),(#6696,#6697)),.UNSPECIFIED.,.F.,.F.,.F.,(4,4),(2,2),(-0.748704005012738,
-0.55664771986211),(0.,0.1),.UNSPECIFIED.);
#4691=B_SPLINE_SURFACE_WITH_KNOTS('',3,1,((#6725,#6726),(#6727,#6728),(#6729,
#6730),(#6731,#6732),(#6733,#6734),(#6735,#6736),(#6737,#6738)),
 .UNSPECIFIED.,.F.,.F.,.F.,(4,3,4),(2,2),(-1.,-0.938450909797679,-0.721775062226291),
(0.,0.1),.UNSPECIFIED.);
#4692=B_SPLINE_SURFACE_WITH_KNOTS('',3,1,((#6762,#6763),(#6764,#6765),(#6766,
#6767),(#6768,#6769)),.UNSPECIFIED.,.F.,.F.,.F.,(4,4),(2,2),(-0.272233991779031,
0.),(0.,0.1),.UNSPECIFIED.);
#4693=B_SPLINE_SURFACE_WITH_KNOTS('',3,1,((#6815,#6816),(#6817,#6818),(#6819,
#6820),(#6821,#6822)),.UNSPECIFIED.,.F.,.F.,.F.,(4,4),(2,2),(-0.817437139056458,
-0.752117487243064),(0.,0.1),.UNSPECIFIED.);
#4694=B_SPLINE_SURFACE_WITH_KNOTS('',3,1,((#6840,#6841),(#6842,#6843),(#6844,
#6845),(#6846,#6847)),.UNSPECIFIED.,.F.,.F.,.F.,(4,4),(2,2),(-0.446373690851177,
-0.339922519999574),(0.,0.1),.UNSPECIFIED.);
#4695=B_SPLINE_SURFACE_WITH_KNOTS('',3,1,((#6866,#6867),(#6868,#6869),(#6870,
#6871),(#6872,#6873)),.UNSPECIFIED.,.F.,.F.,.F.,(4,4),(2,2),(-0.265312293846926,
-0.134590227106232),(0.,0.1),.UNSPECIFIED.);
#4696=B_SPLINE_SURFACE_WITH_KNOTS('',3,1,((#6891,#6892),(#6893,#6894),(#6895,
#6896),(#6897,#6898)),.UNSPECIFIED.,.F.,.F.,.F.,(4,4),(2,2),(-0.865095494692283,
-0.734300573329004),(0.,0.1),.UNSPECIFIED.);
#4697=B_SPLINE_SURFACE_WITH_KNOTS('',3,1,((#6908,#6909),(#6910,#6911),(#6912,
#6913),(#6914,#6915)),.UNSPECIFIED.,.F.,.F.,.F.,(4,4),(2,2),(-0.0953253862392322,
-0.0599008158817252),(0.,0.1),.UNSPECIFIED.);
#4698=B_SPLINE_SURFACE_WITH_KNOTS('',3,1,((#6936,#6937),(#6938,#6939),(#6940,
#6941),(#6942,#6943),(#6944,#6945),(#6946,#6947),(#6948,#6949),(#6950,#6951),
(#6952,#6953),(#6954,#6955)),.UNSPECIFIED.,.F.,.F.,.F.,(4,3,3,4),(2,2),
(-0.00586458104039331,-1.06777903216733E-6,0.455391715620162,0.711106902187594),
(0.,0.1),.UNSPECIFIED.);
#4699=B_SPLINE_SURFACE_WITH_KNOTS('',3,1,((#6986,#6987),(#6988,#6989),(#6990,
#6991),(#6992,#6993)),.UNSPECIFIED.,.F.,.F.,.F.,(4,4),(2,2),(-0.940840983259487,
-0.905559964590931),(0.,0.1),.UNSPECIFIED.);
#4700=B_SPLINE_SURFACE_WITH_KNOTS('',3,1,((#7011,#7012),(#7013,#7014),(#7015,
#7016),(#7017,#7018),(#7019,#7020),(#7021,#7022),(#7023,#7024)),
 .UNSPECIFIED.,.F.,.F.,.F.,(4,3,4),(2,2),(-1.00460133764218,-1.00188826786356,
-0.992897328364376),(0.,0.1),.UNSPECIFIED.);
#4701=B_SPLINE_SURFACE_WITH_KNOTS('',3,1,((#7042,#7043),(#7044,#7045),(#7046,
#7047),(#7048,#7049),(#7050,#7051),(#7052,#7053),(#7054,#7055)),
 .UNSPECIFIED.,.F.,.F.,.F.,(4,3,4),(2,2),(-0.133620606283736,0.000379517524970411,
0.0011377703166157),(0.,0.1),.UNSPECIFIED.);
#4702=B_SPLINE_SURFACE_WITH_KNOTS('',3,1,((#7071,#7072),(#7073,#7074),(#7075,
#7076),(#7077,#7078)),.UNSPECIFIED.,.F.,.F.,.F.,(4,4),(2,2),(-0.2503516047565,
-0.184048145458598),(0.,0.1),.UNSPECIFIED.);
#4703=B_SPLINE_SURFACE_WITH_KNOTS('',3,1,((#7099,#7100),(#7101,#7102),(#7103,
#7104),(#7105,#7106)),.UNSPECIFIED.,.F.,.F.,.F.,(4,4),(2,2),(-0.657227739108454,
-0.549939535228963),(0.,0.1),.UNSPECIFIED.);
#4704=B_SPLINE_SURFACE_WITH_KNOTS('',2,1,((#7369,#7370),(#7371,#7372),(#7373,
#7374)),.UNSPECIFIED.,.F.,.F.,.F.,(3,3),(2,2),(-1.,0.),(0.,0.1),
 .UNSPECIFIED.);
#4705=B_SPLINE_SURFACE_WITH_KNOTS('',2,1,((#7390,#7391),(#7392,#7393),(#7394,
#7395)),.UNSPECIFIED.,.F.,.F.,.F.,(3,3),(2,2),(-1.,0.),(0.,0.1),
 .UNSPECIFIED.);
#4706=B_SPLINE_SURFACE_WITH_KNOTS('',2,1,((#7616,#7617),(#7618,#7619),(#7620,
#7621)),.UNSPECIFIED.,.F.,.F.,.F.,(3,3),(2,2),(-1.,0.),(0.,0.1),
 .UNSPECIFIED.);
#4707=B_SPLINE_SURFACE_WITH_KNOTS('',2,1,((#7637,#7638),(#7639,#7640),(#7641,
#7642)),.UNSPECIFIED.,.F.,.F.,.F.,(3,3),(2,2),(-1.,0.),(0.,0.1),
 .UNSPECIFIED.);
#4708=B_SPLINE_SURFACE_WITH_KNOTS('',3,1,((#7655,#7656),(#7657,#7658),(#7659,
#7660),(#7661,#7662),(#7663,#7664),(#7665,#7666),(#7667,#7668),(#7669,#7670),
(#7671,#7672),(#7673,#7674)),.UNSPECIFIED.,.F.,.F.,.F.,(4,3,3,4),(2,2),
(-0.000379256945964247,0.,1.,1.02097136191556),(0.,0.1),.UNSPECIFIED.);
#4709=B_SPLINE_SURFACE_WITH_KNOTS('',3,1,((#7701,#7702),(#7703,#7704),(#7705,
#7706),(#7707,#7708),(#7709,#7710),(#7711,#7712),(#7713,#7714),(#7715,#7716),
(#7717,#7718),(#7719,#7720)),.UNSPECIFIED.,.F.,.F.,.F.,(4,3,3,4),(2,2),
(-0.00143172553971522,0.,1.,1.00153377851145),(0.,0.1),.UNSPECIFIED.);
#4710=B_SPLINE_SURFACE_WITH_KNOTS('',3,1,((#7744,#7745),(#7746,#7747),(#7748,
#7749),(#7750,#7751),(#7752,#7753),(#7754,#7755),(#7756,#7757),(#7758,#7759),
(#7760,#7761),(#7762,#7763),(#7764,#7765),(#7766,#7767),(#7768,#7769)),
 .UNSPECIFIED.,.F.,.F.,.F.,(4,3,3,3,4),(2,2),(-1.88982446741187E-5,0.,0.773837858172653,
1.,1.00066476587652),(0.,0.1),.UNSPECIFIED.);
#4711=B_SPLINE_SURFACE_WITH_KNOTS('',3,1,((#7799,#7800),(#7801,#7802),(#7803,
#7804),(#7805,#7806),(#7807,#7808),(#7809,#7810),(#7811,#7812),(#7813,#7814),
(#7815,#7816),(#7817,#7818)),.UNSPECIFIED.,.F.,.F.,.F.,(4,3,3,4),(2,2),
(2.26938194493025E-6,0.646768955711623,1.00000000004642,1.00002045595187),
(0.,0.1),.UNSPECIFIED.);
#4712=B_SPLINE_SURFACE_WITH_KNOTS('',3,1,((#7842,#7843),(#7844,#7845),(#7846,
#7847),(#7848,#7849)),.UNSPECIFIED.,.F.,.F.,.F.,(4,4),(2,2),(0.298421177461741,
1.),(0.,0.1),.UNSPECIFIED.);
#4713=B_SPLINE_SURFACE_WITH_KNOTS('',3,1,((#7861,#7862),(#7863,#7864),(#7865,
#7866),(#7867,#7868),(#7869,#7870),(#7871,#7872),(#7873,#7874)),
 .UNSPECIFIED.,.F.,.F.,.F.,(4,3,4),(2,2),(9.0739240536351E-7,0.500000260713532,
0.701578822875965),(0.,0.1),.UNSPECIFIED.);
#4714=B_SPLINE_SURFACE_WITH_KNOTS('',3,1,((#7892,#7893),(#7894,#7895),(#7896,
#7897),(#7898,#7899),(#7900,#7901),(#7902,#7903),(#7904,#7905)),
 .UNSPECIFIED.,.F.,.F.,.F.,(4,3,4),(2,2),(0.,0.646012373385409,1.),(0.,
0.1),.UNSPECIFIED.);
#4715=B_SPLINE_SURFACE_WITH_KNOTS('',3,1,((#7923,#7924),(#7925,#7926),(#7927,
#7928),(#7929,#7930),(#7931,#7932),(#7933,#7934),(#7935,#7936)),
 .UNSPECIFIED.,.F.,.F.,.F.,(4,3,4),(2,2),(0.000814003590474392,0.699950784599844,
0.999902735973155),(0.,0.1),.UNSPECIFIED.);
#4716=B_SPLINE_SURFACE_WITH_KNOTS('',3,1,((#7954,#7955),(#7956,#7957),(#7958,
#7959),(#7960,#7961),(#7962,#7963),(#7964,#7965),(#7966,#7967)),
 .UNSPECIFIED.,.F.,.F.,.F.,(4,3,4),(2,2),(-0.455392099594645,0.,1.),(0.,
0.1),.UNSPECIFIED.);
#4717=B_SPLINE_SURFACE_WITH_KNOTS('',3,1,((#7991,#7992),(#7993,#7994),(#7995,
#7996),(#7997,#7998),(#7999,#8000),(#8001,#8002),(#8003,#8004)),
 .UNSPECIFIED.,.F.,.F.,.F.,(4,3,4),(2,2),(-0.0209627658878092,0.,0.906059368737756),
(0.,0.1),.UNSPECIFIED.);
#4718=B_SPLINE_SURFACE_WITH_KNOTS('',3,1,((#8028,#8029),(#8030,#8031),(#8032,
#8033),(#8034,#8035),(#8036,#8037),(#8038,#8039),(#8040,#8041)),
 .UNSPECIFIED.,.F.,.F.,.F.,(4,3,4),(2,2),(0.682947037533289,1.,1.03413802246775),
(0.,0.1),.UNSPECIFIED.);
#4719=B_SPLINE_SURFACE_WITH_KNOTS('',3,1,((#8059,#8060),(#8061,#8062),(#8063,
#8064),(#8065,#8066)),.UNSPECIFIED.,.F.,.F.,.F.,(4,4),(2,2),(0.,0.464337436414935),
(0.,0.1),.UNSPECIFIED.);
#4720=B_SPLINE_SURFACE_WITH_KNOTS('',3,1,((#8078,#8079),(#8080,#8081),(#8082,
#8083),(#8084,#8085),(#8086,#8087),(#8088,#8089),(#8090,#8091),(#8092,#8093),
(#8094,#8095),(#8096,#8097)),.UNSPECIFIED.,.F.,.F.,.F.,(4,3,3,4),(2,2),
(0.,0.479540895009708,0.832861359127331,0.998867058872988),(0.,0.1),
 .UNSPECIFIED.);
#4721=B_SPLINE_SURFACE_WITH_KNOTS('',3,1,((#8130,#8131),(#8132,#8133),(#8134,
#8135),(#8136,#8137),(#8138,#8139),(#8140,#8141),(#8142,#8143),(#8144,#8145),
(#8146,#8147),(#8148,#8149)),.UNSPECIFIED.,.F.,.F.,.F.,(4,3,3,4),(2,2),
(0.00236216336390239,0.365720743073292,0.760454017603538,1.),(0.,0.1),
 .UNSPECIFIED.);
#4722=B_SPLINE_SURFACE_WITH_KNOTS('',3,1,((#8173,#8174),(#8175,#8176),(#8177,
#8178),(#8179,#8180)),.UNSPECIFIED.,.F.,.F.,.F.,(4,4),(2,2),(0.537336315797698,
1.),(0.,0.1),.UNSPECIFIED.);
#4723=B_SPLINE_SURFACE_WITH_KNOTS('',3,1,((#8192,#8193),(#8194,#8195),(#8196,
#8197),(#8198,#8199),(#8200,#8201),(#8202,#8203),(#8204,#8205)),
 .UNSPECIFIED.,.F.,.F.,.F.,(4,3,4),(2,2),(-0.0341157093056091,0.,0.315236515173652),
(0.,0.1),.UNSPECIFIED.);
#4724=ADVANCED_FACE('',(#523),#4689,.T.);
#4725=ADVANCED_FACE('',(#524),#425,.F.);
#4726=ADVANCED_FACE('',(#525),#4690,.T.);
#4727=ADVANCED_FACE('',(#526),#426,.T.);
#4728=ADVANCED_FACE('',(#527),#143,.T.);
#4729=ADVANCED_FACE('',(#528),#144,.T.);
#4730=ADVANCED_FACE('',(#529),#4691,.T.);
#4731=ADVANCED_FACE('',(#530),#145,.T.);
#4732=ADVANCED_FACE('',(#531),#4692,.T.);
#4733=ADVANCED_FACE('',(#532),#146,.T.);
#4734=ADVANCED_FACE('',(#533),#147,.T.);
#4735=ADVANCED_FACE('',(#534),#427,.T.);
#4736=ADVANCED_FACE('',(#535),#148,.T.);
#4737=ADVANCED_FACE('',(#536),#149,.T.);
#4738=ADVANCED_FACE('',(#537),#428,.F.);
#4739=ADVANCED_FACE('',(#538),#4693,.T.);
#4740=ADVANCED_FACE('',(#539),#429,.T.);
#4741=ADVANCED_FACE('',(#540),#4694,.T.);
#4742=ADVANCED_FACE('',(#541),#150,.T.);
#4743=ADVANCED_FACE('',(#542),#430,.F.);
#4744=ADVANCED_FACE('',(#543),#4695,.T.);
#4745=ADVANCED_FACE('',(#544),#431,.T.);
#4746=ADVANCED_FACE('',(#545),#4696,.T.);
#4747=ADVANCED_FACE('',(#546),#151,.T.);
#4748=ADVANCED_FACE('',(#547),#4697,.T.);
#4749=ADVANCED_FACE('',(#548),#432,.F.);
#4750=ADVANCED_FACE('',(#549),#4698,.T.);
#4751=ADVANCED_FACE('',(#550),#433,.T.);
#4752=ADVANCED_FACE('',(#551),#152,.T.);
#4753=ADVANCED_FACE('',(#552),#434,.F.);
#4754=ADVANCED_FACE('',(#553),#4699,.T.);
#4755=ADVANCED_FACE('',(#554),#435,.T.);
#4756=ADVANCED_FACE('',(#555),#4700,.T.);
#4757=ADVANCED_FACE('',(#556),#4701,.T.);
#4758=ADVANCED_FACE('',(#557),#153,.T.);
#4759=ADVANCED_FACE('',(#558),#4702,.T.);
#4760=ADVANCED_FACE('',(#559),#436,.F.);
#4761=ADVANCED_FACE('',(#560),#4703,.T.);
#4762=ADVANCED_FACE('',(#561),#437,.T.);
#4763=ADVANCED_FACE('',(#562),#154,.T.);
#4764=ADVANCED_FACE('',(#563),#438,.F.);
#4765=ADVANCED_FACE('',(#564),#439,.T.);
#4766=ADVANCED_FACE('',(#565,#122),#155,.T.);
#4767=ADVANCED_FACE('',(#566,#123),#156,.T.);
#4768=ADVANCED_FACE('',(#567),#100,.T.);
#4769=ADVANCED_FACE('',(#568),#101,.T.);
#4770=ADVANCED_FACE('',(#569),#102,.T.);
#4771=ADVANCED_FACE('',(#570),#103,.T.);
#4772=ADVANCED_FACE('',(#571),#104,.T.);
#4773=ADVANCED_FACE('',(#572),#105,.T.);
#4774=ADVANCED_FACE('',(#573),#106,.T.);
#4775=ADVANCED_FACE('',(#574),#107,.T.);
#4776=ADVANCED_FACE('',(#575),#108,.T.);
#4777=ADVANCED_FACE('',(#576),#109,.T.);
#4778=ADVANCED_FACE('',(#577),#110,.T.);
#4779=ADVANCED_FACE('',(#578),#111,.T.);
#4780=ADVANCED_FACE('',(#579),#4704,.T.);
#4781=ADVANCED_FACE('',(#580),#157,.T.);
#4782=ADVANCED_FACE('',(#581),#4705,.T.);
#4783=ADVANCED_FACE('',(#582),#112,.T.);
#4784=ADVANCED_FACE('',(#583),#158,.T.);
#4785=ADVANCED_FACE('',(#584),#113,.T.);
#4786=ADVANCED_FACE('',(#585),#114,.T.);
#4787=ADVANCED_FACE('',(#586),#115,.T.);
#4788=ADVANCED_FACE('',(#587),#116,.T.);
#4789=ADVANCED_FACE('',(#588),#159,.T.);
#4790=ADVANCED_FACE('',(#589),#117,.T.);
#4791=ADVANCED_FACE('',(#590),#118,.T.);
#4792=ADVANCED_FACE('',(#591),#119,.T.);
#4793=ADVANCED_FACE('',(#592),#120,.T.);
#4794=ADVANCED_FACE('',(#593),#160,.T.);
#4795=ADVANCED_FACE('',(#594),#121,.T.);
#4796=ADVANCED_FACE('',(#595),#4706,.T.);
#4797=ADVANCED_FACE('',(#596),#161,.T.);
#4798=ADVANCED_FACE('',(#597),#4707,.T.);
#4799=ADVANCED_FACE('',(#598),#162,.T.);
#4800=ADVANCED_FACE('',(#599),#4708,.T.);
#4801=ADVANCED_FACE('',(#600),#4709,.T.);
#4802=ADVANCED_FACE('',(#601),#4710,.T.);
#4803=ADVANCED_FACE('',(#602),#4711,.T.);
#4804=ADVANCED_FACE('',(#603),#4712,.T.);
#4805=ADVANCED_FACE('',(#604),#4713,.T.);
#4806=ADVANCED_FACE('',(#605),#4714,.T.);
#4807=ADVANCED_FACE('',(#606),#4715,.T.);
#4808=ADVANCED_FACE('',(#607),#4716,.T.);
#4809=ADVANCED_FACE('',(#608),#163,.T.);
#4810=ADVANCED_FACE('',(#609),#4717,.T.);
#4811=ADVANCED_FACE('',(#610),#164,.T.);
#4812=ADVANCED_FACE('',(#611),#4718,.T.);
#4813=ADVANCED_FACE('',(#612),#4719,.T.);
#4814=ADVANCED_FACE('',(#613),#4720,.T.);
#4815=ADVANCED_FACE('',(#614),#165,.T.);
#4816=ADVANCED_FACE('',(#615),#4721,.T.);
#4817=ADVANCED_FACE('',(#616),#4722,.T.);
#4818=ADVANCED_FACE('',(#617),#4723,.T.);
#4819=ADVANCED_FACE('',(#618),#166,.T.);
#4820=ADVANCED_FACE('',(#619,#124),#167,.T.);
#4821=ADVANCED_FACE('',(#620,#125,#126,#127,#128,#129,#130,#131,#132),#168,
 .T.);
#4822=ADVANCED_FACE('',(#621),#440,.F.);
#4823=ADVANCED_FACE('',(#622),#441,.T.);
#4824=ADVANCED_FACE('',(#623,#133),#169,.T.);
#4825=ADVANCED_FACE('',(#624,#134),#170,.T.);
#4826=ADVANCED_FACE('',(#625),#442,.T.);
#4827=ADVANCED_FACE('',(#626),#443,.T.);
#4828=ADVANCED_FACE('',(#627),#444,.T.);
#4829=ADVANCED_FACE('',(#628),#445,.T.);
#4830=ADVANCED_FACE('',(#629),#446,.T.);
#4831=ADVANCED_FACE('',(#630),#447,.T.);
#4832=ADVANCED_FACE('',(#631),#448,.T.);
#4833=ADVANCED_FACE('',(#632),#449,.T.);
#4834=ADVANCED_FACE('',(#633),#47,.F.);
#4835=ADVANCED_FACE('',(#634),#450,.F.);
#4836=ADVANCED_FACE('',(#635),#48,.F.);
#4837=ADVANCED_FACE('',(#636),#451,.F.);
#4838=ADVANCED_FACE('',(#637),#49,.F.);
#4839=ADVANCED_FACE('',(#638),#452,.F.);
#4840=ADVANCED_FACE('',(#639),#50,.F.);
#4841=ADVANCED_FACE('',(#640),#453,.F.);
#4842=ADVANCED_FACE('',(#641),#51,.F.);
#4843=ADVANCED_FACE('',(#642),#454,.F.);
#4844=ADVANCED_FACE('',(#643),#52,.F.);
#4845=ADVANCED_FACE('',(#644),#455,.F.);
#4846=ADVANCED_FACE('',(#645),#53,.F.);
#4847=ADVANCED_FACE('',(#646),#456,.F.);
#4848=ADVANCED_FACE('',(#647),#54,.F.);
#4849=ADVANCED_FACE('',(#648),#457,.F.);
#4850=ADVANCED_FACE('',(#649),#458,.T.);
#4851=ADVANCED_FACE('',(#650),#459,.T.);
#4852=ADVANCED_FACE('',(#651),#15,.T.);
#4853=ADVANCED_FACE('',(#652),#460,.T.);
#4854=ADVANCED_FACE('',(#653),#461,.T.);
#4855=ADVANCED_FACE('',(#654),#171,.F.);
#4856=ADVANCED_FACE('',(#655),#462,.T.);
#4857=ADVANCED_FACE('',(#656),#463,.T.);
#4858=ADVANCED_FACE('',(#657),#464,.T.);
#4859=ADVANCED_FACE('',(#658),#172,.T.);
#4860=ADVANCED_FACE('',(#659),#465,.T.);
#4861=ADVANCED_FACE('',(#660),#16,.T.);
#4862=ADVANCED_FACE('',(#661),#466,.T.);
#4863=ADVANCED_FACE('',(#662),#173,.F.);
#4864=ADVANCED_FACE('',(#663),#467,.T.);
#4865=ADVANCED_FACE('',(#664),#468,.T.);
#4866=ADVANCED_FACE('',(#665),#17,.T.);
#4867=ADVANCED_FACE('',(#666),#469,.T.);
#4868=ADVANCED_FACE('',(#667),#470,.T.);
#4869=ADVANCED_FACE('',(#668),#471,.T.);
#4870=ADVANCED_FACE('',(#669),#174,.T.);
#4871=ADVANCED_FACE('',(#670),#472,.T.);
#4872=ADVANCED_FACE('',(#671),#175,.F.);
#4873=ADVANCED_FACE('',(#672),#473,.T.);
#4874=ADVANCED_FACE('',(#673),#474,.T.);
#4875=ADVANCED_FACE('',(#674),#475,.T.);
#4876=ADVANCED_FACE('',(#675),#18,.T.);
#4877=ADVANCED_FACE('',(#676),#476,.T.);
#4878=ADVANCED_FACE('',(#677),#176,.F.);
#4879=ADVANCED_FACE('',(#678),#177,.F.);
#4880=ADVANCED_FACE('',(#679),#178,.F.);
#4881=ADVANCED_FACE('',(#680),#179,.F.);
#4882=ADVANCED_FACE('',(#681),#180,.F.);
#4883=ADVANCED_FACE('',(#682),#181,.F.);
#4884=ADVANCED_FACE('',(#683),#19,.T.);
#4885=ADVANCED_FACE('',(#684),#20,.T.);
#4886=ADVANCED_FACE('',(#685),#21,.T.);
#4887=ADVANCED_FACE('',(#686),#477,.T.);
#4888=ADVANCED_FACE('',(#687),#478,.T.);
#4889=ADVANCED_FACE('',(#688),#479,.T.);
#4890=ADVANCED_FACE('',(#689),#182,.T.);
#4891=ADVANCED_FACE('',(#690),#183,.T.);
#4892=ADVANCED_FACE('',(#691),#184,.T.);
#4893=ADVANCED_FACE('',(#692),#480,.T.);
#4894=ADVANCED_FACE('',(#693),#481,.T.);
#4895=ADVANCED_FACE('',(#694),#482,.T.);
#4896=ADVANCED_FACE('',(#695),#22,.T.);
#4897=ADVANCED_FACE('',(#696),#23,.T.);
#4898=ADVANCED_FACE('',(#697),#24,.T.);
#4899=ADVANCED_FACE('',(#698),#483,.T.);
#4900=ADVANCED_FACE('',(#699),#484,.T.);
#4901=ADVANCED_FACE('',(#700),#485,.T.);
#4902=ADVANCED_FACE('',(#701),#185,.T.);
#4903=ADVANCED_FACE('',(#702),#186,.T.);
#4904=ADVANCED_FACE('',(#703),#187,.T.);
#4905=ADVANCED_FACE('',(#704),#486,.T.);
#4906=ADVANCED_FACE('',(#705),#487,.T.);
#4907=ADVANCED_FACE('',(#706),#488,.T.);
#4908=ADVANCED_FACE('',(#707),#25,.T.);
#4909=ADVANCED_FACE('',(#708),#26,.T.);
#4910=ADVANCED_FACE('',(#709),#27,.T.);
#4911=ADVANCED_FACE('',(#710),#489,.T.);
#4912=ADVANCED_FACE('',(#711),#490,.T.);
#4913=ADVANCED_FACE('',(#712),#491,.T.);
#4914=ADVANCED_FACE('',(#713),#188,.T.);
#4915=ADVANCED_FACE('',(#714),#189,.T.);
#4916=ADVANCED_FACE('',(#715),#190,.T.);
#4917=ADVANCED_FACE('',(#716),#28,.T.);
#4918=ADVANCED_FACE('',(#717),#492,.T.);
#4919=ADVANCED_FACE('',(#718),#191,.T.);
#4920=ADVANCED_FACE('',(#719),#192,.T.);
#4921=ADVANCED_FACE('',(#720),#193,.T.);
#4922=ADVANCED_FACE('',(#721,#135,#136,#137,#138,#139,#140,#141,#142),#194,
 .F.);
#4923=ADVANCED_FACE('',(#722),#29,.T.);
#4924=ADVANCED_FACE('',(#723),#493,.T.);
#4925=ADVANCED_FACE('',(#724),#195,.T.);
#4926=ADVANCED_FACE('',(#725),#494,.T.);
#4927=ADVANCED_FACE('',(#726),#30,.T.);
#4928=ADVANCED_FACE('',(#727),#495,.T.);
#4929=ADVANCED_FACE('',(#728),#196,.T.);
#4930=ADVANCED_FACE('',(#729),#496,.T.);
#4931=ADVANCED_FACE('',(#730),#31,.T.);
#4932=ADVANCED_FACE('',(#731),#497,.T.);
#4933=ADVANCED_FACE('',(#732),#197,.T.);
#4934=ADVANCED_FACE('',(#733),#498,.T.);
#4935=ADVANCED_FACE('',(#734),#32,.T.);
#4936=ADVANCED_FACE('',(#735),#33,.T.);
#4937=ADVANCED_FACE('',(#736),#198,.F.);
#4938=ADVANCED_FACE('',(#737),#199,.F.);
#4939=ADVANCED_FACE('',(#738),#34,.T.);
#4940=ADVANCED_FACE('',(#739),#499,.T.);
#4941=ADVANCED_FACE('',(#740),#200,.T.);
#4942=ADVANCED_FACE('',(#741),#500,.T.);
#4943=ADVANCED_FACE('',(#742),#35,.T.);
#4944=ADVANCED_FACE('',(#743),#501,.T.);
#4945=ADVANCED_FACE('',(#744),#201,.T.);
#4946=ADVANCED_FACE('',(#745),#502,.T.);
#4947=ADVANCED_FACE('',(#746),#36,.T.);
#4948=ADVANCED_FACE('',(#747),#503,.T.);
#4949=ADVANCED_FACE('',(#748),#202,.T.);
#4950=ADVANCED_FACE('',(#749),#504,.T.);
#4951=ADVANCED_FACE('',(#750),#37,.T.);
#4952=ADVANCED_FACE('',(#751),#38,.T.);
#4953=ADVANCED_FACE('',(#752),#203,.F.);
#4954=ADVANCED_FACE('',(#753),#204,.F.);
#4955=ADVANCED_FACE('',(#754),#205,.F.);
#4956=ADVANCED_FACE('',(#755),#206,.F.);
#4957=ADVANCED_FACE('',(#756),#505,.T.);
#4958=ADVANCED_FACE('',(#757),#39,.T.);
#4959=ADVANCED_FACE('',(#758),#506,.T.);
#4960=ADVANCED_FACE('',(#759),#507,.T.);
#4961=ADVANCED_FACE('',(#760),#508,.T.);
#4962=ADVANCED_FACE('',(#761),#207,.T.);
#4963=ADVANCED_FACE('',(#762),#208,.T.);
#4964=ADVANCED_FACE('',(#763),#209,.T.);
#4965=ADVANCED_FACE('',(#764),#509,.T.);
#4966=ADVANCED_FACE('',(#765),#510,.T.);
#4967=ADVANCED_FACE('',(#766),#511,.T.);
#4968=ADVANCED_FACE('',(#767),#40,.T.);
#4969=ADVANCED_FACE('',(#768),#41,.T.);
#4970=ADVANCED_FACE('',(#769),#42,.T.);
#4971=ADVANCED_FACE('',(#770),#512,.T.);
#4972=ADVANCED_FACE('',(#771),#513,.T.);
#4973=ADVANCED_FACE('',(#772),#514,.T.);
#4974=ADVANCED_FACE('',(#773),#210,.T.);
#4975=ADVANCED_FACE('',(#774),#211,.T.);
#4976=ADVANCED_FACE('',(#775),#212,.T.);
#4977=ADVANCED_FACE('',(#776),#515,.T.);
#4978=ADVANCED_FACE('',(#777),#516,.T.);
#4979=ADVANCED_FACE('',(#778),#517,.T.);
#4980=ADVANCED_FACE('',(#779),#43,.T.);
#4981=ADVANCED_FACE('',(#780),#44,.T.);
#4982=ADVANCED_FACE('',(#781),#45,.T.);
#4983=ADVANCED_FACE('',(#782),#518,.T.);
#4984=ADVANCED_FACE('',(#783),#519,.T.);
#4985=ADVANCED_FACE('',(#784),#520,.T.);
#4986=ADVANCED_FACE('',(#785),#213,.T.);
#4987=ADVANCED_FACE('',(#786),#214,.T.);
#4988=ADVANCED_FACE('',(#787),#215,.T.);
#4989=ADVANCED_FACE('',(#788),#46,.T.);
#4990=ADVANCED_FACE('',(#789),#521,.T.);
#4991=ADVANCED_FACE('',(#790),#522,.T.);
#4992=ADVANCED_FACE('',(#791),#216,.T.);
#4993=ADVANCED_FACE('',(#792),#217,.T.);
#4994=ADVANCED_FACE('',(#793),#218,.T.);
#4995=ADVANCED_FACE('',(#794),#219,.F.);
#4996=ADVANCED_FACE('',(#795),#220,.T.);
#4997=CLOSED_SHELL('',(#4724,#4725,#4726,#4727,#4728,#4729,#4730,#4731,
#4732,#4733,#4734,#4735,#4736,#4737,#4738,#4739,#4740,#4741,#4742,#4743,
#4744,#4745,#4746,#4747,#4748,#4749,#4750,#4751,#4752,#4753,#4754,#4755,
#4756,#4757,#4758,#4759,#4760,#4761,#4762,#4763,#4764,#4765,#4766,#4767,
#4768,#4769,#4770,#4771,#4772,#4773,#4774,#4775,#4776,#4777,#4778,#4779,
#4780,#4781,#4782,#4783,#4784,#4785,#4786,#4787,#4788,#4789,#4790,#4791,
#4792,#4793,#4794,#4795,#4796,#4797,#4798,#4799,#4800,#4801,#4802,#4803,
#4804,#4805,#4806,#4807,#4808,#4809,#4810,#4811,#4812,#4813,#4814,#4815,
#4816,#4817,#4818,#4819,#4820,#4821,#4822,#4823,#4824,#4825,#4826,#4827,
#4828,#4829,#4830,#4831,#4832,#4833,#4834,#4835,#4836,#4837,#4838,#4839,
#4840,#4841,#4842,#4843,#4844,#4845,#4846,#4847,#4848,#4849,#4850,#4851,
#4852,#4853,#4854,#4855,#4856,#4857,#4858,#4859,#4860,#4861,#4862,#4863,
#4864,#4865,#4866,#4867,#4868,#4869,#4870,#4871,#4872,#4873,#4874,#4875,
#4876,#4877,#4878,#4879,#4880,#4881,#4882,#4883,#4884,#4885,#4886,#4887,
#4888,#4889,#4890,#4891,#4892,#4893,#4894,#4895,#4896,#4897,#4898,#4899,
#4900,#4901,#4902,#4903,#4904,#4905,#4906,#4907,#4908,#4909,#4910,#4911,
#4912,#4913,#4914,#4915,#4916,#4917,#4918,#4919,#4920,#4921,#4922,#4923,
#4924,#4925,#4926,#4927,#4928,#4929,#4930,#4931,#4932,#4933,#4934,#4935,
#4936,#4937,#4938,#4939,#4940,#4941,#4942,#4943,#4944,#4945,#4946,#4947,
#4948,#4949,#4950,#4951,#4952,#4953,#4954,#4955,#4956,#4957,#4958,#4959,
#4960,#4961,#4962,#4963,#4964,#4965,#4966,#4967,#4968,#4969,#4970,#4971,
#4972,#4973,#4974,#4975,#4976,#4977,#4978,#4979,#4980,#4981,#4982,#4983,
#4984,#4985,#4986,#4987,#4988,#4989,#4990,#4991,#4992,#4993,#4994,#4995,
#4996));
#4998=DERIVED_UNIT_ELEMENT(#5000,1.);
#4999=DERIVED_UNIT_ELEMENT(#9413,-3.);
#5000=(
MASS_UNIT()
NAMED_UNIT(*)
SI_UNIT(.KILO.,.GRAM.)
);
#5001=DERIVED_UNIT((#4998,#4999));
#5002=MEASURE_REPRESENTATION_ITEM('density measure',
POSITIVE_RATIO_MEASURE(7850.),#5001);
#5003=PROPERTY_DEFINITION_REPRESENTATION(#5008,#5005);
#5004=PROPERTY_DEFINITION_REPRESENTATION(#5009,#5006);
#5005=REPRESENTATION('material name',(#5007),#9410);
#5006=REPRESENTATION('density',(#5002),#9410);
#5007=DESCRIPTIVE_REPRESENTATION_ITEM('Steel','Steel');
#5008=PROPERTY_DEFINITION('material property','material name',#9420);
#5009=PROPERTY_DEFINITION('material property','density of part',#9420);
#5010=AXIS2_PLACEMENT_3D('',#6661,#5431,#5432);
#5011=AXIS2_PLACEMENT_3D('',#6684,#5435,#5436);
#5012=AXIS2_PLACEMENT_3D('',#6686,#5437,#5438);
#5013=AXIS2_PLACEMENT_3D('',#6688,#5439,#5440);
#5014=AXIS2_PLACEMENT_3D('',#6709,#5443,#5444);
#5015=AXIS2_PLACEMENT_3D('',#6710,#5445,#5446);
#5016=AXIS2_PLACEMENT_3D('',#6711,#5447,#5448);
#5017=AXIS2_PLACEMENT_3D('',#6712,#5449,#5450);
#5018=AXIS2_PLACEMENT_3D('',#6713,#5451,#5452);
#5019=AXIS2_PLACEMENT_3D('',#6756,#5457,#5458);
#5020=AXIS2_PLACEMENT_3D('',#6781,#5463,#5464);
#5021=AXIS2_PLACEMENT_3D('',#6790,#5467,#5468);
#5022=AXIS2_PLACEMENT_3D('',#6796,#5472,#5473);
#5023=AXIS2_PLACEMENT_3D('',#6798,#5474,#5475);
#5024=AXIS2_PLACEMENT_3D('',#6800,#5476,#5477);
#5025=AXIS2_PLACEMENT_3D('',#6802,#5479,#5480);
#5026=AXIS2_PLACEMENT_3D('',#6805,#5483,#5484);
#5027=AXIS2_PLACEMENT_3D('',#6806,#5485,#5486);
#5028=AXIS2_PLACEMENT_3D('',#6809,#5487,#5488);
#5029=AXIS2_PLACEMENT_3D('',#6813,#5490,#5491);
#5030=AXIS2_PLACEMENT_3D('',#6834,#5494,#5495);
#5031=AXIS2_PLACEMENT_3D('',#6836,#5496,#5497);
#5032=AXIS2_PLACEMENT_3D('',#6838,#5498,#5499);
#5033=AXIS2_PLACEMENT_3D('',#6856,#5501,#5502);
#5034=AXIS2_PLACEMENT_3D('',#6857,#5503,#5504);
#5035=AXIS2_PLACEMENT_3D('',#6860,#5505,#5506);
#5036=AXIS2_PLACEMENT_3D('',#6864,#5508,#5509);
#5037=AXIS2_PLACEMENT_3D('',#6885,#5512,#5513);
#5038=AXIS2_PLACEMENT_3D('',#6887,#5514,#5515);
#5039=AXIS2_PLACEMENT_3D('',#6889,#5516,#5517);
#5040=AXIS2_PLACEMENT_3D('',#6907,#5519,#5520);
#5041=AXIS2_PLACEMENT_3D('',#6930,#5523,#5524);
#5042=AXIS2_PLACEMENT_3D('',#6932,#5525,#5526);
#5043=AXIS2_PLACEMENT_3D('',#6934,#5527,#5528);
#5044=AXIS2_PLACEMENT_3D('',#6973,#5531,#5532);
#5045=AXIS2_PLACEMENT_3D('',#6974,#5533,#5534);
#5046=AXIS2_PLACEMENT_3D('',#6975,#5535,#5536);
#5047=AXIS2_PLACEMENT_3D('',#6976,#5537,#5538);
#5048=AXIS2_PLACEMENT_3D('',#6977,#5539,#5540);
#5049=AXIS2_PLACEMENT_3D('',#6980,#5541,#5542);
#5050=AXIS2_PLACEMENT_3D('',#6984,#5544,#5545);
#5051=AXIS2_PLACEMENT_3D('',#7005,#5548,#5549);
#5052=AXIS2_PLACEMENT_3D('',#7007,#5550,#5551);
#5053=AXIS2_PLACEMENT_3D('',#7009,#5552,#5553);
#5054=AXIS2_PLACEMENT_3D('',#7070,#5556,#5557);
#5055=AXIS2_PLACEMENT_3D('',#7093,#5560,#5561);
#5056=AXIS2_PLACEMENT_3D('',#7095,#5562,#5563);
#5057=AXIS2_PLACEMENT_3D('',#7097,#5564,#5565);
#5058=AXIS2_PLACEMENT_3D('',#7118,#5568,#5569);
#5059=AXIS2_PLACEMENT_3D('',#7119,#5570,#5571);
#5060=AXIS2_PLACEMENT_3D('',#7120,#5572,#5573);
#5061=AXIS2_PLACEMENT_3D('',#7121,#5574,#5575);
#5062=AXIS2_PLACEMENT_3D('',#7122,#5576,#5577);
#5063=AXIS2_PLACEMENT_3D('',#7124,#5578,#5579);
#5064=AXIS2_PLACEMENT_3D('',#7127,#5581,#5582);
#5065=AXIS2_PLACEMENT_3D('',#7128,#5583,#5584);
#5066=AXIS2_PLACEMENT_3D('',#7130,#5585,#5586);
#5067=AXIS2_PLACEMENT_3D('',#7133,#5588,#5589);
#5068=AXIS2_PLACEMENT_3D('',#7134,#5590,#5591);
#5069=AXIS2_PLACEMENT_3D('',#7135,#5592,#5593);
#5070=AXIS2_PLACEMENT_3D('',#7137,#5594,#5595);
#5071=AXIS2_PLACEMENT_3D('',#7384,#5610,#5611);
#5072=AXIS2_PLACEMENT_3D('',#7424,#5617,#5618);
#5073=AXIS2_PLACEMENT_3D('',#7506,#5626,#5627);
#5074=AXIS2_PLACEMENT_3D('',#7591,#5634,#5635);
#5075=AXIS2_PLACEMENT_3D('',#7631,#5641,#5642);
#5076=AXIS2_PLACEMENT_3D('',#7652,#5647,#5648);
#5077=AXIS2_PLACEMENT_3D('',#7985,#5661,#5662);
#5078=AXIS2_PLACEMENT_3D('',#8022,#5667,#5668);
#5079=AXIS2_PLACEMENT_3D('',#8121,#5675,#5676);
#5080=AXIS2_PLACEMENT_3D('',#8223,#5682,#5683);
#5081=AXIS2_PLACEMENT_3D('',#8226,#5686,#5687);
#5082=AXIS2_PLACEMENT_3D('',#8227,#5688,#5689);
#5083=AXIS2_PLACEMENT_3D('',#8228,#5690,#5691);
#5084=AXIS2_PLACEMENT_3D('',#8230,#5692,#5693);
#5085=AXIS2_PLACEMENT_3D('',#8232,#5695,#5696);
#5086=AXIS2_PLACEMENT_3D('',#8234,#5697,#5698);
#5087=AXIS2_PLACEMENT_3D('',#8237,#5700,#5701);
#5088=AXIS2_PLACEMENT_3D('',#8238,#5702,#5703);
#5089=AXIS2_PLACEMENT_3D('',#8239,#5704,#5705);
#5090=AXIS2_PLACEMENT_3D('',#8241,#5706,#5707);
#5091=AXIS2_PLACEMENT_3D('',#8242,#5708,#5709);
#5092=AXIS2_PLACEMENT_3D('',#8244,#5710,#5711);
#5093=AXIS2_PLACEMENT_3D('',#8246,#5713,#5714);
#5094=AXIS2_PLACEMENT_3D('',#8249,#5715,#5716);
#5095=AXIS2_PLACEMENT_3D('',#8253,#5718,#5719);
#5096=AXIS2_PLACEMENT_3D('',#8255,#5721,#5722);
#5097=AXIS2_PLACEMENT_3D('',#8258,#5723,#5724);
#5098=AXIS2_PLACEMENT_3D('',#8262,#5726,#5727);
#5099=AXIS2_PLACEMENT_3D('',#8264,#5729,#5730);
#5100=AXIS2_PLACEMENT_3D('',#8267,#5731,#5732);
#5101=AXIS2_PLACEMENT_3D('',#8271,#5734,#5735);
#5102=AXIS2_PLACEMENT_3D('',#8273,#5737,#5738);
#5103=AXIS2_PLACEMENT_3D('',#8276,#5739,#5740);
#5104=AXIS2_PLACEMENT_3D('',#8280,#5742,#5743);
#5105=AXIS2_PLACEMENT_3D('',#8282,#5745,#5746);
#5106=AXIS2_PLACEMENT_3D('',#8285,#5747,#5748);
#5107=AXIS2_PLACEMENT_3D('',#8289,#5750,#5751);
#5108=AXIS2_PLACEMENT_3D('',#8291,#5753,#5754);
#5109=AXIS2_PLACEMENT_3D('',#8294,#5755,#5756);
#5110=AXIS2_PLACEMENT_3D('',#8298,#5758,#5759);
#5111=AXIS2_PLACEMENT_3D('',#8300,#5761,#5762);
#5112=AXIS2_PLACEMENT_3D('',#8303,#5763,#5764);
#5113=AXIS2_PLACEMENT_3D('',#8307,#5766,#5767);
#5114=AXIS2_PLACEMENT_3D('',#8309,#5769,#5770);
#5115=AXIS2_PLACEMENT_3D('',#8312,#5771,#5772);
#5116=AXIS2_PLACEMENT_3D('',#8314,#5773,#5774);
#5117=AXIS2_PLACEMENT_3D('',#8316,#5775,#5776);
#5118=AXIS2_PLACEMENT_3D('',#8317,#5777,#5778);
#5119=AXIS2_PLACEMENT_3D('',#8318,#5779,#5780);
#5120=AXIS2_PLACEMENT_3D('',#8333,#5782,#5783);
#5121=AXIS2_PLACEMENT_3D('',#8335,#5785,#5786);
#5122=AXIS2_PLACEMENT_3D('',#8338,#5787,#5788);
#5123=AXIS2_PLACEMENT_3D('',#8340,#5789,#5790);
#5124=AXIS2_PLACEMENT_3D('',#8342,#5791,#5792);
#5125=AXIS2_PLACEMENT_3D('',#8343,#5793,#5794);
#5126=AXIS2_PLACEMENT_3D('',#8344,#5795,#5796);
#5127=AXIS2_PLACEMENT_3D('',#8348,#5798,#5799);
#5128=AXIS2_PLACEMENT_3D('',#8361,#5801,#5802);
#5129=AXIS2_PLACEMENT_3D('',#8364,#5803,#5804);
#5130=AXIS2_PLACEMENT_3D('',#8366,#5805,#5806);
#5131=AXIS2_PLACEMENT_3D('',#8368,#5807,#5808);
#5132=AXIS2_PLACEMENT_3D('',#8369,#5809,#5810);
#5133=AXIS2_PLACEMENT_3D('',#8370,#5811,#5812);
#5134=AXIS2_PLACEMENT_3D('',#8385,#5814,#5815);
#5135=AXIS2_PLACEMENT_3D('',#8387,#5817,#5818);
#5136=AXIS2_PLACEMENT_3D('',#8390,#5819,#5820);
#5137=AXIS2_PLACEMENT_3D('',#8392,#5821,#5822);
#5138=AXIS2_PLACEMENT_3D('',#8394,#5823,#5824);
#5139=AXIS2_PLACEMENT_3D('',#8395,#5825,#5826);
#5140=AXIS2_PLACEMENT_3D('',#8396,#5827,#5828);
#5141=AXIS2_PLACEMENT_3D('',#8400,#5830,#5831);
#5142=AXIS2_PLACEMENT_3D('',#8413,#5833,#5834);
#5143=AXIS2_PLACEMENT_3D('',#8416,#5835,#5836);
#5144=AXIS2_PLACEMENT_3D('',#8418,#5837,#5838);
#5145=AXIS2_PLACEMENT_3D('',#8420,#5839,#5840);
#5146=AXIS2_PLACEMENT_3D('',#8421,#5841,#5842);
#5147=AXIS2_PLACEMENT_3D('',#8422,#5843,#5844);
#5148=AXIS2_PLACEMENT_3D('',#8437,#5846,#5847);
#5149=AXIS2_PLACEMENT_3D('',#8439,#5849,#5850);
#5150=AXIS2_PLACEMENT_3D('',#8442,#5851,#5852);
#5151=AXIS2_PLACEMENT_3D('',#8444,#5853,#5854);
#5152=AXIS2_PLACEMENT_3D('',#8446,#5855,#5856);
#5153=AXIS2_PLACEMENT_3D('',#8447,#5857,#5858);
#5154=AXIS2_PLACEMENT_3D('',#8448,#5859,#5860);
#5155=AXIS2_PLACEMENT_3D('',#8452,#5862,#5863);
#5156=AXIS2_PLACEMENT_3D('',#8465,#5865,#5866);
#5157=AXIS2_PLACEMENT_3D('',#8468,#5867,#5868);
#5158=AXIS2_PLACEMENT_3D('',#8470,#5869,#5870);
#5159=AXIS2_PLACEMENT_3D('',#8472,#5871,#5872);
#5160=AXIS2_PLACEMENT_3D('',#8473,#5873,#5874);
#5161=AXIS2_PLACEMENT_3D('',#8474,#5875,#5876);
#5162=AXIS2_PLACEMENT_3D('',#8489,#5878,#5879);
#5163=AXIS2_PLACEMENT_3D('',#8491,#5881,#5882);
#5164=AXIS2_PLACEMENT_3D('',#8494,#5883,#5884);
#5165=AXIS2_PLACEMENT_3D('',#8496,#5885,#5886);
#5166=AXIS2_PLACEMENT_3D('',#8498,#5887,#5888);
#5167=AXIS2_PLACEMENT_3D('',#8499,#5889,#5890);
#5168=AXIS2_PLACEMENT_3D('',#8500,#5891,#5892);
#5169=AXIS2_PLACEMENT_3D('',#8504,#5894,#5895);
#5170=AXIS2_PLACEMENT_3D('',#8517,#5897,#5898);
#5171=AXIS2_PLACEMENT_3D('',#8544,#5901,#5902);
#5172=AXIS2_PLACEMENT_3D('',#8546,#5903,#5904);
#5173=AXIS2_PLACEMENT_3D('',#8549,#5906,#5907);
#5174=AXIS2_PLACEMENT_3D('',#8550,#5908,#5909);
#5175=AXIS2_PLACEMENT_3D('',#8552,#5910,#5911);
#5176=AXIS2_PLACEMENT_3D('',#8554,#5913,#5914);
#5177=AXIS2_PLACEMENT_3D('',#8556,#5915,#5916);
#5178=AXIS2_PLACEMENT_3D('',#8558,#5918,#5919);
#5179=AXIS2_PLACEMENT_3D('',#8585,#5922,#5923);
#5180=AXIS2_PLACEMENT_3D('',#8608,#5936,#5937);
#5181=AXIS2_PLACEMENT_3D('',#8610,#5938,#5939);
#5182=AXIS2_PLACEMENT_3D('',#8613,#5941,#5942);
#5183=AXIS2_PLACEMENT_3D('',#8614,#5943,#5944);
#5184=AXIS2_PLACEMENT_3D('',#8641,#5947,#5948);
#5185=AXIS2_PLACEMENT_3D('',#8643,#5949,#5950);
#5186=AXIS2_PLACEMENT_3D('',#8646,#5952,#5953);
#5187=AXIS2_PLACEMENT_3D('',#8647,#5954,#5955);
#5188=AXIS2_PLACEMENT_3D('',#8649,#5957,#5958);
#5189=AXIS2_PLACEMENT_3D('',#8676,#5961,#5962);
#5190=AXIS2_PLACEMENT_3D('',#8678,#5963,#5964);
#5191=AXIS2_PLACEMENT_3D('',#8681,#5966,#5967);
#5192=AXIS2_PLACEMENT_3D('',#8682,#5968,#5969);
#5193=AXIS2_PLACEMENT_3D('',#8684,#5970,#5971);
#5194=AXIS2_PLACEMENT_3D('',#8686,#5973,#5974);
#5195=AXIS2_PLACEMENT_3D('',#8709,#5987,#5988);
#5196=AXIS2_PLACEMENT_3D('',#8736,#5991,#5992);
#5197=AXIS2_PLACEMENT_3D('',#8738,#5993,#5994);
#5198=AXIS2_PLACEMENT_3D('',#8741,#5996,#5997);
#5199=AXIS2_PLACEMENT_3D('',#8742,#5998,#5999);
#5200=AXIS2_PLACEMENT_3D('',#8744,#6000,#6001);
#5201=AXIS2_PLACEMENT_3D('',#8746,#6003,#6004);
#5202=AXIS2_PLACEMENT_3D('',#8748,#6005,#6006);
#5203=AXIS2_PLACEMENT_3D('',#8750,#6008,#6009);
#5204=AXIS2_PLACEMENT_3D('',#8777,#6012,#6013);
#5205=AXIS2_PLACEMENT_3D('',#8779,#6014,#6015);
#5206=AXIS2_PLACEMENT_3D('',#8782,#6017,#6018);
#5207=AXIS2_PLACEMENT_3D('',#8783,#6019,#6020);
#5208=AXIS2_PLACEMENT_3D('',#8785,#6022,#6023);
#5209=AXIS2_PLACEMENT_3D('',#8812,#6026,#6027);
#5210=AXIS2_PLACEMENT_3D('',#8835,#6040,#6041);
#5211=AXIS2_PLACEMENT_3D('',#8837,#6042,#6043);
#5212=AXIS2_PLACEMENT_3D('',#8840,#6045,#6046);
#5213=AXIS2_PLACEMENT_3D('',#8841,#6047,#6048);
#5214=AXIS2_PLACEMENT_3D('',#8868,#6051,#6052);
#5215=AXIS2_PLACEMENT_3D('',#8870,#6053,#6054);
#5216=AXIS2_PLACEMENT_3D('',#8873,#6056,#6057);
#5217=AXIS2_PLACEMENT_3D('',#8874,#6058,#6059);
#5218=AXIS2_PLACEMENT_3D('',#8876,#6060,#6061);
#5219=AXIS2_PLACEMENT_3D('',#8878,#6063,#6064);
#5220=AXIS2_PLACEMENT_3D('',#8880,#6065,#6066);
#5221=AXIS2_PLACEMENT_3D('',#8882,#6068,#6069);
#5222=AXIS2_PLACEMENT_3D('',#8906,#6083,#6084);
#5223=AXIS2_PLACEMENT_3D('',#8930,#6098,#6099);
#5224=AXIS2_PLACEMENT_3D('',#8957,#6114,#6115);
#5225=AXIS2_PLACEMENT_3D('',#8985,#6131,#6132);
#5226=AXIS2_PLACEMENT_3D('',#9013,#6148,#6149);
#5227=AXIS2_PLACEMENT_3D('',#9039,#6164,#6165);
#5228=AXIS2_PLACEMENT_3D('',#9040,#6166,#6167);
#5229=AXIS2_PLACEMENT_3D('',#9041,#6168,#6169);
#5230=AXIS2_PLACEMENT_3D('',#9043,#6170,#6171);
#5231=AXIS2_PLACEMENT_3D('',#9045,#6173,#6174);
#5232=AXIS2_PLACEMENT_3D('',#9047,#6175,#6176);
#5233=AXIS2_PLACEMENT_3D('',#9049,#6178,#6179);
#5234=AXIS2_PLACEMENT_3D('',#9050,#6180,#6181);
#5235=AXIS2_PLACEMENT_3D('',#9051,#6182,#6183);
#5236=AXIS2_PLACEMENT_3D('',#9053,#6184,#6185);
#5237=AXIS2_PLACEMENT_3D('',#9055,#6187,#6188);
#5238=AXIS2_PLACEMENT_3D('',#9057,#6189,#6190);
#5239=AXIS2_PLACEMENT_3D('',#9059,#6192,#6193);
#5240=AXIS2_PLACEMENT_3D('',#9060,#6194,#6195);
#5241=AXIS2_PLACEMENT_3D('',#9061,#6196,#6197);
#5242=AXIS2_PLACEMENT_3D('',#9063,#6198,#6199);
#5243=AXIS2_PLACEMENT_3D('',#9065,#6201,#6202);
#5244=AXIS2_PLACEMENT_3D('',#9067,#6203,#6204);
#5245=AXIS2_PLACEMENT_3D('',#9069,#6206,#6207);
#5246=AXIS2_PLACEMENT_3D('',#9070,#6208,#6209);
#5247=AXIS2_PLACEMENT_3D('',#9071,#6210,#6211);
#5248=AXIS2_PLACEMENT_3D('',#9073,#6212,#6213);
#5249=AXIS2_PLACEMENT_3D('',#9075,#6215,#6216);
#5250=AXIS2_PLACEMENT_3D('',#9077,#6217,#6218);
#5251=AXIS2_PLACEMENT_3D('',#9079,#6220,#6221);
#5252=AXIS2_PLACEMENT_3D('',#9080,#6222,#6223);
#5253=AXIS2_PLACEMENT_3D('',#9081,#6224,#6225);
#5254=AXIS2_PLACEMENT_3D('',#9083,#6226,#6227);
#5255=AXIS2_PLACEMENT_3D('',#9085,#6229,#6230);
#5256=AXIS2_PLACEMENT_3D('',#9087,#6231,#6232);
#5257=AXIS2_PLACEMENT_3D('',#9089,#6234,#6235);
#5258=AXIS2_PLACEMENT_3D('',#9090,#6236,#6237);
#5259=AXIS2_PLACEMENT_3D('',#9091,#6238,#6239);
#5260=AXIS2_PLACEMENT_3D('',#9093,#6240,#6241);
#5261=AXIS2_PLACEMENT_3D('',#9095,#6243,#6244);
#5262=AXIS2_PLACEMENT_3D('',#9097,#6245,#6246);
#5263=AXIS2_PLACEMENT_3D('',#9099,#6248,#6249);
#5264=AXIS2_PLACEMENT_3D('',#9100,#6250,#6251);
#5265=AXIS2_PLACEMENT_3D('',#9101,#6252,#6253);
#5266=AXIS2_PLACEMENT_3D('',#9103,#6254,#6255);
#5267=AXIS2_PLACEMENT_3D('',#9105,#6257,#6258);
#5268=AXIS2_PLACEMENT_3D('',#9107,#6259,#6260);
#5269=AXIS2_PLACEMENT_3D('',#9109,#6262,#6263);
#5270=AXIS2_PLACEMENT_3D('',#9110,#6264,#6265);
#5271=AXIS2_PLACEMENT_3D('',#9111,#6266,#6267);
#5272=AXIS2_PLACEMENT_3D('',#9113,#6268,#6269);
#5273=AXIS2_PLACEMENT_3D('',#9115,#6271,#6272);
#5274=AXIS2_PLACEMENT_3D('',#9117,#6273,#6274);
#5275=AXIS2_PLACEMENT_3D('',#9119,#6276,#6277);
#5276=AXIS2_PLACEMENT_3D('',#9120,#6278,#6279);
#5277=AXIS2_PLACEMENT_3D('',#9121,#6280,#6281);
#5278=AXIS2_PLACEMENT_3D('',#9123,#6282,#6283);
#5279=AXIS2_PLACEMENT_3D('',#9125,#6285,#6286);
#5280=AXIS2_PLACEMENT_3D('',#9127,#6287,#6288);
#5281=AXIS2_PLACEMENT_3D('',#9129,#6290,#6291);
#5282=AXIS2_PLACEMENT_3D('',#9130,#6292,#6293);
#5283=AXIS2_PLACEMENT_3D('',#9131,#6294,#6295);
#5284=AXIS2_PLACEMENT_3D('',#9133,#6296,#6297);
#5285=AXIS2_PLACEMENT_3D('',#9135,#6299,#6300);
#5286=AXIS2_PLACEMENT_3D('',#9137,#6301,#6302);
#5287=AXIS2_PLACEMENT_3D('',#9139,#6304,#6305);
#5288=AXIS2_PLACEMENT_3D('',#9140,#6306,#6307);
#5289=AXIS2_PLACEMENT_3D('',#9142,#6309,#6310);
#5290=AXIS2_PLACEMENT_3D('',#9144,#6312,#6313);
#5291=AXIS2_PLACEMENT_3D('',#9145,#6314,#6315);
#5292=AXIS2_PLACEMENT_3D('',#9146,#6316,#6317);
#5293=AXIS2_PLACEMENT_3D('',#9147,#6318,#6319);
#5294=AXIS2_PLACEMENT_3D('',#9148,#6320,#6321);
#5295=AXIS2_PLACEMENT_3D('',#9149,#6322,#6323);
#5296=AXIS2_PLACEMENT_3D('',#9150,#6324,#6325);
#5297=AXIS2_PLACEMENT_3D('',#9151,#6326,#6327);
#5298=AXIS2_PLACEMENT_3D('',#9156,#6330,#6331);
#5299=AXIS2_PLACEMENT_3D('',#9162,#6337,#6338);
#5300=AXIS2_PLACEMENT_3D('',#9163,#6339,#6340);
#5301=AXIS2_PLACEMENT_3D('',#9164,#6341,#6342);
#5302=AXIS2_PLACEMENT_3D('',#9165,#6343,#6344);
#5303=AXIS2_PLACEMENT_3D('',#9166,#6345,#6346);
#5304=AXIS2_PLACEMENT_3D('',#9168,#6347,#6348);
#5305=AXIS2_PLACEMENT_3D('',#9170,#6350,#6351);
#5306=AXIS2_PLACEMENT_3D('',#9172,#6352,#6353);
#5307=AXIS2_PLACEMENT_3D('',#9174,#6355,#6356);
#5308=AXIS2_PLACEMENT_3D('',#9176,#6357,#6358);
#5309=AXIS2_PLACEMENT_3D('',#9178,#6360,#6361);
#5310=AXIS2_PLACEMENT_3D('',#9180,#6362,#6363);
#5311=AXIS2_PLACEMENT_3D('',#9182,#6365,#6366);
#5312=AXIS2_PLACEMENT_3D('',#9184,#6367,#6368);
#5313=AXIS2_PLACEMENT_3D('',#9186,#6370,#6371);
#5314=AXIS2_PLACEMENT_3D('',#9188,#6372,#6373);
#5315=AXIS2_PLACEMENT_3D('',#9190,#6375,#6376);
#5316=AXIS2_PLACEMENT_3D('',#9192,#6377,#6378);
#5317=AXIS2_PLACEMENT_3D('',#9194,#6380,#6381);
#5318=AXIS2_PLACEMENT_3D('',#9196,#6382,#6383);
#5319=AXIS2_PLACEMENT_3D('',#9198,#6385,#6386);
#5320=AXIS2_PLACEMENT_3D('',#9200,#6387,#6388);
#5321=AXIS2_PLACEMENT_3D('',#9202,#6390,#6391);
#5322=AXIS2_PLACEMENT_3D('',#9204,#6392,#6393);
#5323=AXIS2_PLACEMENT_3D('',#9206,#6395,#6396);
#5324=AXIS2_PLACEMENT_3D('',#9208,#6398,#6399);
#5325=AXIS2_PLACEMENT_3D('',#9209,#6400,#6401);
#5326=AXIS2_PLACEMENT_3D('',#9210,#6402,#6403);
#5327=AXIS2_PLACEMENT_3D('',#9236,#6417,#6418);
#5328=AXIS2_PLACEMENT_3D('',#9261,#6432,#6433);
#5329=AXIS2_PLACEMENT_3D('',#9262,#6434,#6435);
#5330=AXIS2_PLACEMENT_3D('',#9263,#6436,#6437);
#5331=AXIS2_PLACEMENT_3D('',#9264,#6438,#6439);
#5332=AXIS2_PLACEMENT_3D('',#9265,#6440,#6441);
#5333=AXIS2_PLACEMENT_3D('',#9267,#6442,#6443);
#5334=AXIS2_PLACEMENT_3D('',#9269,#6445,#6446);
#5335=AXIS2_PLACEMENT_3D('',#9271,#6447,#6448);
#5336=AXIS2_PLACEMENT_3D('',#9273,#6450,#6451);
#5337=AXIS2_PLACEMENT_3D('',#9275,#6452,#6453);
#5338=AXIS2_PLACEMENT_3D('',#9277,#6455,#6456);
#5339=AXIS2_PLACEMENT_3D('',#9279,#6457,#6458);
#5340=AXIS2_PLACEMENT_3D('',#9281,#6460,#6461);
#5341=AXIS2_PLACEMENT_3D('',#9283,#6462,#6463);
#5342=AXIS2_PLACEMENT_3D('',#9285,#6465,#6466);
#5343=AXIS2_PLACEMENT_3D('',#9287,#6467,#6468);
#5344=AXIS2_PLACEMENT_3D('',#9289,#6470,#6471);
#5345=AXIS2_PLACEMENT_3D('',#9291,#6472,#6473);
#5346=AXIS2_PLACEMENT_3D('',#9293,#6475,#6476);
#5347=AXIS2_PLACEMENT_3D('',#9295,#6477,#6478);
#5348=AXIS2_PLACEMENT_3D('',#9297,#6480,#6481);
#5349=AXIS2_PLACEMENT_3D('',#9299,#6482,#6483);
#5350=AXIS2_PLACEMENT_3D('',#9301,#6485,#6486);
#5351=AXIS2_PLACEMENT_3D('',#9303,#6487,#6488);
#5352=AXIS2_PLACEMENT_3D('',#9305,#6490,#6491);
#5353=AXIS2_PLACEMENT_3D('',#9307,#6493,#6494);
#5354=AXIS2_PLACEMENT_3D('',#9309,#6495,#6496);
#5355=AXIS2_PLACEMENT_3D('',#9312,#6498,#6499);
#5356=AXIS2_PLACEMENT_3D('',#9313,#6500,#6501);
#5357=AXIS2_PLACEMENT_3D('',#9314,#6502,#6503);
#5358=AXIS2_PLACEMENT_3D('',#9315,#6504,#6505);
#5359=AXIS2_PLACEMENT_3D('',#9316,#6506,#6507);
#5360=AXIS2_PLACEMENT_3D('',#9317,#6508,#6509);
#5361=AXIS2_PLACEMENT_3D('',#9319,#6511,#6512);
#5362=AXIS2_PLACEMENT_3D('',#9320,#6513,#6514);
#5363=AXIS2_PLACEMENT_3D('',#9321,#6515,#6516);
#5364=AXIS2_PLACEMENT_3D('',#9323,#6517,#6518);
#5365=AXIS2_PLACEMENT_3D('',#9325,#6520,#6521);
#5366=AXIS2_PLACEMENT_3D('',#9326,#6522,#6523);
#5367=AXIS2_PLACEMENT_3D('',#9327,#6524,#6525);
#5368=AXIS2_PLACEMENT_3D('',#9328,#6526,#6527);
#5369=AXIS2_PLACEMENT_3D('',#9329,#6528,#6529);
#5370=AXIS2_PLACEMENT_3D('',#9331,#6530,#6531);
#5371=AXIS2_PLACEMENT_3D('',#9333,#6533,#6534);
#5372=AXIS2_PLACEMENT_3D('',#9334,#6535,#6536);
#5373=AXIS2_PLACEMENT_3D('',#9335,#6537,#6538);
#5374=AXIS2_PLACEMENT_3D('',#9336,#6539,#6540);
#5375=AXIS2_PLACEMENT_3D('',#9337,#6541,#6542);
#5376=AXIS2_PLACEMENT_3D('',#9339,#6543,#6544);
#5377=AXIS2_PLACEMENT_3D('',#9341,#6546,#6547);
#5378=AXIS2_PLACEMENT_3D('',#9342,#6548,#6549);
#5379=AXIS2_PLACEMENT_3D('',#9343,#6550,#6551);
#5380=AXIS2_PLACEMENT_3D('',#9344,#6552,#6553);
#5381=AXIS2_PLACEMENT_3D('',#9345,#6554,#6555);
#5382=AXIS2_PLACEMENT_3D('',#9347,#6556,#6557);
#5383=AXIS2_PLACEMENT_3D('',#9349,#6559,#6560);
#5384=AXIS2_PLACEMENT_3D('',#9350,#6561,#6562);
#5385=AXIS2_PLACEMENT_3D('',#9351,#6563,#6564);
#5386=AXIS2_PLACEMENT_3D('',#9352,#6565,#6566);
#5387=AXIS2_PLACEMENT_3D('',#9353,#6567,#6568);
#5388=AXIS2_PLACEMENT_3D('',#9355,#6569,#6570);
#5389=AXIS2_PLACEMENT_3D('',#9357,#6572,#6573);
#5390=AXIS2_PLACEMENT_3D('',#9358,#6574,#6575);
#5391=AXIS2_PLACEMENT_3D('',#9359,#6576,#6577);
#5392=AXIS2_PLACEMENT_3D('',#9360,#6578,#6579);
#5393=AXIS2_PLACEMENT_3D('',#9361,#6580,#6581);
#5394=AXIS2_PLACEMENT_3D('',#9363,#6582,#6583);
#5395=AXIS2_PLACEMENT_3D('',#9365,#6585,#6586);
#5396=AXIS2_PLACEMENT_3D('',#9366,#6587,#6588);
#5397=AXIS2_PLACEMENT_3D('',#9367,#6589,#6590);
#5398=AXIS2_PLACEMENT_3D('',#9368,#6591,#6592);
#5399=AXIS2_PLACEMENT_3D('',#9369,#6593,#6594);
#5400=AXIS2_PLACEMENT_3D('',#9371,#6595,#6596);
#5401=AXIS2_PLACEMENT_3D('',#9373,#6598,#6599);
#5402=AXIS2_PLACEMENT_3D('',#9374,#6600,#6601);
#5403=AXIS2_PLACEMENT_3D('',#9375,#6602,#6603);
#5404=AXIS2_PLACEMENT_3D('',#9376,#6604,#6605);
#5405=AXIS2_PLACEMENT_3D('',#9377,#6606,#6607);
#5406=AXIS2_PLACEMENT_3D('',#9379,#6608,#6609);
#5407=AXIS2_PLACEMENT_3D('',#9381,#6611,#6612);
#5408=AXIS2_PLACEMENT_3D('',#9382,#6613,#6614);
#5409=AXIS2_PLACEMENT_3D('',#9383,#6615,#6616);
#5410=AXIS2_PLACEMENT_3D('',#9384,#6617,#6618);
#5411=AXIS2_PLACEMENT_3D('',#9385,#6619,#6620);
#5412=AXIS2_PLACEMENT_3D('',#9387,#6621,#6622);
#5413=AXIS2_PLACEMENT_3D('',#9389,#6624,#6625);
#5414=AXIS2_PLACEMENT_3D('',#9390,#6626,#6627);
#5415=AXIS2_PLACEMENT_3D('',#9391,#6628,#6629);
#5416=AXIS2_PLACEMENT_3D('',#9392,#6630,#6631);
#5417=AXIS2_PLACEMENT_3D('',#9393,#6632,#6633);
#5418=AXIS2_PLACEMENT_3D('',#9395,#6635,#6636);
#5419=AXIS2_PLACEMENT_3D('',#9396,#6637,#6638);
#5420=AXIS2_PLACEMENT_3D('',#9397,#6639,#6640);
#5421=AXIS2_PLACEMENT_3D('',#9398,#6641,#6642);
#5422=AXIS2_PLACEMENT_3D('',#9399,#6643,#6644);
#5423=AXIS2_PLACEMENT_3D('',#9400,#6645,#6646);
#5424=AXIS2_PLACEMENT_3D('',#9401,#6647,#6648);
#5425=AXIS2_PLACEMENT_3D('',#9402,#6649,#6650);
#5426=AXIS2_PLACEMENT_3D('',#9403,#6651,#6652);
#5427=AXIS2_PLACEMENT_3D('',#9404,#6653,#6654);
#5428=AXIS2_PLACEMENT_3D('',#9405,#6655,#6656);
#5429=AXIS2_PLACEMENT_3D('',#9406,#6657,#6658);
#5430=AXIS2_PLACEMENT_3D('',#9407,#6659,#6660);
#5431=DIRECTION('axis',(0.,0.,1.));
#5432=DIRECTION('refdir',(1.,0.,0.));
#5433=DIRECTION('',(0.,-1.,0.));
#5434=DIRECTION('',(0.,-1.,0.));
#5435=DIRECTION('center_axis',(0.,-1.,0.));
#5436=DIRECTION('ref_axis',(1.,0.,0.));
#5437=DIRECTION('center_axis',(0.,-1.,0.));
#5438=DIRECTION('ref_axis',(1.,0.,0.));
#5439=DIRECTION('center_axis',(0.,1.,0.));
#5440=DIRECTION('ref_axis',(1.,0.,0.));
#5441=DIRECTION('',(0.,-1.,0.));
#5442=DIRECTION('',(0.,-1.,0.));
#5443=DIRECTION('center_axis',(0.,-1.,0.));
#5444=DIRECTION('ref_axis',(1.,0.,0.));
#5445=DIRECTION('center_axis',(0.,1.,0.));
#5446=DIRECTION('ref_axis',(1.,0.,0.));
#5447=DIRECTION('center_axis',(0.,-1.,0.));
#5448=DIRECTION('ref_axis',(1.,0.,0.));
#5449=DIRECTION('center_axis',(0.,-1.,0.));
#5450=DIRECTION('ref_axis',(1.,0.,0.));
#5451=DIRECTION('center_axis',(-0.999957305474637,0.,-0.0092405209757575));
#5452=DIRECTION('ref_axis',(0.0092405209757575,0.,-0.999957305474637));
#5453=DIRECTION('',(-0.0092405209757575,0.,0.999957305474637));
#5454=DIRECTION('',(0.,-1.,0.));
#5455=DIRECTION('',(0.,-1.,0.));
#5456=DIRECTION('',(0.,-1.,0.));
#5457=DIRECTION('center_axis',(1.12587793088517E-15,0.,1.));
#5458=DIRECTION('ref_axis',(-1.,0.,1.12587793088517E-15));
#5459=DIRECTION('',(1.,0.,-1.12587793088517E-15));
#5460=DIRECTION('',(-1.,0.,1.12587793088517E-15));
#5461=DIRECTION('',(0.,-1.,0.));
#5462=DIRECTION('',(0.,-1.,0.));
#5463=DIRECTION('center_axis',(0.999950989035369,0.,-0.00990048115938485));
#5464=DIRECTION('ref_axis',(0.00990048115938485,0.,0.999950989035369));
#5465=DIRECTION('',(-0.00990048115938485,0.,-0.999950989035369));
#5466=DIRECTION('',(0.,-1.,0.));
#5467=DIRECTION('center_axis',(2.25458751965917E-15,0.,1.));
#5468=DIRECTION('ref_axis',(-1.,0.,2.25458751965917E-15));
#5469=DIRECTION('',(1.,0.,-2.25458751965917E-15));
#5470=DIRECTION('',(-1.,0.,2.25458751965917E-15));
#5471=DIRECTION('',(0.,-1.,0.));
#5472=DIRECTION('center_axis',(0.,-1.,0.));
#5473=DIRECTION('ref_axis',(1.,0.,0.));
#5474=DIRECTION('center_axis',(0.,1.,0.));
#5475=DIRECTION('ref_axis',(1.,0.,0.));
#5476=DIRECTION('center_axis',(0.,-1.,0.));
#5477=DIRECTION('ref_axis',(1.,0.,0.));
#5478=DIRECTION('',(0.,-1.,0.));
#5479=DIRECTION('center_axis',(-2.94848437379992E-15,0.,1.));
#5480=DIRECTION('ref_axis',(-1.,0.,-2.94848437379992E-15));
#5481=DIRECTION('',(1.,0.,2.94848437379992E-15));
#5482=DIRECTION('',(-1.,0.,-2.94848437379992E-15));
#5483=DIRECTION('center_axis',(0.,-1.,0.));
#5484=DIRECTION('ref_axis',(1.,0.,0.));
#5485=DIRECTION('center_axis',(0.,-1.,0.));
#5486=DIRECTION('ref_axis',(-0.999999932810758,0.,0.000366576702714112));
#5487=DIRECTION('center_axis',(0.,-1.,0.));
#5488=DIRECTION('ref_axis',(1.,0.,0.));
#5489=DIRECTION('',(0.,-1.,0.));
#5490=DIRECTION('center_axis',(0.,1.,0.));
#5491=DIRECTION('ref_axis',(1.,0.,0.));
#5492=DIRECTION('',(0.,-1.,0.));
#5493=DIRECTION('',(0.,-1.,0.));
#5494=DIRECTION('center_axis',(0.,-1.,0.));
#5495=DIRECTION('ref_axis',(-0.99999990873399,0.,0.000427237653127876));
#5496=DIRECTION('center_axis',(0.,1.,0.));
#5497=DIRECTION('ref_axis',(1.,0.,0.));
#5498=DIRECTION('center_axis',(0.,-1.,0.));
#5499=DIRECTION('ref_axis',(1.,0.,0.));
#5500=DIRECTION('',(0.,-1.,0.));
#5501=DIRECTION('center_axis',(0.,-1.,0.));
#5502=DIRECTION('ref_axis',(1.,0.,0.));
#5503=DIRECTION('center_axis',(0.,-1.,0.));
#5504=DIRECTION('ref_axis',(1.,0.,0.));
#5505=DIRECTION('center_axis',(0.,-1.,0.));
#5506=DIRECTION('ref_axis',(1.,0.,0.));
#5507=DIRECTION('',(0.,-1.,0.));
#5508=DIRECTION('center_axis',(0.,1.,0.));
#5509=DIRECTION('ref_axis',(1.,0.,0.));
#5510=DIRECTION('',(0.,-1.,0.));
#5511=DIRECTION('',(0.,-1.,0.));
#5512=DIRECTION('center_axis',(0.,-1.,0.));
#5513=DIRECTION('ref_axis',(1.,0.,0.));
#5514=DIRECTION('center_axis',(0.,1.,0.));
#5515=DIRECTION('ref_axis',(1.,0.,0.));
#5516=DIRECTION('center_axis',(0.,-1.,0.));
#5517=DIRECTION('ref_axis',(1.,0.,0.));
#5518=DIRECTION('',(0.,-1.,0.));
#5519=DIRECTION('center_axis',(0.,-1.,0.));
#5520=DIRECTION('ref_axis',(1.,0.,0.));
#5521=DIRECTION('',(0.,-1.,0.));
#5522=DIRECTION('',(0.,-1.,0.));
#5523=DIRECTION('center_axis',(0.,-1.,0.));
#5524=DIRECTION('ref_axis',(1.,0.,0.));
#5525=DIRECTION('center_axis',(0.,-1.,0.));
#5526=DIRECTION('ref_axis',(1.,0.,0.));
#5527=DIRECTION('center_axis',(0.,1.,0.));
#5528=DIRECTION('ref_axis',(1.,0.,0.));
#5529=DIRECTION('',(0.,-1.,0.));
#5530=DIRECTION('',(0.,-1.,0.));
#5531=DIRECTION('center_axis',(0.,-1.,0.));
#5532=DIRECTION('ref_axis',(1.,0.,0.));
#5533=DIRECTION('center_axis',(0.,1.,0.));
#5534=DIRECTION('ref_axis',(1.,0.,0.));
#5535=DIRECTION('center_axis',(0.,-1.,0.));
#5536=DIRECTION('ref_axis',(1.,0.,0.));
#5537=DIRECTION('center_axis',(0.,-1.,0.));
#5538=DIRECTION('ref_axis',(1.,0.,0.));
#5539=DIRECTION('center_axis',(0.,-1.,0.));
#5540=DIRECTION('ref_axis',(-0.999999807608858,0.,0.000620308187925609));
#5541=DIRECTION('center_axis',(0.,-1.,0.));
#5542=DIRECTION('ref_axis',(1.,0.,0.));
#5543=DIRECTION('',(0.,-1.,0.));
#5544=DIRECTION('center_axis',(0.,1.,0.));
#5545=DIRECTION('ref_axis',(1.,0.,0.));
#5546=DIRECTION('',(0.,-1.,0.));
#5547=DIRECTION('',(0.,-1.,0.));
#5548=DIRECTION('center_axis',(0.,-1.,0.));
#5549=DIRECTION('ref_axis',(-0.999999660348957,0.,0.000824197773676072));
#5550=DIRECTION('center_axis',(0.,1.,0.));
#5551=DIRECTION('ref_axis',(1.,0.,0.));
#5552=DIRECTION('center_axis',(0.,-1.,0.));
#5553=DIRECTION('ref_axis',(1.,0.,0.));
#5554=DIRECTION('',(0.,-1.,0.));
#5555=DIRECTION('',(0.,-1.,0.));
#5556=DIRECTION('center_axis',(0.,-1.,0.));
#5557=DIRECTION('ref_axis',(1.,0.,0.));
#5558=DIRECTION('',(0.,-1.,0.));
#5559=DIRECTION('',(0.,-1.,0.));
#5560=DIRECTION('center_axis',(0.,-1.,0.));
#5561=DIRECTION('ref_axis',(1.,0.,0.));
#5562=DIRECTION('center_axis',(0.,-1.,0.));
#5563=DIRECTION('ref_axis',(1.,0.,0.));
#5564=DIRECTION('center_axis',(0.,1.,0.));
#5565=DIRECTION('ref_axis',(1.,0.,0.));
#5566=DIRECTION('',(0.,-1.,0.));
#5567=DIRECTION('',(0.,-1.,0.));
#5568=DIRECTION('center_axis',(0.,-1.,0.));
#5569=DIRECTION('ref_axis',(1.,0.,0.));
#5570=DIRECTION('center_axis',(0.,1.,0.));
#5571=DIRECTION('ref_axis',(1.,0.,0.));
#5572=DIRECTION('center_axis',(0.,-1.,0.));
#5573=DIRECTION('ref_axis',(1.,0.,0.));
#5574=DIRECTION('center_axis',(0.,-1.,0.));
#5575=DIRECTION('ref_axis',(1.,0.,0.));
#5576=DIRECTION('center_axis',(0.,-1.,0.));
#5577=DIRECTION('ref_axis',(1.,0.,0.));
#5578=DIRECTION('center_axis',(0.,1.,0.));
#5579=DIRECTION('ref_axis',(1.,0.,0.));
#5580=DIRECTION('',(0.,1.,0.));
#5581=DIRECTION('center_axis',(0.,-1.,0.));
#5582=DIRECTION('ref_axis',(1.,0.,0.));
#5583=DIRECTION('center_axis',(0.,-1.,0.));
#5584=DIRECTION('ref_axis',(1.,0.,0.));
#5585=DIRECTION('center_axis',(0.,-1.,0.));
#5586=DIRECTION('ref_axis',(1.,0.,0.));
#5587=DIRECTION('',(0.,1.,0.));
#5588=DIRECTION('center_axis',(0.,1.,0.));
#5589=DIRECTION('ref_axis',(1.,0.,0.));
#5590=DIRECTION('center_axis',(0.,-1.,0.));
#5591=DIRECTION('ref_axis',(1.,0.,0.));
#5592=DIRECTION('center_axis',(0.,-1.,0.));
#5593=DIRECTION('ref_axis',(1.,0.,0.));
#5594=DIRECTION('center_axis',(0.,-1.,0.));
#5595=DIRECTION('ref_axis',(1.,0.,0.));
#5596=DIRECTION('',(0.,-1.,0.));
#5597=DIRECTION('',(0.,-1.,0.));
#5598=DIRECTION('',(0.,-1.,0.));
#5599=DIRECTION('',(0.,-1.,0.));
#5600=DIRECTION('',(0.,-1.,0.));
#5601=DIRECTION('',(0.,-1.,0.));
#5602=DIRECTION('',(0.,-1.,0.));
#5603=DIRECTION('',(0.,-1.,0.));
#5604=DIRECTION('',(0.,-1.,0.));
#5605=DIRECTION('',(0.,-1.,0.));
#5606=DIRECTION('',(0.,-1.,0.));
#5607=DIRECTION('',(0.,-1.,0.));
#5608=DIRECTION('',(0.,-1.,0.));
#5609=DIRECTION('',(0.,-1.,0.));
#5610=DIRECTION('center_axis',(-3.2770502064867E-16,0.,1.));
#5611=DIRECTION('ref_axis',(-1.,0.,-3.2770502064867E-16));
#5612=DIRECTION('',(1.,0.,3.2770502064867E-16));
#5613=DIRECTION('',(-1.,0.,-3.2770502064867E-16));
#5614=DIRECTION('',(0.,-1.,0.));
#5615=DIRECTION('',(0.,-1.,0.));
#5616=DIRECTION('',(0.,-1.,0.));
#5617=DIRECTION('center_axis',(-0.707115210413563,0.,0.707098351859048));
#5618=DIRECTION('ref_axis',(-0.707098351859048,0.,-0.707115210413563));
#5619=DIRECTION('',(0.707098351859048,0.,0.707115210413563));
#5620=DIRECTION('',(-0.707098351859048,0.,-0.707115210413563));
#5621=DIRECTION('',(0.,-1.,0.));
#5622=DIRECTION('',(0.,-1.,0.));
#5623=DIRECTION('',(0.,-1.,0.));
#5624=DIRECTION('',(0.,-1.,0.));
#5625=DIRECTION('',(0.,-1.,0.));
#5626=DIRECTION('center_axis',(0.,0.,1.));
#5627=DIRECTION('ref_axis',(-1.,0.,0.));
#5628=DIRECTION('',(1.,0.,0.));
#5629=DIRECTION('',(0.,-1.,0.));
#5630=DIRECTION('',(0.,-1.,0.));
#5631=DIRECTION('',(0.,-1.,0.));
#5632=DIRECTION('',(0.,-1.,0.));
#5633=DIRECTION('',(0.,-1.,0.));
#5634=DIRECTION('center_axis',(0.70710678118655,0.,0.707106781186545));
#5635=DIRECTION('ref_axis',(-0.707106781186545,0.,0.70710678118655));
#5636=DIRECTION('',(0.707106781186545,0.,-0.70710678118655));
#5637=DIRECTION('',(-0.707106781186545,0.,0.70710678118655));
#5638=DIRECTION('',(0.,-1.,0.));
#5639=DIRECTION('',(0.,-1.,0.));
#5640=DIRECTION('',(0.,-1.,0.));
#5641=DIRECTION('center_axis',(3.27704998132543E-16,0.,1.));
#5642=DIRECTION('ref_axis',(-1.,0.,3.27704998132543E-16));
#5643=DIRECTION('',(1.,0.,-3.27704998132543E-16));
#5644=DIRECTION('',(-1.,0.,3.27704998132543E-16));
#5645=DIRECTION('',(0.,-1.,0.));
#5646=DIRECTION('',(0.,-1.,0.));
#5647=DIRECTION('center_axis',(0.00038146096771279,0.,0.999999927243762));
#5648=DIRECTION('ref_axis',(-0.999999927243762,0.,0.00038146096771279));
#5649=DIRECTION('',(0.999999927243762,0.,-0.00038146096771279));
#5650=DIRECTION('',(-0.999999927243762,0.,0.00038146096771279));
#5651=DIRECTION('',(0.,-1.,0.));
#5652=DIRECTION('',(0.,-1.,0.));
#5653=DIRECTION('',(0.,-1.,0.));
#5654=DIRECTION('',(0.,-1.,0.));
#5655=DIRECTION('',(0.,-1.,0.));
#5656=DIRECTION('',(0.,-1.,0.));
#5657=DIRECTION('',(0.,-1.,0.));
#5658=DIRECTION('',(0.,-1.,0.));
#5659=DIRECTION('',(0.,-1.,0.));
#5660=DIRECTION('',(0.,-1.,0.));
#5661=DIRECTION('center_axis',(-0.000381460967877289,0.,-0.999999927243762));
#5662=DIRECTION('ref_axis',(0.999999927243762,0.,-0.000381460967877289));
#5663=DIRECTION('',(-0.999999927243762,0.,0.000381460967877289));
#5664=DIRECTION('',(0.999999927243762,0.,-0.000381460967877289));
#5665=DIRECTION('',(0.,-1.,0.));
#5666=DIRECTION('',(0.,-1.,0.));
#5667=DIRECTION('center_axis',(-2.52757766600093E-16,0.,-1.));
#5668=DIRECTION('ref_axis',(1.,0.,-2.52757766600093E-16));
#5669=DIRECTION('',(-1.,0.,2.52757766600093E-16));
#5670=DIRECTION('',(1.,0.,-2.52757766600093E-16));
#5671=DIRECTION('',(0.,-1.,0.));
#5672=DIRECTION('',(0.,-1.,0.));
#5673=DIRECTION('',(0.,-1.,0.));
#5674=DIRECTION('',(0.,-1.,0.));
#5675=DIRECTION('center_axis',(0.,0.,-1.));
#5676=DIRECTION('ref_axis',(1.,0.,0.));
#5677=DIRECTION('',(-1.,0.,0.));
#5678=DIRECTION('',(0.,-1.,0.));
#5679=DIRECTION('',(0.,-1.,0.));
#5680=DIRECTION('',(0.,-1.,0.));
#5681=DIRECTION('',(0.,-1.,0.));
#5682=DIRECTION('center_axis',(5.05530345319771E-16,0.,-1.));
#5683=DIRECTION('ref_axis',(1.,0.,5.05530345319771E-16));
#5684=DIRECTION('',(-1.,0.,-5.05530345319771E-16));
#5685=DIRECTION('',(1.,0.,5.05530345319771E-16));
#5686=DIRECTION('center_axis',(0.,-1.,0.));
#5687=DIRECTION('ref_axis',(1.,0.,0.));
#5688=DIRECTION('center_axis',(0.,-1.,0.));
#5689=DIRECTION('ref_axis',(1.,0.,0.));
#5690=DIRECTION('center_axis',(0.,-1.,0.));
#5691=DIRECTION('ref_axis',(1.,0.,0.));
#5692=DIRECTION('center_axis',(0.,1.,0.));
#5693=DIRECTION('ref_axis',(1.,0.,0.));
#5694=DIRECTION('',(0.,1.,0.));
#5695=DIRECTION('center_axis',(0.,-1.,0.));
#5696=DIRECTION('ref_axis',(1.,0.,0.));
#5697=DIRECTION('center_axis',(0.,-1.,0.));
#5698=DIRECTION('ref_axis',(1.,0.,0.));
#5699=DIRECTION('',(0.,1.,0.));
#5700=DIRECTION('center_axis',(0.,1.,0.));
#5701=DIRECTION('ref_axis',(1.,0.,0.));
#5702=DIRECTION('center_axis',(0.,-1.,0.));
#5703=DIRECTION('ref_axis',(1.,0.,0.));
#5704=DIRECTION('center_axis',(0.,-1.,0.));
#5705=DIRECTION('ref_axis',(1.,0.,0.));
#5706=DIRECTION('center_axis',(0.,-1.,0.));
#5707=DIRECTION('ref_axis',(1.,0.,0.));
#5708=DIRECTION('center_axis',(0.,1.,0.));
#5709=DIRECTION('ref_axis',(1.,0.,0.));
#5710=DIRECTION('center_axis',(0.,1.,0.));
#5711=DIRECTION('ref_axis',(1.,0.,0.));
#5712=DIRECTION('',(0.,-1.,0.));
#5713=DIRECTION('center_axis',(0.,-1.,0.));
#5714=DIRECTION('ref_axis',(1.,0.,0.));
#5715=DIRECTION('center_axis',(0.,1.,0.));
#5716=DIRECTION('ref_axis',(1.,0.,0.));
#5717=DIRECTION('',(0.,1.,0.));
#5718=DIRECTION('center_axis',(0.,-1.,0.));
#5719=DIRECTION('ref_axis',(1.,0.,0.));
#5720=DIRECTION('',(0.,-1.,0.));
#5721=DIRECTION('center_axis',(0.,-1.,0.));
#5722=DIRECTION('ref_axis',(1.,0.,0.));
#5723=DIRECTION('center_axis',(0.,1.,0.));
#5724=DIRECTION('ref_axis',(1.,0.,0.));
#5725=DIRECTION('',(0.,1.,0.));
#5726=DIRECTION('center_axis',(0.,-1.,0.));
#5727=DIRECTION('ref_axis',(1.,0.,0.));
#5728=DIRECTION('',(0.,-1.,0.));
#5729=DIRECTION('center_axis',(0.,-1.,0.));
#5730=DIRECTION('ref_axis',(1.,0.,0.));
#5731=DIRECTION('center_axis',(0.,1.,0.));
#5732=DIRECTION('ref_axis',(1.,0.,0.));
#5733=DIRECTION('',(0.,1.,0.));
#5734=DIRECTION('center_axis',(0.,-1.,0.));
#5735=DIRECTION('ref_axis',(1.,0.,0.));
#5736=DIRECTION('',(0.,-1.,0.));
#5737=DIRECTION('center_axis',(0.,-1.,0.));
#5738=DIRECTION('ref_axis',(1.,0.,0.));
#5739=DIRECTION('center_axis',(0.,1.,0.));
#5740=DIRECTION('ref_axis',(1.,0.,0.));
#5741=DIRECTION('',(0.,1.,0.));
#5742=DIRECTION('center_axis',(0.,-1.,0.));
#5743=DIRECTION('ref_axis',(1.,0.,0.));
#5744=DIRECTION('',(0.,-1.,0.));
#5745=DIRECTION('center_axis',(0.,-1.,0.));
#5746=DIRECTION('ref_axis',(1.,0.,0.));
#5747=DIRECTION('center_axis',(0.,1.,0.));
#5748=DIRECTION('ref_axis',(1.,0.,0.));
#5749=DIRECTION('',(0.,1.,0.));
#5750=DIRECTION('center_axis',(0.,-1.,0.));
#5751=DIRECTION('ref_axis',(1.,0.,0.));
#5752=DIRECTION('',(0.,-1.,0.));
#5753=DIRECTION('center_axis',(0.,-1.,0.));
#5754=DIRECTION('ref_axis',(1.,0.,0.));
#5755=DIRECTION('center_axis',(0.,1.,0.));
#5756=DIRECTION('ref_axis',(1.,0.,0.));
#5757=DIRECTION('',(0.,1.,0.));
#5758=DIRECTION('center_axis',(0.,-1.,0.));
#5759=DIRECTION('ref_axis',(1.,0.,0.));
#5760=DIRECTION('',(0.,-1.,0.));
#5761=DIRECTION('center_axis',(0.,-1.,0.));
#5762=DIRECTION('ref_axis',(1.,0.,0.));
#5763=DIRECTION('center_axis',(0.,1.,0.));
#5764=DIRECTION('ref_axis',(1.,0.,0.));
#5765=DIRECTION('',(0.,1.,0.));
#5766=DIRECTION('center_axis',(0.,-1.,0.));
#5767=DIRECTION('ref_axis',(1.,0.,0.));
#5768=DIRECTION('',(0.,-1.,0.));
#5769=DIRECTION('center_axis',(0.,1.,0.));
#5770=DIRECTION('ref_axis',(0.,0.,1.));
#5771=DIRECTION('center_axis',(0.147809411129611,0.,0.989015863361917));
#5772=DIRECTION('ref_axis',(0.989015863361917,0.,-0.147809411129611));
#5773=DIRECTION('center_axis',(0.,1.,0.));
#5774=DIRECTION('ref_axis',(0.908143173825081,0.,-0.418659737537428));
#5775=DIRECTION('center_axis',(-0.656059028990507,0.,-0.754709580222772));
#5776=DIRECTION('ref_axis',(0.754709580222772,0.,-0.656059028990507));
#5777=DIRECTION('center_axis',(0.,-1.,0.));
#5778=DIRECTION('ref_axis',(0.908143173825081,0.,-0.418659737537428));
#5779=DIRECTION('center_axis',(0.,1.,0.));
#5780=DIRECTION('ref_axis',(-1.,0.,0.));
#5781=DIRECTION('',(0.,1.,0.));
#5782=DIRECTION('center_axis',(0.,-1.,0.));
#5783=DIRECTION('ref_axis',(-1.,0.,0.));
#5784=DIRECTION('',(0.,-1.,0.));
#5785=DIRECTION('center_axis',(0.,1.,0.));
#5786=DIRECTION('ref_axis',(0.,0.,1.));
#5787=DIRECTION('center_axis',(0.754709580222772,0.,0.656059028990507));
#5788=DIRECTION('ref_axis',(0.656059028990507,0.,-0.754709580222772));
#5789=DIRECTION('center_axis',(0.,1.,0.));
#5790=DIRECTION('ref_axis',(0.418659737537428,0.,-0.908143173825081));
#5791=DIRECTION('center_axis',(-0.989015863361917,0.,-0.147809411129611));
#5792=DIRECTION('ref_axis',(0.147809411129611,0.,-0.989015863361917));
#5793=DIRECTION('center_axis',(0.,-1.,0.));
#5794=DIRECTION('ref_axis',(0.418659737537428,0.,-0.908143173825081));
#5795=DIRECTION('center_axis',(0.,1.,0.));
#5796=DIRECTION('ref_axis',(-1.,0.,0.));
#5797=DIRECTION('',(0.,1.,0.));
#5798=DIRECTION('center_axis',(0.,-1.,0.));
#5799=DIRECTION('ref_axis',(-1.,0.,0.));
#5800=DIRECTION('',(0.,-1.,0.));
#5801=DIRECTION('center_axis',(0.,1.,0.));
#5802=DIRECTION('ref_axis',(0.,0.,1.));
#5803=DIRECTION('center_axis',(0.989015863361917,0.,-0.147809411129611));
#5804=DIRECTION('ref_axis',(-0.147809411129611,0.,-0.989015863361917));
#5805=DIRECTION('center_axis',(0.,1.,0.));
#5806=DIRECTION('ref_axis',(-0.418659737537428,0.,-0.908143173825081));
#5807=DIRECTION('center_axis',(-0.754709580222772,0.,0.656059028990507));
#5808=DIRECTION('ref_axis',(-0.656059028990507,0.,-0.754709580222772));
#5809=DIRECTION('center_axis',(0.,-1.,0.));
#5810=DIRECTION('ref_axis',(-0.418659737537428,0.,-0.908143173825081));
#5811=DIRECTION('center_axis',(0.,1.,0.));
#5812=DIRECTION('ref_axis',(-1.,0.,0.));
#5813=DIRECTION('',(0.,1.,0.));
#5814=DIRECTION('center_axis',(0.,-1.,0.));
#5815=DIRECTION('ref_axis',(-1.,0.,0.));
#5816=DIRECTION('',(0.,-1.,0.));
#5817=DIRECTION('center_axis',(0.,1.,0.));
#5818=DIRECTION('ref_axis',(0.,0.,1.));
#5819=DIRECTION('center_axis',(0.656059028990507,0.,-0.754709580222772));
#5820=DIRECTION('ref_axis',(-0.754709580222772,0.,-0.656059028990507));
#5821=DIRECTION('center_axis',(0.,1.,0.));
#5822=DIRECTION('ref_axis',(-0.908143173825081,0.,-0.418659737537428));
#5823=DIRECTION('center_axis',(-0.147809411129611,0.,0.989015863361917));
#5824=DIRECTION('ref_axis',(-0.989015863361917,0.,-0.147809411129611));
#5825=DIRECTION('center_axis',(0.,-1.,0.));
#5826=DIRECTION('ref_axis',(-0.908143173825081,0.,-0.418659737537428));
#5827=DIRECTION('center_axis',(0.,1.,0.));
#5828=DIRECTION('ref_axis',(-1.,0.,0.));
#5829=DIRECTION('',(0.,1.,0.));
#5830=DIRECTION('center_axis',(0.,-1.,0.));
#5831=DIRECTION('ref_axis',(-1.,0.,0.));
#5832=DIRECTION('',(0.,-1.,0.));
#5833=DIRECTION('center_axis',(0.,1.,0.));
#5834=DIRECTION('ref_axis',(0.,0.,1.));
#5835=DIRECTION('center_axis',(-0.147809411129611,0.,-0.989015863361917));
#5836=DIRECTION('ref_axis',(-0.989015863361917,0.,0.147809411129611));
#5837=DIRECTION('center_axis',(0.,1.,0.));
#5838=DIRECTION('ref_axis',(-0.908143173825081,0.,0.418659737537428));
#5839=DIRECTION('center_axis',(0.656059028990507,0.,0.754709580222772));
#5840=DIRECTION('ref_axis',(-0.754709580222772,0.,0.656059028990507));
#5841=DIRECTION('center_axis',(0.,-1.,0.));
#5842=DIRECTION('ref_axis',(-0.908143173825081,0.,0.418659737537428));
#5843=DIRECTION('center_axis',(0.,1.,0.));
#5844=DIRECTION('ref_axis',(-1.,0.,0.));
#5845=DIRECTION('',(0.,1.,0.));
#5846=DIRECTION('center_axis',(0.,-1.,0.));
#5847=DIRECTION('ref_axis',(-1.,0.,0.));
#5848=DIRECTION('',(0.,-1.,0.));
#5849=DIRECTION('center_axis',(0.,1.,0.));
#5850=DIRECTION('ref_axis',(0.,0.,1.));
#5851=DIRECTION('center_axis',(-0.754709580222772,0.,-0.656059028990508));
#5852=DIRECTION('ref_axis',(-0.656059028990507,0.,0.754709580222772));
#5853=DIRECTION('center_axis',(0.,1.,0.));
#5854=DIRECTION('ref_axis',(-0.418659737537428,0.,0.908143173825081));
#5855=DIRECTION('center_axis',(0.989015863361917,0.,0.147809411129611));
#5856=DIRECTION('ref_axis',(-0.147809411129611,0.,0.989015863361917));
#5857=DIRECTION('center_axis',(0.,-1.,0.));
#5858=DIRECTION('ref_axis',(-0.418659737537428,0.,0.908143173825081));
#5859=DIRECTION('center_axis',(0.,1.,0.));
#5860=DIRECTION('ref_axis',(-1.,0.,0.));
#5861=DIRECTION('',(0.,1.,0.));
#5862=DIRECTION('center_axis',(0.,-1.,0.));
#5863=DIRECTION('ref_axis',(-1.,0.,0.));
#5864=DIRECTION('',(0.,-1.,0.));
#5865=DIRECTION('center_axis',(0.,1.,0.));
#5866=DIRECTION('ref_axis',(0.,0.,1.));
#5867=DIRECTION('center_axis',(-0.989015863361917,0.,0.147809411129611));
#5868=DIRECTION('ref_axis',(0.147809411129611,0.,0.989015863361917));
#5869=DIRECTION('center_axis',(0.,1.,0.));
#5870=DIRECTION('ref_axis',(0.418659737537428,0.,0.908143173825081));
#5871=DIRECTION('center_axis',(0.754709580222772,0.,-0.656059028990507));
#5872=DIRECTION('ref_axis',(0.656059028990507,0.,0.754709580222772));
#5873=DIRECTION('center_axis',(0.,-1.,0.));
#5874=DIRECTION('ref_axis',(0.418659737537428,0.,0.908143173825081));
#5875=DIRECTION('center_axis',(0.,1.,0.));
#5876=DIRECTION('ref_axis',(-1.,0.,0.));
#5877=DIRECTION('',(0.,1.,0.));
#5878=DIRECTION('center_axis',(0.,-1.,0.));
#5879=DIRECTION('ref_axis',(-1.,0.,0.));
#5880=DIRECTION('',(0.,-1.,0.));
#5881=DIRECTION('center_axis',(0.,1.,0.));
#5882=DIRECTION('ref_axis',(0.,0.,1.));
#5883=DIRECTION('center_axis',(-0.656059028990507,0.,0.754709580222772));
#5884=DIRECTION('ref_axis',(0.754709580222772,0.,0.656059028990507));
#5885=DIRECTION('center_axis',(0.,1.,0.));
#5886=DIRECTION('ref_axis',(0.908143173825081,0.,0.418659737537428));
#5887=DIRECTION('center_axis',(0.147809411129611,0.,-0.989015863361917));
#5888=DIRECTION('ref_axis',(0.989015863361917,0.,0.147809411129611));
#5889=DIRECTION('center_axis',(0.,-1.,0.));
#5890=DIRECTION('ref_axis',(0.908143173825081,0.,0.418659737537428));
#5891=DIRECTION('center_axis',(0.,1.,0.));
#5892=DIRECTION('ref_axis',(-1.,0.,0.));
#5893=DIRECTION('',(0.,1.,0.));
#5894=DIRECTION('center_axis',(0.,-1.,0.));
#5895=DIRECTION('ref_axis',(-1.,0.,0.));
#5896=DIRECTION('',(0.,-1.,0.));
#5897=DIRECTION('center_axis',(-0.989015863361917,0.,0.147809411129611));
#5898=DIRECTION('ref_axis',(-0.104517036932938,0.707106781186547,-0.699339823684279));
#5899=DIRECTION('',(-0.989015863361917,0.,0.147809411129611));
#5900=DIRECTION('',(0.989015863361917,0.,-0.147809411129611));
#5901=DIRECTION('center_axis',(0.,-1.,0.));
#5902=DIRECTION('ref_axis',(-1.,0.,0.));
#5903=DIRECTION('center_axis',(0.,-1.,0.));
#5904=DIRECTION('ref_axis',(-1.,0.,0.));
#5905=DIRECTION('',(0.,1.,0.));
#5906=DIRECTION('center_axis',(0.,1.,0.));
#5907=DIRECTION('ref_axis',(-1.,0.,0.));
#5908=DIRECTION('center_axis',(0.,1.,0.));
#5909=DIRECTION('ref_axis',(-1.,0.,0.));
#5910=DIRECTION('center_axis',(0.,-1.,0.));
#5911=DIRECTION('ref_axis',(1.,0.,0.));
#5912=DIRECTION('',(-0.578141080098311,0.642787609686539,0.50257037351621));
#5913=DIRECTION('center_axis',(0.,-1.,0.));
#5914=DIRECTION('ref_axis',(1.,0.,0.));
#5915=DIRECTION('center_axis',(0.,1.,0.));
#5916=DIRECTION('ref_axis',(1.,0.,0.));
#5917=DIRECTION('',(0.,1.,0.));
#5918=DIRECTION('center_axis',(0.989015863361917,0.,0.147809411129611));
#5919=DIRECTION('ref_axis',(-0.104517036932938,0.707106781186547,0.699339823684279));
#5920=DIRECTION('',(-0.989015863361917,0.,-0.147809411129611));
#5921=DIRECTION('',(0.989015863361917,0.,0.147809411129611));
#5922=DIRECTION('center_axis',(0.147809411129611,0.,-0.989015863361917));
#5923=DIRECTION('ref_axis',(-0.989015863361917,0.,-0.147809411129611));
#5924=DIRECTION('',(0.989015863361917,0.,0.147809411129611));
#5925=DIRECTION('',(0.,1.,0.));
#5926=DIRECTION('',(-0.757630106284915,0.642787609686539,-0.113228578036527));
#5927=DIRECTION('',(0.,1.,0.));
#5928=DIRECTION('',(0.989015863361917,0.,0.147809411129611));
#5929=DIRECTION('',(0.,1.,0.));
#5930=DIRECTION('',(-0.757630106284915,0.642787609686539,-0.113228578036527));
#5931=DIRECTION('',(0.,1.,0.));
#5932=DIRECTION('',(0.989015863361917,0.,0.147809411129611));
#5933=DIRECTION('',(0.,1.,0.));
#5934=DIRECTION('',(-0.757630106284915,0.642787609686539,-0.113228578036527));
#5935=DIRECTION('',(-0.989015863361917,0.,-0.147809411129611));
#5936=DIRECTION('center_axis',(0.,-1.,0.));
#5937=DIRECTION('ref_axis',(1.,0.,0.));
#5938=DIRECTION('center_axis',(0.,-1.,0.));
#5939=DIRECTION('ref_axis',(1.,0.,0.));
#5940=DIRECTION('',(0.,-1.,0.));
#5941=DIRECTION('center_axis',(0.,1.,0.));
#5942=DIRECTION('ref_axis',(1.,0.,0.));
#5943=DIRECTION('center_axis',(-0.989015863361917,0.,-0.147809411129611));
#5944=DIRECTION('ref_axis',(0.104517036932938,0.707106781186547,-0.699339823684279));
#5945=DIRECTION('',(0.989015863361917,0.,0.147809411129611));
#5946=DIRECTION('',(-0.989015863361917,0.,-0.147809411129611));
#5947=DIRECTION('center_axis',(0.,-1.,0.));
#5948=DIRECTION('ref_axis',(-1.,0.,0.));
#5949=DIRECTION('center_axis',(0.,1.,0.));
#5950=DIRECTION('ref_axis',(-1.,0.,0.));
#5951=DIRECTION('',(0.,-1.,0.));
#5952=DIRECTION('center_axis',(0.,-1.,0.));
#5953=DIRECTION('ref_axis',(-1.,0.,0.));
#5954=DIRECTION('center_axis',(0.,1.,0.));
#5955=DIRECTION('ref_axis',(-1.,0.,0.));
#5956=DIRECTION('',(0.754709580222772,0.,0.656059028990507));
#5957=DIRECTION('center_axis',(0.989015863361917,0.,-0.147809411129611));
#5958=DIRECTION('ref_axis',(0.104517036932938,0.707106781186547,0.699339823684279));
#5959=DIRECTION('',(0.989015863361917,0.,-0.147809411129611));
#5960=DIRECTION('',(-0.989015863361917,0.,0.147809411129611));
#5961=DIRECTION('center_axis',(0.,1.,0.));
#5962=DIRECTION('ref_axis',(-1.,0.,0.));
#5963=DIRECTION('center_axis',(0.,-1.,0.));
#5964=DIRECTION('ref_axis',(1.,0.,0.));
#5965=DIRECTION('',(0.578141080098311,0.642787609686539,-0.502570373516211));
#5966=DIRECTION('center_axis',(0.,-1.,0.));
#5967=DIRECTION('ref_axis',(-1.,0.,0.));
#5968=DIRECTION('center_axis',(0.,-1.,0.));
#5969=DIRECTION('ref_axis',(1.,0.,0.));
#5970=DIRECTION('center_axis',(0.,1.,0.));
#5971=DIRECTION('ref_axis',(1.,0.,0.));
#5972=DIRECTION('',(0.,1.,0.));
#5973=DIRECTION('center_axis',(-0.147809411129611,0.,-0.989015863361917));
#5974=DIRECTION('ref_axis',(-0.989015863361917,0.,0.147809411129611));
#5975=DIRECTION('',(0.989015863361917,0.,-0.147809411129611));
#5976=DIRECTION('',(-0.757630106284915,-0.642787609686539,0.113228578036527));
#5977=DIRECTION('',(0.,-1.,0.));
#5978=DIRECTION('',(0.989015863361917,0.,-0.147809411129611));
#5979=DIRECTION('',(0.,-1.,0.));
#5980=DIRECTION('',(-0.757630106284915,-0.642787609686539,0.113228578036527));
#5981=DIRECTION('',(0.,-1.,0.));
#5982=DIRECTION('',(0.989015863361917,0.,-0.147809411129611));
#5983=DIRECTION('',(0.,-1.,0.));
#5984=DIRECTION('',(-0.757630106284915,-0.642787609686539,0.113228578036527));
#5985=DIRECTION('',(0.,-1.,0.));
#5986=DIRECTION('',(0.989015863361917,0.,-0.147809411129611));
#5987=DIRECTION('center_axis',(-0.147809411129611,0.,-0.989015863361917));
#5988=DIRECTION('ref_axis',(0.699339823684279,0.707106781186547,-0.104517036932938));
#5989=DIRECTION('',(-0.147809411129611,0.,-0.989015863361917));
#5990=DIRECTION('',(0.147809411129611,0.,0.989015863361917));
#5991=DIRECTION('center_axis',(0.,-1.,0.));
#5992=DIRECTION('ref_axis',(-1.,0.,0.));
#5993=DIRECTION('center_axis',(0.,-1.,0.));
#5994=DIRECTION('ref_axis',(-1.,0.,0.));
#5995=DIRECTION('',(0.,1.,0.));
#5996=DIRECTION('center_axis',(0.,1.,0.));
#5997=DIRECTION('ref_axis',(-1.,0.,0.));
#5998=DIRECTION('center_axis',(0.,1.,0.));
#5999=DIRECTION('ref_axis',(-1.,0.,0.));
#6000=DIRECTION('center_axis',(0.,-1.,0.));
#6001=DIRECTION('ref_axis',(1.,0.,0.));
#6002=DIRECTION('',(-0.50257037351621,0.642787609686539,-0.578141080098311));
#6003=DIRECTION('center_axis',(0.,-1.,0.));
#6004=DIRECTION('ref_axis',(1.,0.,0.));
#6005=DIRECTION('center_axis',(0.,1.,0.));
#6006=DIRECTION('ref_axis',(1.,0.,0.));
#6007=DIRECTION('',(0.,1.,0.));
#6008=DIRECTION('center_axis',(-0.147809411129611,0.,0.989015863361917));
#6009=DIRECTION('ref_axis',(-0.69933982368428,0.707106781186547,-0.104517036932938));
#6010=DIRECTION('',(0.147809411129611,0.,-0.989015863361917));
#6011=DIRECTION('',(-0.147809411129611,0.,0.989015863361917));
#6012=DIRECTION('center_axis',(0.,-1.,0.));
#6013=DIRECTION('ref_axis',(-1.,0.,0.));
#6014=DIRECTION('center_axis',(0.,1.,0.));
#6015=DIRECTION('ref_axis',(-1.,0.,0.));
#6016=DIRECTION('',(0.,-1.,0.));
#6017=DIRECTION('center_axis',(0.,-1.,0.));
#6018=DIRECTION('ref_axis',(-1.,0.,0.));
#6019=DIRECTION('center_axis',(0.,1.,0.));
#6020=DIRECTION('ref_axis',(-1.,0.,0.));
#6021=DIRECTION('',(0.656059028990507,0.,-0.754709580222772));
#6022=DIRECTION('center_axis',(0.147809411129611,0.,-0.989015863361917));
#6023=DIRECTION('ref_axis',(0.699339823684279,0.707106781186547,0.104517036932938));
#6024=DIRECTION('',(-0.147809411129611,0.,0.989015863361917));
#6025=DIRECTION('',(0.147809411129611,0.,-0.989015863361917));
#6026=DIRECTION('center_axis',(-0.989015863361917,0.,-0.147809411129611));
#6027=DIRECTION('ref_axis',(-0.147809411129611,0.,0.989015863361917));
#6028=DIRECTION('',(0.147809411129611,0.,-0.989015863361917));
#6029=DIRECTION('',(0.,1.,0.));
#6030=DIRECTION('',(-0.113228578036527,0.642787609686539,0.757630106284915));
#6031=DIRECTION('',(0.,1.,0.));
#6032=DIRECTION('',(0.147809411129611,0.,-0.989015863361917));
#6033=DIRECTION('',(0.,1.,0.));
#6034=DIRECTION('',(-0.113228578036527,0.642787609686539,0.757630106284915));
#6035=DIRECTION('',(0.,1.,0.));
#6036=DIRECTION('',(0.147809411129611,0.,-0.989015863361917));
#6037=DIRECTION('',(0.,1.,0.));
#6038=DIRECTION('',(-0.113228578036527,0.642787609686539,0.757630106284915));
#6039=DIRECTION('',(-0.147809411129611,0.,0.989015863361917));
#6040=DIRECTION('center_axis',(0.,-1.,0.));
#6041=DIRECTION('ref_axis',(1.,0.,0.));
#6042=DIRECTION('center_axis',(0.,-1.,0.));
#6043=DIRECTION('ref_axis',(1.,0.,0.));
#6044=DIRECTION('',(0.,-1.,0.));
#6045=DIRECTION('center_axis',(0.,1.,0.));
#6046=DIRECTION('ref_axis',(1.,0.,0.));
#6047=DIRECTION('center_axis',(0.147809411129611,0.,0.989015863361917));
#6048=DIRECTION('ref_axis',(-0.699339823684279,0.707106781186547,0.104517036932938));
#6049=DIRECTION('',(0.147809411129611,0.,0.989015863361917));
#6050=DIRECTION('',(-0.147809411129611,0.,-0.989015863361917));
#6051=DIRECTION('center_axis',(0.,-1.,0.));
#6052=DIRECTION('ref_axis',(-1.,0.,0.));
#6053=DIRECTION('center_axis',(0.,-1.,0.));
#6054=DIRECTION('ref_axis',(-1.,0.,0.));
#6055=DIRECTION('',(0.,1.,0.));
#6056=DIRECTION('center_axis',(0.,1.,0.));
#6057=DIRECTION('ref_axis',(-1.,0.,0.));
#6058=DIRECTION('center_axis',(0.,1.,0.));
#6059=DIRECTION('ref_axis',(-1.,0.,0.));
#6060=DIRECTION('center_axis',(0.,-1.,0.));
#6061=DIRECTION('ref_axis',(1.,0.,0.));
#6062=DIRECTION('',(0.50257037351621,0.642787609686539,0.578141080098311));
#6063=DIRECTION('center_axis',(0.,-1.,0.));
#6064=DIRECTION('ref_axis',(1.,0.,0.));
#6065=DIRECTION('center_axis',(0.,1.,0.));
#6066=DIRECTION('ref_axis',(1.,0.,0.));
#6067=DIRECTION('',(0.,1.,0.));
#6068=DIRECTION('center_axis',(0.754709580222772,0.,-0.656059028990507));
#6069=DIRECTION('ref_axis',(-0.656059028990507,0.,-0.754709580222772));
#6070=DIRECTION('',(-0.656059028990507,0.,-0.754709580222772));
#6071=DIRECTION('',(0.656059028990507,0.,0.754709580222772));
#6072=DIRECTION('',(0.656059028990507,0.,0.754709580222772));
#6073=DIRECTION('',(0.,1.,0.));
#6074=DIRECTION('',(-0.50257037351621,0.642787609686539,-0.578141080098311));
#6075=DIRECTION('',(0.,1.,0.));
#6076=DIRECTION('',(0.656059028990507,0.,0.754709580222772));
#6077=DIRECTION('',(0.,1.,0.));
#6078=DIRECTION('',(-0.50257037351621,0.642787609686539,-0.578141080098311));
#6079=DIRECTION('',(0.,1.,0.));
#6080=DIRECTION('',(0.656059028990507,0.,0.754709580222772));
#6081=DIRECTION('',(0.,1.,0.));
#6082=DIRECTION('',(-0.50257037351621,0.642787609686539,-0.578141080098311));
#6083=DIRECTION('center_axis',(-0.656059028990507,0.,-0.754709580222772));
#6084=DIRECTION('ref_axis',(-0.754709580222772,0.,0.656059028990507));
#6085=DIRECTION('',(-0.754709580222772,0.,0.656059028990507));
#6086=DIRECTION('',(0.754709580222772,0.,-0.656059028990507));
#6087=DIRECTION('',(0.754709580222772,0.,-0.656059028990507));
#6088=DIRECTION('',(0.,1.,0.));
#6089=DIRECTION('',(-0.578141080098311,0.642787609686539,0.50257037351621));
#6090=DIRECTION('',(0.,1.,0.));
#6091=DIRECTION('',(0.754709580222772,0.,-0.656059028990507));
#6092=DIRECTION('',(0.,1.,0.));
#6093=DIRECTION('',(-0.578141080098311,0.642787609686539,0.50257037351621));
#6094=DIRECTION('',(0.,1.,0.));
#6095=DIRECTION('',(0.754709580222772,0.,-0.656059028990507));
#6096=DIRECTION('',(0.,1.,0.));
#6097=DIRECTION('',(-0.578141080098311,0.642787609686539,0.50257037351621));
#6098=DIRECTION('center_axis',(-0.754709580222772,0.,-0.656059028990507));
#6099=DIRECTION('ref_axis',(-0.656059028990507,0.,0.754709580222772));
#6100=DIRECTION('',(0.656059028990507,0.,-0.754709580222772));
#6101=DIRECTION('',(-0.502570373516211,-0.642787609686539,0.578141080098311));
#6102=DIRECTION('',(0.,-1.,0.));
#6103=DIRECTION('',(0.656059028990507,0.,-0.754709580222772));
#6104=DIRECTION('',(0.,-1.,0.));
#6105=DIRECTION('',(-0.502570373516211,-0.642787609686539,0.578141080098311));
#6106=DIRECTION('',(0.,-1.,0.));
#6107=DIRECTION('',(0.656059028990507,0.,-0.754709580222772));
#6108=DIRECTION('',(0.,-1.,0.));
#6109=DIRECTION('',(-0.502570373516211,-0.642787609686539,0.578141080098311));
#6110=DIRECTION('',(0.,-1.,0.));
#6111=DIRECTION('',(0.656059028990507,0.,-0.754709580222772));
#6112=DIRECTION('',(0.,-1.,0.));
#6113=DIRECTION('',(-0.502570373516211,-0.642787609686539,0.578141080098311));
#6114=DIRECTION('center_axis',(0.754709580222772,0.,0.656059028990508));
#6115=DIRECTION('ref_axis',(0.656059028990507,0.,-0.754709580222772));
#6116=DIRECTION('',(0.502570373516211,-0.642787609686539,-0.578141080098311));
#6117=DIRECTION('',(0.,-1.,0.));
#6118=DIRECTION('',(-0.656059028990507,0.,0.754709580222772));
#6119=DIRECTION('',(0.,-1.,0.));
#6120=DIRECTION('',(0.502570373516211,-0.642787609686539,-0.578141080098311));
#6121=DIRECTION('',(0.,-1.,0.));
#6122=DIRECTION('',(-0.656059028990507,0.,0.754709580222772));
#6123=DIRECTION('',(0.,-1.,0.));
#6124=DIRECTION('',(0.502570373516211,-0.642787609686539,-0.578141080098311));
#6125=DIRECTION('',(0.,-1.,0.));
#6126=DIRECTION('',(-0.656059028990507,0.,0.754709580222772));
#6127=DIRECTION('',(0.502570373516211,-0.642787609686539,-0.578141080098311));
#6128=DIRECTION('',(0.,-1.,0.));
#6129=DIRECTION('',(-0.656059028990507,0.,0.754709580222772));
#6130=DIRECTION('',(-0.656059028990507,0.,0.754709580222772));
#6131=DIRECTION('center_axis',(-0.656059028990507,0.,0.754709580222772));
#6132=DIRECTION('ref_axis',(0.754709580222772,0.,0.656059028990507));
#6133=DIRECTION('',(0.578141080098311,-0.642787609686539,0.502570373516211));
#6134=DIRECTION('',(0.,-1.,0.));
#6135=DIRECTION('',(-0.754709580222772,0.,-0.656059028990507));
#6136=DIRECTION('',(0.,-1.,0.));
#6137=DIRECTION('',(0.578141080098311,-0.642787609686539,0.502570373516211));
#6138=DIRECTION('',(0.,-1.,0.));
#6139=DIRECTION('',(-0.754709580222772,0.,-0.656059028990507));
#6140=DIRECTION('',(0.,-1.,0.));
#6141=DIRECTION('',(0.578141080098311,-0.642787609686539,0.502570373516211));
#6142=DIRECTION('',(0.,-1.,0.));
#6143=DIRECTION('',(-0.754709580222772,0.,-0.656059028990507));
#6144=DIRECTION('',(0.578141080098311,-0.642787609686539,0.502570373516211));
#6145=DIRECTION('',(0.,-1.,0.));
#6146=DIRECTION('',(-0.754709580222772,0.,-0.656059028990507));
#6147=DIRECTION('',(-0.754709580222772,0.,-0.656059028990507));
#6148=DIRECTION('center_axis',(0.656059028990507,0.,0.754709580222772));
#6149=DIRECTION('ref_axis',(0.754709580222772,0.,-0.656059028990507));
#6150=DIRECTION('',(-0.754709580222772,0.,0.656059028990507));
#6151=DIRECTION('',(0.,1.,0.));
#6152=DIRECTION('',(-0.754709580222772,0.,0.656059028990507));
#6153=DIRECTION('',(0.,1.,0.));
#6154=DIRECTION('',(0.578141080098311,0.642787609686539,-0.502570373516211));
#6155=DIRECTION('',(0.,1.,0.));
#6156=DIRECTION('',(-0.754709580222772,0.,0.656059028990507));
#6157=DIRECTION('',(0.,1.,0.));
#6158=DIRECTION('',(0.578141080098311,0.642787609686539,-0.50257037351621));
#6159=DIRECTION('',(0.,1.,0.));
#6160=DIRECTION('',(-0.754709580222772,0.,0.656059028990507));
#6161=DIRECTION('',(0.,1.,0.));
#6162=DIRECTION('',(0.578141080098311,0.642787609686539,-0.50257037351621));
#6163=DIRECTION('',(0.754709580222772,0.,-0.656059028990507));
#6164=DIRECTION('center_axis',(0.,1.,0.));
#6165=DIRECTION('ref_axis',(-1.,0.,0.));
#6166=DIRECTION('center_axis',(0.,-1.,0.));
#6167=DIRECTION('ref_axis',(-1.,0.,0.));
#6168=DIRECTION('center_axis',(0.,1.,0.));
#6169=DIRECTION('ref_axis',(-1.,0.,0.));
#6170=DIRECTION('center_axis',(0.,-1.,0.));
#6171=DIRECTION('ref_axis',(-1.,0.,0.));
#6172=DIRECTION('',(0.113228578036527,-0.642787609686539,0.757630106284915));
#6173=DIRECTION('center_axis',(0.,1.,0.));
#6174=DIRECTION('ref_axis',(-1.,0.,0.));
#6175=DIRECTION('center_axis',(0.,-1.,0.));
#6176=DIRECTION('ref_axis',(-1.,0.,0.));
#6177=DIRECTION('',(0.757630106284915,-0.642787609686539,-0.113228578036527));
#6178=DIRECTION('center_axis',(0.,-1.,0.));
#6179=DIRECTION('ref_axis',(-1.,0.,0.));
#6180=DIRECTION('center_axis',(0.,1.,0.));
#6181=DIRECTION('ref_axis',(-1.,0.,0.));
#6182=DIRECTION('center_axis',(0.,-1.,0.));
#6183=DIRECTION('ref_axis',(-1.,0.,0.));
#6184=DIRECTION('center_axis',(0.,1.,0.));
#6185=DIRECTION('ref_axis',(-1.,0.,0.));
#6186=DIRECTION('',(0.,-1.,0.));
#6187=DIRECTION('center_axis',(0.,-1.,0.));
#6188=DIRECTION('ref_axis',(-1.,0.,0.));
#6189=DIRECTION('center_axis',(0.,1.,0.));
#6190=DIRECTION('ref_axis',(-1.,0.,0.));
#6191=DIRECTION('',(0.,-1.,0.));
#6192=DIRECTION('center_axis',(0.,1.,0.));
#6193=DIRECTION('ref_axis',(-1.,0.,0.));
#6194=DIRECTION('center_axis',(0.,1.,0.));
#6195=DIRECTION('ref_axis',(1.,0.,0.));
#6196=DIRECTION('center_axis',(0.,1.,0.));
#6197=DIRECTION('ref_axis',(-1.,0.,0.));
#6198=DIRECTION('center_axis',(0.,1.,0.));
#6199=DIRECTION('ref_axis',(1.,0.,0.));
#6200=DIRECTION('',(-0.147809411129611,0.,-0.989015863361917));
#6201=DIRECTION('center_axis',(0.,1.,0.));
#6202=DIRECTION('ref_axis',(-1.,0.,0.));
#6203=DIRECTION('center_axis',(0.,1.,0.));
#6204=DIRECTION('ref_axis',(1.,0.,0.));
#6205=DIRECTION('',(-0.989015863361917,0.,0.147809411129611));
#6206=DIRECTION('center_axis',(0.,-1.,0.));
#6207=DIRECTION('ref_axis',(1.,0.,0.));
#6208=DIRECTION('center_axis',(0.,-1.,0.));
#6209=DIRECTION('ref_axis',(1.,0.,0.));
#6210=DIRECTION('center_axis',(0.,-1.,0.));
#6211=DIRECTION('ref_axis',(1.,0.,0.));
#6212=DIRECTION('center_axis',(0.,-1.,0.));
#6213=DIRECTION('ref_axis',(1.,0.,0.));
#6214=DIRECTION('',(0.,-1.,0.));
#6215=DIRECTION('center_axis',(0.,-1.,0.));
#6216=DIRECTION('ref_axis',(1.,0.,0.));
#6217=DIRECTION('center_axis',(0.,-1.,0.));
#6218=DIRECTION('ref_axis',(1.,0.,0.));
#6219=DIRECTION('',(0.,-1.,0.));
#6220=DIRECTION('center_axis',(0.,1.,0.));
#6221=DIRECTION('ref_axis',(-1.,0.,0.));
#6222=DIRECTION('center_axis',(0.,-1.,0.));
#6223=DIRECTION('ref_axis',(-1.,0.,0.));
#6224=DIRECTION('center_axis',(0.,1.,0.));
#6225=DIRECTION('ref_axis',(-1.,0.,0.));
#6226=DIRECTION('center_axis',(0.,-1.,0.));
#6227=DIRECTION('ref_axis',(-1.,0.,0.));
#6228=DIRECTION('',(0.113228578036527,-0.642787609686539,0.757630106284915));
#6229=DIRECTION('center_axis',(0.,1.,0.));
#6230=DIRECTION('ref_axis',(-1.,0.,0.));
#6231=DIRECTION('center_axis',(0.,-1.,0.));
#6232=DIRECTION('ref_axis',(-1.,0.,0.));
#6233=DIRECTION('',(0.757630106284915,-0.642787609686539,-0.113228578036527));
#6234=DIRECTION('center_axis',(0.,-1.,0.));
#6235=DIRECTION('ref_axis',(-1.,0.,0.));
#6236=DIRECTION('center_axis',(0.,1.,0.));
#6237=DIRECTION('ref_axis',(-1.,0.,0.));
#6238=DIRECTION('center_axis',(0.,-1.,0.));
#6239=DIRECTION('ref_axis',(-1.,0.,0.));
#6240=DIRECTION('center_axis',(0.,1.,0.));
#6241=DIRECTION('ref_axis',(-1.,0.,0.));
#6242=DIRECTION('',(0.,-1.,0.));
#6243=DIRECTION('center_axis',(0.,-1.,0.));
#6244=DIRECTION('ref_axis',(-1.,0.,0.));
#6245=DIRECTION('center_axis',(0.,1.,0.));
#6246=DIRECTION('ref_axis',(-1.,0.,0.));
#6247=DIRECTION('',(0.,-1.,0.));
#6248=DIRECTION('center_axis',(0.,1.,0.));
#6249=DIRECTION('ref_axis',(-1.,0.,0.));
#6250=DIRECTION('center_axis',(0.,1.,0.));
#6251=DIRECTION('ref_axis',(1.,0.,0.));
#6252=DIRECTION('center_axis',(0.,1.,0.));
#6253=DIRECTION('ref_axis',(-1.,0.,0.));
#6254=DIRECTION('center_axis',(0.,1.,0.));
#6255=DIRECTION('ref_axis',(1.,0.,0.));
#6256=DIRECTION('',(-0.147809411129611,0.,-0.989015863361917));
#6257=DIRECTION('center_axis',(0.,1.,0.));
#6258=DIRECTION('ref_axis',(-1.,0.,0.));
#6259=DIRECTION('center_axis',(0.,1.,0.));
#6260=DIRECTION('ref_axis',(1.,0.,0.));
#6261=DIRECTION('',(-0.989015863361917,0.,0.147809411129611));
#6262=DIRECTION('center_axis',(0.,-1.,0.));
#6263=DIRECTION('ref_axis',(1.,0.,0.));
#6264=DIRECTION('center_axis',(0.,-1.,0.));
#6265=DIRECTION('ref_axis',(1.,0.,0.));
#6266=DIRECTION('center_axis',(0.,-1.,0.));
#6267=DIRECTION('ref_axis',(1.,0.,0.));
#6268=DIRECTION('center_axis',(0.,-1.,0.));
#6269=DIRECTION('ref_axis',(1.,0.,0.));
#6270=DIRECTION('',(0.,-1.,0.));
#6271=DIRECTION('center_axis',(0.,-1.,0.));
#6272=DIRECTION('ref_axis',(1.,0.,0.));
#6273=DIRECTION('center_axis',(0.,-1.,0.));
#6274=DIRECTION('ref_axis',(1.,0.,0.));
#6275=DIRECTION('',(0.,-1.,0.));
#6276=DIRECTION('center_axis',(0.,1.,0.));
#6277=DIRECTION('ref_axis',(-1.,0.,0.));
#6278=DIRECTION('center_axis',(0.,-1.,0.));
#6279=DIRECTION('ref_axis',(-1.,0.,0.));
#6280=DIRECTION('center_axis',(0.,1.,0.));
#6281=DIRECTION('ref_axis',(-1.,0.,0.));
#6282=DIRECTION('center_axis',(0.,-1.,0.));
#6283=DIRECTION('ref_axis',(-1.,0.,0.));
#6284=DIRECTION('',(0.113228578036527,-0.642787609686539,0.757630106284915));
#6285=DIRECTION('center_axis',(0.,1.,0.));
#6286=DIRECTION('ref_axis',(-1.,0.,0.));
#6287=DIRECTION('center_axis',(0.,-1.,0.));
#6288=DIRECTION('ref_axis',(-1.,0.,0.));
#6289=DIRECTION('',(0.757630106284915,-0.642787609686539,-0.113228578036527));
#6290=DIRECTION('center_axis',(0.,-1.,0.));
#6291=DIRECTION('ref_axis',(-1.,0.,0.));
#6292=DIRECTION('center_axis',(0.,1.,0.));
#6293=DIRECTION('ref_axis',(-1.,0.,0.));
#6294=DIRECTION('center_axis',(0.,-1.,0.));
#6295=DIRECTION('ref_axis',(-1.,0.,0.));
#6296=DIRECTION('center_axis',(0.,1.,0.));
#6297=DIRECTION('ref_axis',(-1.,0.,0.));
#6298=DIRECTION('',(0.,-1.,0.));
#6299=DIRECTION('center_axis',(0.,-1.,0.));
#6300=DIRECTION('ref_axis',(-1.,0.,0.));
#6301=DIRECTION('center_axis',(0.,1.,0.));
#6302=DIRECTION('ref_axis',(-1.,0.,0.));
#6303=DIRECTION('',(0.,-1.,0.));
#6304=DIRECTION('center_axis',(0.,1.,0.));
#6305=DIRECTION('ref_axis',(-1.,0.,0.));
#6306=DIRECTION('center_axis',(0.,1.,0.));
#6307=DIRECTION('ref_axis',(-1.,0.,0.));
#6308=DIRECTION('',(-0.147809411129611,0.,-0.989015863361917));
#6309=DIRECTION('center_axis',(0.,1.,0.));
#6310=DIRECTION('ref_axis',(-1.,0.,0.));
#6311=DIRECTION('',(-0.989015863361917,0.,0.147809411129611));
#6312=DIRECTION('center_axis',(0.,1.,0.));
#6313=DIRECTION('ref_axis',(-1.,0.,0.));
#6314=DIRECTION('center_axis',(0.,-1.,0.));
#6315=DIRECTION('ref_axis',(-1.,0.,0.));
#6316=DIRECTION('center_axis',(0.,-1.,0.));
#6317=DIRECTION('ref_axis',(-1.,0.,0.));
#6318=DIRECTION('center_axis',(0.,1.,0.));
#6319=DIRECTION('ref_axis',(-1.,0.,0.));
#6320=DIRECTION('center_axis',(0.,1.,0.));
#6321=DIRECTION('ref_axis',(-1.,0.,0.));
#6322=DIRECTION('center_axis',(0.,1.,0.));
#6323=DIRECTION('ref_axis',(-1.,0.,0.));
#6324=DIRECTION('center_axis',(0.,1.,0.));
#6325=DIRECTION('ref_axis',(-1.,0.,0.));
#6326=DIRECTION('center_axis',(0.,-1.,0.));
#6327=DIRECTION('ref_axis',(1.,0.,0.));
#6328=DIRECTION('',(0.754709580222772,0.,0.656059028990507));
#6329=DIRECTION('',(0.989015863361917,0.,0.147809411129611));
#6330=DIRECTION('center_axis',(0.,1.,0.));
#6331=DIRECTION('ref_axis',(1.,0.,0.));
#6332=DIRECTION('',(0.147809411129611,0.,0.989015863361917));
#6333=DIRECTION('',(0.656059028990507,0.,0.754709580222772));
#6334=DIRECTION('',(0.147809411129611,0.,-0.989015863361917));
#6335=DIRECTION('',(-0.147809411129611,0.,-0.989015863361917));
#6336=DIRECTION('',(-0.989015863361917,0.,0.147809411129611));
#6337=DIRECTION('center_axis',(0.,1.,0.));
#6338=DIRECTION('ref_axis',(-1.,0.,0.));
#6339=DIRECTION('center_axis',(0.,-1.,0.));
#6340=DIRECTION('ref_axis',(1.,0.,0.));
#6341=DIRECTION('center_axis',(0.,-1.,0.));
#6342=DIRECTION('ref_axis',(1.,0.,0.));
#6343=DIRECTION('center_axis',(0.,1.,0.));
#6344=DIRECTION('ref_axis',(1.,0.,0.));
#6345=DIRECTION('center_axis',(0.,1.,0.));
#6346=DIRECTION('ref_axis',(-1.,0.,0.));
#6347=DIRECTION('center_axis',(0.,1.,0.));
#6348=DIRECTION('ref_axis',(-1.,0.,0.));
#6349=DIRECTION('',(-0.147809411129611,0.,0.989015863361917));
#6350=DIRECTION('center_axis',(0.,-1.,0.));
#6351=DIRECTION('ref_axis',(-1.,0.,0.));
#6352=DIRECTION('center_axis',(0.,-1.,0.));
#6353=DIRECTION('ref_axis',(-1.,0.,0.));
#6354=DIRECTION('',(0.,1.,0.));
#6355=DIRECTION('center_axis',(0.,1.,0.));
#6356=DIRECTION('ref_axis',(-1.,0.,0.));
#6357=DIRECTION('center_axis',(0.,-1.,0.));
#6358=DIRECTION('ref_axis',(1.,0.,0.));
#6359=DIRECTION('',(0.113228578036527,0.642787609686539,-0.757630106284915));
#6360=DIRECTION('center_axis',(0.,-1.,0.));
#6361=DIRECTION('ref_axis',(1.,0.,0.));
#6362=DIRECTION('center_axis',(0.,1.,0.));
#6363=DIRECTION('ref_axis',(1.,0.,0.));
#6364=DIRECTION('',(0.,1.,0.));
#6365=DIRECTION('center_axis',(0.,1.,0.));
#6366=DIRECTION('ref_axis',(-1.,0.,0.));
#6367=DIRECTION('center_axis',(0.,1.,0.));
#6368=DIRECTION('ref_axis',(-1.,0.,0.));
#6369=DIRECTION('',(-0.147809411129611,0.,0.989015863361917));
#6370=DIRECTION('center_axis',(0.,-1.,0.));
#6371=DIRECTION('ref_axis',(-1.,0.,0.));
#6372=DIRECTION('center_axis',(0.,-1.,0.));
#6373=DIRECTION('ref_axis',(-1.,0.,0.));
#6374=DIRECTION('',(0.,1.,0.));
#6375=DIRECTION('center_axis',(0.,1.,0.));
#6376=DIRECTION('ref_axis',(-1.,0.,0.));
#6377=DIRECTION('center_axis',(0.,-1.,0.));
#6378=DIRECTION('ref_axis',(1.,0.,0.));
#6379=DIRECTION('',(0.113228578036527,0.642787609686539,-0.757630106284915));
#6380=DIRECTION('center_axis',(0.,-1.,0.));
#6381=DIRECTION('ref_axis',(1.,0.,0.));
#6382=DIRECTION('center_axis',(0.,1.,0.));
#6383=DIRECTION('ref_axis',(1.,0.,0.));
#6384=DIRECTION('',(0.,1.,0.));
#6385=DIRECTION('center_axis',(0.,1.,0.));
#6386=DIRECTION('ref_axis',(-1.,0.,0.));
#6387=DIRECTION('center_axis',(0.,1.,0.));
#6388=DIRECTION('ref_axis',(-1.,0.,0.));
#6389=DIRECTION('',(-0.147809411129611,0.,0.989015863361917));
#6390=DIRECTION('center_axis',(0.,-1.,0.));
#6391=DIRECTION('ref_axis',(-1.,0.,0.));
#6392=DIRECTION('center_axis',(0.,-1.,0.));
#6393=DIRECTION('ref_axis',(-1.,0.,0.));
#6394=DIRECTION('',(0.,1.,0.));
#6395=DIRECTION('center_axis',(0.,1.,0.));
#6396=DIRECTION('ref_axis',(-1.,0.,0.));
#6397=DIRECTION('',(0.113228578036527,0.642787609686539,-0.757630106284915));
#6398=DIRECTION('center_axis',(0.,1.,0.));
#6399=DIRECTION('ref_axis',(-1.,0.,0.));
#6400=DIRECTION('center_axis',(0.,-1.,0.));
#6401=DIRECTION('ref_axis',(-1.,0.,0.));
#6402=DIRECTION('center_axis',(0.656059028990507,0.,-0.754709580222772));
#6403=DIRECTION('ref_axis',(-0.754709580222772,0.,-0.656059028990507));
#6404=DIRECTION('',(-0.578141080098311,-0.642787609686539,-0.502570373516211));
#6405=DIRECTION('',(0.,-1.,0.));
#6406=DIRECTION('',(0.754709580222772,0.,0.656059028990507));
#6407=DIRECTION('',(0.,-1.,0.));
#6408=DIRECTION('',(-0.578141080098311,-0.642787609686539,-0.502570373516211));
#6409=DIRECTION('',(0.,-1.,0.));
#6410=DIRECTION('',(0.754709580222772,0.,0.656059028990507));
#6411=DIRECTION('',(0.,-1.,0.));
#6412=DIRECTION('',(-0.578141080098311,-0.642787609686539,-0.502570373516211));
#6413=DIRECTION('',(0.,-1.,0.));
#6414=DIRECTION('',(0.754709580222772,0.,0.656059028990507));
#6415=DIRECTION('',(0.,-1.,0.));
#6416=DIRECTION('',(-0.578141080098311,-0.642787609686539,-0.502570373516211));
#6417=DIRECTION('center_axis',(-0.754709580222772,0.,0.656059028990507));
#6418=DIRECTION('ref_axis',(0.656059028990507,0.,0.754709580222772));
#6419=DIRECTION('',(-0.656059028990507,0.,-0.754709580222772));
#6420=DIRECTION('',(-0.656059028990507,0.,-0.754709580222772));
#6421=DIRECTION('',(0.,1.,0.));
#6422=DIRECTION('',(0.50257037351621,0.642787609686539,0.578141080098311));
#6423=DIRECTION('',(0.,1.,0.));
#6424=DIRECTION('',(-0.656059028990507,0.,-0.754709580222772));
#6425=DIRECTION('',(0.,1.,0.));
#6426=DIRECTION('',(0.50257037351621,0.642787609686539,0.578141080098311));
#6427=DIRECTION('',(0.,1.,0.));
#6428=DIRECTION('',(-0.656059028990507,0.,-0.754709580222772));
#6429=DIRECTION('',(0.,1.,0.));
#6430=DIRECTION('',(0.50257037351621,0.642787609686539,0.578141080098311));
#6431=DIRECTION('',(0.,1.,0.));
#6432=DIRECTION('center_axis',(0.,1.,0.));
#6433=DIRECTION('ref_axis',(-1.,0.,0.));
#6434=DIRECTION('center_axis',(0.,-1.,0.));
#6435=DIRECTION('ref_axis',(1.,0.,0.));
#6436=DIRECTION('center_axis',(0.,-1.,0.));
#6437=DIRECTION('ref_axis',(1.,0.,0.));
#6438=DIRECTION('center_axis',(0.,1.,0.));
#6439=DIRECTION('ref_axis',(1.,0.,0.));
#6440=DIRECTION('center_axis',(0.,1.,0.));
#6441=DIRECTION('ref_axis',(-1.,0.,0.));
#6442=DIRECTION('center_axis',(0.,1.,0.));
#6443=DIRECTION('ref_axis',(-1.,0.,0.));
#6444=DIRECTION('',(-0.989015863361917,0.,-0.147809411129611));
#6445=DIRECTION('center_axis',(0.,-1.,0.));
#6446=DIRECTION('ref_axis',(-1.,0.,0.));
#6447=DIRECTION('center_axis',(0.,-1.,0.));
#6448=DIRECTION('ref_axis',(-1.,0.,0.));
#6449=DIRECTION('',(0.,1.,0.));
#6450=DIRECTION('center_axis',(0.,1.,0.));
#6451=DIRECTION('ref_axis',(-1.,0.,0.));
#6452=DIRECTION('center_axis',(0.,-1.,0.));
#6453=DIRECTION('ref_axis',(1.,0.,0.));
#6454=DIRECTION('',(0.757630106284915,0.642787609686539,0.113228578036527));
#6455=DIRECTION('center_axis',(0.,-1.,0.));
#6456=DIRECTION('ref_axis',(1.,0.,0.));
#6457=DIRECTION('center_axis',(0.,1.,0.));
#6458=DIRECTION('ref_axis',(1.,0.,0.));
#6459=DIRECTION('',(0.,1.,0.));
#6460=DIRECTION('center_axis',(0.,1.,0.));
#6461=DIRECTION('ref_axis',(-1.,0.,0.));
#6462=DIRECTION('center_axis',(0.,1.,0.));
#6463=DIRECTION('ref_axis',(-1.,0.,0.));
#6464=DIRECTION('',(-0.989015863361917,0.,-0.147809411129611));
#6465=DIRECTION('center_axis',(0.,-1.,0.));
#6466=DIRECTION('ref_axis',(-1.,0.,0.));
#6467=DIRECTION('center_axis',(0.,-1.,0.));
#6468=DIRECTION('ref_axis',(-1.,0.,0.));
#6469=DIRECTION('',(0.,1.,0.));
#6470=DIRECTION('center_axis',(0.,1.,0.));
#6471=DIRECTION('ref_axis',(-1.,0.,0.));
#6472=DIRECTION('center_axis',(0.,-1.,0.));
#6473=DIRECTION('ref_axis',(1.,0.,0.));
#6474=DIRECTION('',(0.757630106284915,0.642787609686539,0.113228578036527));
#6475=DIRECTION('center_axis',(0.,-1.,0.));
#6476=DIRECTION('ref_axis',(1.,0.,0.));
#6477=DIRECTION('center_axis',(0.,1.,0.));
#6478=DIRECTION('ref_axis',(1.,0.,0.));
#6479=DIRECTION('',(0.,1.,0.));
#6480=DIRECTION('center_axis',(0.,1.,0.));
#6481=DIRECTION('ref_axis',(-1.,0.,0.));
#6482=DIRECTION('center_axis',(0.,1.,0.));
#6483=DIRECTION('ref_axis',(-1.,0.,0.));
#6484=DIRECTION('',(-0.989015863361917,0.,-0.147809411129611));
#6485=DIRECTION('center_axis',(0.,-1.,0.));
#6486=DIRECTION('ref_axis',(-1.,0.,0.));
#6487=DIRECTION('center_axis',(0.,-1.,0.));
#6488=DIRECTION('ref_axis',(-1.,0.,0.));
#6489=DIRECTION('',(0.,1.,0.));
#6490=DIRECTION('center_axis',(0.,1.,0.));
#6491=DIRECTION('ref_axis',(-1.,0.,0.));
#6492=DIRECTION('',(0.757630106284915,0.642787609686539,0.113228578036527));
#6493=DIRECTION('center_axis',(0.,1.,0.));
#6494=DIRECTION('ref_axis',(-1.,0.,0.));
#6495=DIRECTION('center_axis',(0.,-1.,0.));
#6496=DIRECTION('ref_axis',(-1.,0.,0.));
#6497=DIRECTION('',(-0.113228578036527,-0.642787609686539,-0.757630106284915));
#6498=DIRECTION('center_axis',(0.,-1.,0.));
#6499=DIRECTION('ref_axis',(1.,0.,0.));
#6500=DIRECTION('center_axis',(0.989015863361917,0.,0.147809411129611));
#6501=DIRECTION('ref_axis',(0.147809411129611,0.,-0.989015863361917));
#6502=DIRECTION('center_axis',(-0.147809411129611,0.,0.989015863361917));
#6503=DIRECTION('ref_axis',(0.989015863361917,0.,0.147809411129611));
#6504=DIRECTION('center_axis',(0.147809411129611,0.,0.989015863361917));
#6505=DIRECTION('ref_axis',(0.989015863361917,0.,-0.147809411129611));
#6506=DIRECTION('center_axis',(-0.989015863361917,0.,0.147809411129611));
#6507=DIRECTION('ref_axis',(0.147809411129611,0.,0.989015863361917));
#6508=DIRECTION('center_axis',(0.,-1.,0.));
#6509=DIRECTION('ref_axis',(1.,0.,0.));
#6510=DIRECTION('',(0.,-1.,0.));
#6511=DIRECTION('center_axis',(0.,1.,0.));
#6512=DIRECTION('ref_axis',(-1.,0.,0.));
#6513=DIRECTION('center_axis',(0.,-1.,0.));
#6514=DIRECTION('ref_axis',(-1.,0.,0.));
#6515=DIRECTION('center_axis',(0.,-1.,0.));
#6516=DIRECTION('ref_axis',(-1.,0.,0.));
#6517=DIRECTION('center_axis',(0.,1.,0.));
#6518=DIRECTION('ref_axis',(-1.,0.,0.));
#6519=DIRECTION('',(0.,-1.,0.));
#6520=DIRECTION('center_axis',(0.,-1.,0.));
#6521=DIRECTION('ref_axis',(-1.,0.,0.));
#6522=DIRECTION('center_axis',(0.,1.,0.));
#6523=DIRECTION('ref_axis',(-1.,0.,0.));
#6524=DIRECTION('center_axis',(0.,-1.,0.));
#6525=DIRECTION('ref_axis',(-1.,0.,0.));
#6526=DIRECTION('center_axis',(0.,1.,0.));
#6527=DIRECTION('ref_axis',(-1.,0.,0.));
#6528=DIRECTION('center_axis',(0.,1.,0.));
#6529=DIRECTION('ref_axis',(-1.,0.,0.));
#6530=DIRECTION('center_axis',(0.,1.,0.));
#6531=DIRECTION('ref_axis',(1.,0.,0.));
#6532=DIRECTION('',(0.147809411129611,0.,0.989015863361917));
#6533=DIRECTION('center_axis',(0.,1.,0.));
#6534=DIRECTION('ref_axis',(-1.,0.,0.));
#6535=DIRECTION('center_axis',(0.,1.,0.));
#6536=DIRECTION('ref_axis',(1.,0.,0.));
#6537=DIRECTION('center_axis',(0.,1.,0.));
#6538=DIRECTION('ref_axis',(-1.,0.,0.));
#6539=DIRECTION('center_axis',(0.,1.,0.));
#6540=DIRECTION('ref_axis',(1.,0.,0.));
#6541=DIRECTION('center_axis',(0.,-1.,0.));
#6542=DIRECTION('ref_axis',(1.,0.,0.));
#6543=DIRECTION('center_axis',(0.,-1.,0.));
#6544=DIRECTION('ref_axis',(1.,0.,0.));
#6545=DIRECTION('',(0.,-1.,0.));
#6546=DIRECTION('center_axis',(0.,-1.,0.));
#6547=DIRECTION('ref_axis',(1.,0.,0.));
#6548=DIRECTION('center_axis',(0.,-1.,0.));
#6549=DIRECTION('ref_axis',(1.,0.,0.));
#6550=DIRECTION('center_axis',(0.,-1.,0.));
#6551=DIRECTION('ref_axis',(1.,0.,0.));
#6552=DIRECTION('center_axis',(0.,-1.,0.));
#6553=DIRECTION('ref_axis',(1.,0.,0.));
#6554=DIRECTION('center_axis',(0.,1.,0.));
#6555=DIRECTION('ref_axis',(-1.,0.,0.));
#6556=DIRECTION('center_axis',(0.,-1.,0.));
#6557=DIRECTION('ref_axis',(-1.,0.,0.));
#6558=DIRECTION('',(-0.113228578036527,-0.642787609686539,-0.757630106284915));
#6559=DIRECTION('center_axis',(0.,1.,0.));
#6560=DIRECTION('ref_axis',(-1.,0.,0.));
#6561=DIRECTION('center_axis',(0.,-1.,0.));
#6562=DIRECTION('ref_axis',(-1.,0.,0.));
#6563=DIRECTION('center_axis',(0.,1.,0.));
#6564=DIRECTION('ref_axis',(-1.,0.,0.));
#6565=DIRECTION('center_axis',(0.,-1.,0.));
#6566=DIRECTION('ref_axis',(-1.,0.,0.));
#6567=DIRECTION('center_axis',(0.,-1.,0.));
#6568=DIRECTION('ref_axis',(-1.,0.,0.));
#6569=DIRECTION('center_axis',(0.,1.,0.));
#6570=DIRECTION('ref_axis',(-1.,0.,0.));
#6571=DIRECTION('',(0.,-1.,0.));
#6572=DIRECTION('center_axis',(0.,-1.,0.));
#6573=DIRECTION('ref_axis',(-1.,0.,0.));
#6574=DIRECTION('center_axis',(0.,1.,0.));
#6575=DIRECTION('ref_axis',(-1.,0.,0.));
#6576=DIRECTION('center_axis',(0.,-1.,0.));
#6577=DIRECTION('ref_axis',(-1.,0.,0.));
#6578=DIRECTION('center_axis',(0.,1.,0.));
#6579=DIRECTION('ref_axis',(-1.,0.,0.));
#6580=DIRECTION('center_axis',(0.,1.,0.));
#6581=DIRECTION('ref_axis',(-1.,0.,0.));
#6582=DIRECTION('center_axis',(0.,1.,0.));
#6583=DIRECTION('ref_axis',(1.,0.,0.));
#6584=DIRECTION('',(0.147809411129611,0.,0.989015863361917));
#6585=DIRECTION('center_axis',(0.,1.,0.));
#6586=DIRECTION('ref_axis',(-1.,0.,0.));
#6587=DIRECTION('center_axis',(0.,1.,0.));
#6588=DIRECTION('ref_axis',(1.,0.,0.));
#6589=DIRECTION('center_axis',(0.,1.,0.));
#6590=DIRECTION('ref_axis',(-1.,0.,0.));
#6591=DIRECTION('center_axis',(0.,1.,0.));
#6592=DIRECTION('ref_axis',(1.,0.,0.));
#6593=DIRECTION('center_axis',(0.,-1.,0.));
#6594=DIRECTION('ref_axis',(1.,0.,0.));
#6595=DIRECTION('center_axis',(0.,-1.,0.));
#6596=DIRECTION('ref_axis',(1.,0.,0.));
#6597=DIRECTION('',(0.,-1.,0.));
#6598=DIRECTION('center_axis',(0.,-1.,0.));
#6599=DIRECTION('ref_axis',(1.,0.,0.));
#6600=DIRECTION('center_axis',(0.,-1.,0.));
#6601=DIRECTION('ref_axis',(1.,0.,0.));
#6602=DIRECTION('center_axis',(0.,-1.,0.));
#6603=DIRECTION('ref_axis',(1.,0.,0.));
#6604=DIRECTION('center_axis',(0.,-1.,0.));
#6605=DIRECTION('ref_axis',(1.,0.,0.));
#6606=DIRECTION('center_axis',(0.,1.,0.));
#6607=DIRECTION('ref_axis',(-1.,0.,0.));
#6608=DIRECTION('center_axis',(0.,-1.,0.));
#6609=DIRECTION('ref_axis',(-1.,0.,0.));
#6610=DIRECTION('',(-0.113228578036527,-0.642787609686539,-0.757630106284915));
#6611=DIRECTION('center_axis',(0.,1.,0.));
#6612=DIRECTION('ref_axis',(-1.,0.,0.));
#6613=DIRECTION('center_axis',(0.,-1.,0.));
#6614=DIRECTION('ref_axis',(-1.,0.,0.));
#6615=DIRECTION('center_axis',(0.,1.,0.));
#6616=DIRECTION('ref_axis',(-1.,0.,0.));
#6617=DIRECTION('center_axis',(0.,-1.,0.));
#6618=DIRECTION('ref_axis',(-1.,0.,0.));
#6619=DIRECTION('center_axis',(0.,-1.,0.));
#6620=DIRECTION('ref_axis',(-1.,0.,0.));
#6621=DIRECTION('center_axis',(0.,1.,0.));
#6622=DIRECTION('ref_axis',(-1.,0.,0.));
#6623=DIRECTION('',(0.,-1.,0.));
#6624=DIRECTION('center_axis',(0.,-1.,0.));
#6625=DIRECTION('ref_axis',(-1.,0.,0.));
#6626=DIRECTION('center_axis',(0.,1.,0.));
#6627=DIRECTION('ref_axis',(-1.,0.,0.));
#6628=DIRECTION('center_axis',(0.,-1.,0.));
#6629=DIRECTION('ref_axis',(-1.,0.,0.));
#6630=DIRECTION('center_axis',(0.,1.,0.));
#6631=DIRECTION('ref_axis',(-1.,0.,0.));
#6632=DIRECTION('center_axis',(0.,1.,0.));
#6633=DIRECTION('ref_axis',(-1.,0.,0.));
#6634=DIRECTION('',(0.147809411129611,0.,0.989015863361917));
#6635=DIRECTION('center_axis',(0.,1.,0.));
#6636=DIRECTION('ref_axis',(-1.,0.,0.));
#6637=DIRECTION('center_axis',(0.,1.,0.));
#6638=DIRECTION('ref_axis',(-1.,0.,0.));
#6639=DIRECTION('center_axis',(0.,1.,0.));
#6640=DIRECTION('ref_axis',(-1.,0.,0.));
#6641=DIRECTION('center_axis',(0.,-1.,0.));
#6642=DIRECTION('ref_axis',(-1.,0.,0.));
#6643=DIRECTION('center_axis',(0.,-1.,0.));
#6644=DIRECTION('ref_axis',(-1.,0.,0.));
#6645=DIRECTION('center_axis',(0.,1.,0.));
#6646=DIRECTION('ref_axis',(-1.,0.,0.));
#6647=DIRECTION('center_axis',(0.,-1.,0.));
#6648=DIRECTION('ref_axis',(-1.,0.,0.));
#6649=DIRECTION('center_axis',(0.,1.,0.));
#6650=DIRECTION('ref_axis',(-1.,0.,0.));
#6651=DIRECTION('center_axis',(0.,1.,0.));
#6652=DIRECTION('ref_axis',(-1.,0.,0.));
#6653=DIRECTION('center_axis',(0.,1.,0.));
#6654=DIRECTION('ref_axis',(-1.,0.,0.));
#6655=DIRECTION('center_axis',(0.,1.,0.));
#6656=DIRECTION('ref_axis',(-1.,0.,0.));
#6657=DIRECTION('center_axis',(0.989015863361917,0.,-0.147809411129611));
#6658=DIRECTION('ref_axis',(-0.147809411129611,0.,-0.989015863361917));
#6659=DIRECTION('center_axis',(0.,-1.,0.));
#6660=DIRECTION('ref_axis',(1.,0.,0.));
#6661=CARTESIAN_POINT('',(0.,0.,0.));
#6662=CARTESIAN_POINT('Ctrl Pts',(1.27634090741009,-1.,9.11103473201982));
#6663=CARTESIAN_POINT('Ctrl Pts',(1.27634090741009,-2.,9.11103473201982));
#6664=CARTESIAN_POINT('Ctrl Pts',(1.48676732469427,-1.,9.27188753381323));
#6665=CARTESIAN_POINT('Ctrl Pts',(1.48676732469427,-2.,9.27188753381323));
#6666=CARTESIAN_POINT('Ctrl Pts',(1.71225663690711,-1.,9.3999767622803));
#6667=CARTESIAN_POINT('Ctrl Pts',(1.71225663690711,-2.,9.3999767622803));
#6668=CARTESIAN_POINT('Ctrl Pts',(1.94691634061931,-1.,9.50260578802617));
#6669=CARTESIAN_POINT('Ctrl Pts',(1.94691634061931,-2.,9.50260578802617));
#6670=CARTESIAN_POINT('',(1.94691634061939,-1.,9.50260578802621));
#6671=CARTESIAN_POINT('',(1.27634090741009,-1.,9.11103473201982));
#6672=CARTESIAN_POINT('Ctrl Pts',(1.94691634061924,-1.,9.50260578802614));
#6673=CARTESIAN_POINT('Ctrl Pts',(1.71225663690706,-1.,9.39997676228027));
#6674=CARTESIAN_POINT('Ctrl Pts',(1.48676732469425,-1.,9.27188753381321));
#6675=CARTESIAN_POINT('Ctrl Pts',(1.27634090741009,-1.,9.11103473201982));
#6676=CARTESIAN_POINT('',(1.94691634061939,-2.,9.50260578802621));
#6677=CARTESIAN_POINT('',(1.94691634061939,-1.,9.50260578802621));
#6678=CARTESIAN_POINT('',(1.27634090741009,-2.,9.11103473201982));
#6679=CARTESIAN_POINT('Ctrl Pts',(1.27634090741009,-2.,9.11103473201982));
#6680=CARTESIAN_POINT('Ctrl Pts',(1.48676732469425,-2.,9.27188753381321));
#6681=CARTESIAN_POINT('Ctrl Pts',(1.71225663690706,-2.,9.39997676228027));
#6682=CARTESIAN_POINT('Ctrl Pts',(1.94691634061924,-2.,9.50260578802614));
#6683=CARTESIAN_POINT('',(1.27634090741009,-1.,9.11103473201982));
#6684=CARTESIAN_POINT('Origin',(0.,-1.,0.));
#6685=CARTESIAN_POINT('',(-1.25824130943338,-1.,9.11355193144996));
#6686=CARTESIAN_POINT('Origin',(0.,-1.,0.));
#6687=CARTESIAN_POINT('',(-1.25824130943338,-2.,9.11355193144996));
#6688=CARTESIAN_POINT('Origin',(0.,-2.,0.));
#6689=CARTESIAN_POINT('',(-1.25824130943338,-1.,9.11355193144996));
#6690=CARTESIAN_POINT('Ctrl Pts',(-1.93237469760867,-1.,9.50557352441407));
#6691=CARTESIAN_POINT('Ctrl Pts',(-1.93237469760867,-2.,9.50557352441407));
#6692=CARTESIAN_POINT('Ctrl Pts',(-1.69722055660892,-1.,9.4032249422569));
#6693=CARTESIAN_POINT('Ctrl Pts',(-1.69722055660892,-2.,9.4032249422569));
#6694=CARTESIAN_POINT('Ctrl Pts',(-1.46922216305209,-1.,9.27423269929606));
#6695=CARTESIAN_POINT('Ctrl Pts',(-1.46922216305209,-2.,9.27423269929606));
#6696=CARTESIAN_POINT('Ctrl Pts',(-1.25824130943338,-1.,9.11355193144996));
#6697=CARTESIAN_POINT('Ctrl Pts',(-1.25824130943338,-2.,9.11355193144996));
#6698=CARTESIAN_POINT('',(-1.93237469760867,-1.,9.50557352441407));
#6699=CARTESIAN_POINT('Ctrl Pts',(-1.25824130943338,-1.,9.11355193144996));
#6700=CARTESIAN_POINT('Ctrl Pts',(-1.46922216305209,-1.,9.27423269929606));
#6701=CARTESIAN_POINT('Ctrl Pts',(-1.69722055660892,-1.,9.4032249422569));
#6702=CARTESIAN_POINT('Ctrl Pts',(-1.93237469760868,-1.,9.50557352441407));
#6703=CARTESIAN_POINT('',(-1.93237469760867,-2.,9.50557352441407));
#6704=CARTESIAN_POINT('Ctrl Pts',(-1.93237469760868,-2.,9.50557352441407));
#6705=CARTESIAN_POINT('Ctrl Pts',(-1.69722055660892,-2.,9.4032249422569));
#6706=CARTESIAN_POINT('Ctrl Pts',(-1.46922216305209,-2.,9.27423269929606));
#6707=CARTESIAN_POINT('Ctrl Pts',(-1.25824130943338,-2.,9.11355193144996));
#6708=CARTESIAN_POINT('',(-1.93237469760867,-1.,9.50557352441407));
#6709=CARTESIAN_POINT('Origin',(0.,-1.,0.));
#6710=CARTESIAN_POINT('Origin',(0.,-1.,0.));
#6711=CARTESIAN_POINT('Origin',(0.,-2.,0.));
#6712=CARTESIAN_POINT('Origin',(0.00669135041495905,-2.,9.40128962394999));
#6713=CARTESIAN_POINT('Origin',(-0.895986407286215,-1.,-9.23140430132402));
#6714=CARTESIAN_POINT('',(-0.89567350591327,-1.,-9.26526473133546));
#6715=CARTESIAN_POINT('',(-0.895986407286215,-1.,-9.23140430132402));
#6716=CARTESIAN_POINT('',(-0.938597825944248,-1.,-4.62023578652662));
#6717=CARTESIAN_POINT('',(-0.89567350591327,-2.,-9.26526473133546));
#6718=CARTESIAN_POINT('',(-0.89567350591327,-1.,-9.26526473133546));
#6719=CARTESIAN_POINT('',(-0.895986407286215,-2.,-9.23140430132402));
#6720=CARTESIAN_POINT('Ctrl Pts',(-0.895986407286215,-2.,-9.23140430132402));
#6721=CARTESIAN_POINT('Ctrl Pts',(-0.895882106828567,-2.,-9.24269111132783));
#6722=CARTESIAN_POINT('Ctrl Pts',(-0.895777806370918,-2.,-9.25397792133164));
#6723=CARTESIAN_POINT('Ctrl Pts',(-0.89567350591327,-2.,-9.26526473133545));
#6724=CARTESIAN_POINT('',(-0.895986407286215,-1.,-9.23140430132402));
#6725=CARTESIAN_POINT('Ctrl Pts',(-0.486224269089606,-1.,-9.25061848056823));
#6726=CARTESIAN_POINT('Ctrl Pts',(-0.486224269089606,-2.,-9.25061848056823));
#6727=CARTESIAN_POINT('Ctrl Pts',(-0.511891436292692,-1.,-9.25061848056823));
#6728=CARTESIAN_POINT('Ctrl Pts',(-0.511891436292692,-2.,-9.25061848056823));
#6729=CARTESIAN_POINT('Ctrl Pts',(-0.537883054165118,-1.,-9.25051039660278));
#6730=CARTESIAN_POINT('Ctrl Pts',(-0.537883054165118,-2.,-9.25051039660278));
#6731=CARTESIAN_POINT('Ctrl Pts',(-0.564581487713605,-1.,-9.25020611936752));
#6732=CARTESIAN_POINT('Ctrl Pts',(-0.564581487713605,-2.,-9.25020611936752));
#6733=CARTESIAN_POINT('Ctrl Pts',(-0.65856997233508,-1.,-9.24913494954797));
#6734=CARTESIAN_POINT('Ctrl Pts',(-0.65856997233508,-2.,-9.24913494954797));
#6735=CARTESIAN_POINT('Ctrl Pts',(-0.758837629283107,-1.,-9.24738190750453));
#6736=CARTESIAN_POINT('Ctrl Pts',(-0.758837629283107,-2.,-9.24738190750453));
#6737=CARTESIAN_POINT('Ctrl Pts',(-0.895986407286198,-1.,-9.23140430132402));
#6738=CARTESIAN_POINT('Ctrl Pts',(-0.895986407286198,-2.,-9.23140430132402));
#6739=CARTESIAN_POINT('',(-0.486224269089606,-1.,-9.25061848056823));
#6740=CARTESIAN_POINT('Ctrl Pts',(-0.895986407286198,-1.,-9.23140430132402));
#6741=CARTESIAN_POINT('Ctrl Pts',(-0.758837629283107,-1.,-9.24738190750453));
#6742=CARTESIAN_POINT('Ctrl Pts',(-0.65856997233508,-1.,-9.24913494954797));
#6743=CARTESIAN_POINT('Ctrl Pts',(-0.564581487713605,-1.,-9.25020611936752));
#6744=CARTESIAN_POINT('Ctrl Pts',(-0.537883054165118,-1.,-9.25051039660278));
#6745=CARTESIAN_POINT('Ctrl Pts',(-0.511891436292692,-1.,-9.25061848056823));
#6746=CARTESIAN_POINT('Ctrl Pts',(-0.486224269089606,-1.,-9.25061848056823));
#6747=CARTESIAN_POINT('',(-0.486224269089606,-2.,-9.25061848056823));
#6748=CARTESIAN_POINT('Ctrl Pts',(-0.486224269089606,-2.,-9.25061848056823));
#6749=CARTESIAN_POINT('Ctrl Pts',(-0.511891436292692,-2.,-9.25061848056823));
#6750=CARTESIAN_POINT('Ctrl Pts',(-0.537883054165118,-2.,-9.25051039660278));
#6751=CARTESIAN_POINT('Ctrl Pts',(-0.564581487713605,-2.,-9.25020611936752));
#6752=CARTESIAN_POINT('Ctrl Pts',(-0.65856997233508,-2.,-9.24913494954797));
#6753=CARTESIAN_POINT('Ctrl Pts',(-0.758837629283107,-2.,-9.24738190750453));
#6754=CARTESIAN_POINT('Ctrl Pts',(-0.895986407286198,-2.,-9.23140430132402));
#6755=CARTESIAN_POINT('',(-0.486224269089606,-1.,-9.25061848056823));
#6756=CARTESIAN_POINT('Origin',(0.499871109609479,-1.,-9.25061848056823));
#6757=CARTESIAN_POINT('',(0.499871109609479,-1.,-9.25061848056823));
#6758=CARTESIAN_POINT('',(0.249935554804734,-1.,-9.25061848056823));
#6759=CARTESIAN_POINT('',(0.499871109609479,-2.,-9.25061848056823));
#6760=CARTESIAN_POINT('',(0.499871109609479,-2.,-9.25061848056823));
#6761=CARTESIAN_POINT('',(0.499871109609479,-1.,-9.25061848056823));
#6762=CARTESIAN_POINT('Ctrl Pts',(0.908663093007518,-1.,-9.23071415270484));
#6763=CARTESIAN_POINT('Ctrl Pts',(0.908663093007518,-2.,-9.23071415270484));
#6764=CARTESIAN_POINT('Ctrl Pts',(0.736056392651794,-1.,-9.25118320870407));
#6765=CARTESIAN_POINT('Ctrl Pts',(0.736056392651794,-2.,-9.25118320870407));
#6766=CARTESIAN_POINT('Ctrl Pts',(0.617233077198442,-1.,-9.25061848056823));
#6767=CARTESIAN_POINT('Ctrl Pts',(0.617233077198442,-2.,-9.25061848056823));
#6768=CARTESIAN_POINT('Ctrl Pts',(0.499871109609479,-1.,-9.25061848056823));
#6769=CARTESIAN_POINT('Ctrl Pts',(0.499871109609479,-2.,-9.25061848056823));
#6770=CARTESIAN_POINT('',(0.908663093007518,-1.,-9.23071415270484));
#6771=CARTESIAN_POINT('Ctrl Pts',(0.499871109609479,-1.,-9.25061848056823));
#6772=CARTESIAN_POINT('Ctrl Pts',(0.617233077198442,-1.,-9.25061848056823));
#6773=CARTESIAN_POINT('Ctrl Pts',(0.736056392651794,-1.,-9.25118320870407));
#6774=CARTESIAN_POINT('Ctrl Pts',(0.908663093007518,-1.,-9.23071415270484));
#6775=CARTESIAN_POINT('',(0.908663093007518,-2.,-9.23071415270484));
#6776=CARTESIAN_POINT('Ctrl Pts',(0.908663093007518,-2.,-9.23071415270484));
#6777=CARTESIAN_POINT('Ctrl Pts',(0.736056392651794,-2.,-9.25118320870407));
#6778=CARTESIAN_POINT('Ctrl Pts',(0.617233077198442,-2.,-9.25061848056823));
#6779=CARTESIAN_POINT('Ctrl Pts',(0.499871109609479,-2.,-9.25061848056823));
#6780=CARTESIAN_POINT('',(0.908663093007518,-1.,-9.23071415270484));
#6781=CARTESIAN_POINT('Origin',(0.908321027326501,-1.,-9.2652628691294));
#6782=CARTESIAN_POINT('',(0.908321027326501,-1.,-9.2652628691294));
#6783=CARTESIAN_POINT('',(0.954139543062339,-1.,-4.63758171014313));
#6784=CARTESIAN_POINT('',(0.908321027326501,-2.,-9.2652628691294));
#6785=CARTESIAN_POINT('Ctrl Pts',(0.908321027326501,-2.,-9.2652628691294));
#6786=CARTESIAN_POINT('Ctrl Pts',(0.908435049220172,-2.,-9.25374663032121));
#6787=CARTESIAN_POINT('Ctrl Pts',(0.908549071113842,-2.,-9.24223039151302));
#6788=CARTESIAN_POINT('Ctrl Pts',(0.908663093007512,-2.,-9.23071415270484));
#6789=CARTESIAN_POINT('',(0.908321027326501,-1.,-9.2652628691294));
#6790=CARTESIAN_POINT('Origin',(2.87139408056992,-1.,-9.2652628691294));
#6791=CARTESIAN_POINT('',(2.87139408056992,-1.,-9.2652628691294));
#6792=CARTESIAN_POINT('',(1.43569704028495,-1.,-9.2652628691294));
#6793=CARTESIAN_POINT('',(2.87139408056992,-2.,-9.2652628691294));
#6794=CARTESIAN_POINT('',(7.30989080196487,-2.,-9.26526286912941));
#6795=CARTESIAN_POINT('',(2.87139408056992,-1.,-9.2652628691294));
#6796=CARTESIAN_POINT('Origin',(0.,-1.,0.));
#6797=CARTESIAN_POINT('',(-2.87138807169479,-1.,-9.26526473133547));
#6798=CARTESIAN_POINT('Origin',(0.,-1.,0.));
#6799=CARTESIAN_POINT('',(-2.87138807169479,-2.,-9.26526473133547));
#6800=CARTESIAN_POINT('Origin',(0.,-2.,0.));
#6801=CARTESIAN_POINT('',(-2.87138807169479,-1.,-9.26526473133547));
#6802=CARTESIAN_POINT('Origin',(-0.89567350591327,-1.,-9.26526473133546));
#6803=CARTESIAN_POINT('',(-0.447836752956622,-1.,-9.26526473133546));
#6804=CARTESIAN_POINT('',(-0.89567350591327,-2.,-9.26526473133546));
#6805=CARTESIAN_POINT('Origin',(3.00443756540147E-6,-2.,-9.46069299672741));
#6806=CARTESIAN_POINT('Origin',(0.,-1.,0.));
#6807=CARTESIAN_POINT('',(-7.2968916849855,-1.,2.45873376712272));
#6808=CARTESIAN_POINT('',(-7.29869235280837,-1.,-2.45338336569247));
#6809=CARTESIAN_POINT('Origin',(0.,-1.,0.));
#6810=CARTESIAN_POINT('',(-7.2968916849855,-2.,2.45873376712272));
#6811=CARTESIAN_POINT('',(-7.2968916849855,-1.,2.45873376712272));
#6812=CARTESIAN_POINT('',(-7.29869235280837,-2.,-2.45338336569247));
#6813=CARTESIAN_POINT('Origin',(0.,-2.,0.));
#6814=CARTESIAN_POINT('',(-7.29869235280837,-1.,-2.45338336569247));
#6815=CARTESIAN_POINT('Ctrl Pts',(-7.29860362509386,-1.,-3.73769783740831));
#6816=CARTESIAN_POINT('Ctrl Pts',(-7.29860362509386,-2.,-3.73769783740831));
#6817=CARTESIAN_POINT('Ctrl Pts',(-7.29866097597035,-1.,-3.29580561508184));
#6818=CARTESIAN_POINT('Ctrl Pts',(-7.29866097597035,-2.,-3.29580561508184));
#6819=CARTESIAN_POINT('Ctrl Pts',(-7.29869055199379,-1.,-2.86770190859203));
#6820=CARTESIAN_POINT('Ctrl Pts',(-7.29869055199379,-2.,-2.86770190859203));
#6821=CARTESIAN_POINT('Ctrl Pts',(-7.29869235280837,-1.,-2.45338336738378));
#6822=CARTESIAN_POINT('Ctrl Pts',(-7.29869235280837,-2.,-2.45338336738378));
#6823=CARTESIAN_POINT('',(-7.29860362509386,-1.,-3.73769783740831));
#6824=CARTESIAN_POINT('Ctrl Pts',(-7.29869235280837,-1.,-2.45338336738378));
#6825=CARTESIAN_POINT('Ctrl Pts',(-7.29869055199379,-1.,-2.86770190859203));
#6826=CARTESIAN_POINT('Ctrl Pts',(-7.29866097597035,-1.,-3.29580561508184));
#6827=CARTESIAN_POINT('Ctrl Pts',(-7.29860362509386,-1.,-3.73769783740831));
#6828=CARTESIAN_POINT('',(-7.29860362509386,-2.,-3.73769783740831));
#6829=CARTESIAN_POINT('Ctrl Pts',(-7.29860362509386,-2.,-3.73769783740831));
#6830=CARTESIAN_POINT('Ctrl Pts',(-7.29866097597035,-2.,-3.29580561508184));
#6831=CARTESIAN_POINT('Ctrl Pts',(-7.29869055199379,-2.,-2.86770190859203));
#6832=CARTESIAN_POINT('Ctrl Pts',(-7.29869235280837,-2.,-2.45338336738378));
#6833=CARTESIAN_POINT('',(-7.29860362509386,-1.,-3.73769783740831));
#6834=CARTESIAN_POINT('Origin',(0.,-1.,0.));
#6835=CARTESIAN_POINT('',(-7.29540719042342,-1.,3.74393294890791));
#6836=CARTESIAN_POINT('Origin',(0.,-1.,0.));
#6837=CARTESIAN_POINT('',(-7.29540719042342,-2.,3.74393294890791));
#6838=CARTESIAN_POINT('Origin',(0.,-2.,0.));
#6839=CARTESIAN_POINT('',(-7.29540719042342,-1.,3.74393294890791));
#6840=CARTESIAN_POINT('Ctrl Pts',(-7.2968916849855,-1.,2.45873376712272));
#6841=CARTESIAN_POINT('Ctrl Pts',(-7.2968916849855,-2.,2.45873376712272));
#6842=CARTESIAN_POINT('Ctrl Pts',(-7.29647074599742,-1.,2.92368760433025));
#6843=CARTESIAN_POINT('Ctrl Pts',(-7.29647074599742,-2.,2.92368760433025));
#6844=CARTESIAN_POINT('Ctrl Pts',(-7.29597595786012,-1.,3.3520824938779));
#6845=CARTESIAN_POINT('Ctrl Pts',(-7.29597595786012,-2.,3.3520824938779));
#6846=CARTESIAN_POINT('Ctrl Pts',(-7.29540719043075,-1.,3.74393294385666));
#6847=CARTESIAN_POINT('Ctrl Pts',(-7.29540719043075,-2.,3.74393294385666));
#6848=CARTESIAN_POINT('Ctrl Pts',(-7.29540719043075,-1.,3.74393294385666));
#6849=CARTESIAN_POINT('Ctrl Pts',(-7.29597595786012,-1.,3.3520824938779));
#6850=CARTESIAN_POINT('Ctrl Pts',(-7.29647074599742,-1.,2.92368760433025));
#6851=CARTESIAN_POINT('Ctrl Pts',(-7.2968916849855,-1.,2.45873376712272));
#6852=CARTESIAN_POINT('Ctrl Pts',(-7.2968916849855,-2.,2.45873376712272));
#6853=CARTESIAN_POINT('Ctrl Pts',(-7.29647074599742,-2.,2.92368760433025));
#6854=CARTESIAN_POINT('Ctrl Pts',(-7.29597595786012,-2.,3.3520824938779));
#6855=CARTESIAN_POINT('Ctrl Pts',(-7.29540719043075,-2.,3.74393294385666));
#6856=CARTESIAN_POINT('Origin',(-7.74707692213508,-2.,0.00311755574979644));
#6857=CARTESIAN_POINT('Origin',(0.,-1.,0.));
#6858=CARTESIAN_POINT('',(0.281179101655683,-1.,7.69486441159245));
#6859=CARTESIAN_POINT('',(-0.258261405706106,-1.,7.69566768034605));
#6860=CARTESIAN_POINT('Origin',(0.,-1.,0.));
#6861=CARTESIAN_POINT('',(0.281179101655683,-2.,7.69486441159245));
#6862=CARTESIAN_POINT('',(0.281179101655683,-1.,7.69486441159245));
#6863=CARTESIAN_POINT('',(-0.258261405706106,-2.,7.69566768034605));
#6864=CARTESIAN_POINT('Origin',(0.,-2.,0.));
#6865=CARTESIAN_POINT('',(-0.258261405706106,-1.,7.69566768034605));
#6866=CARTESIAN_POINT('Ctrl Pts',(-0.467146582690175,-1.,8.18668272686079));
#6867=CARTESIAN_POINT('Ctrl Pts',(-0.467146582690175,-2.,8.18668272686079));
#6868=CARTESIAN_POINT('Ctrl Pts',(-0.382341581270474,-1.,8.02824128240452));
#6869=CARTESIAN_POINT('Ctrl Pts',(-0.382341581270474,-2.,8.02824128240452));
#6870=CARTESIAN_POINT('Ctrl Pts',(-0.312813233340516,-1.,7.86257468642372));
#6871=CARTESIAN_POINT('Ctrl Pts',(-0.312813233340516,-2.,7.86257468642372));
#6872=CARTESIAN_POINT('Ctrl Pts',(-0.258261405706116,-1.,7.69566768034607));
#6873=CARTESIAN_POINT('Ctrl Pts',(-0.258261405706116,-2.,7.69566768034607));
#6874=CARTESIAN_POINT('',(-0.467146582690175,-1.,8.18668272686079));
#6875=CARTESIAN_POINT('Ctrl Pts',(-0.258261405706125,-1.,7.6956676803461));
#6876=CARTESIAN_POINT('Ctrl Pts',(-0.312813233340531,-1.,7.86257468642376));
#6877=CARTESIAN_POINT('Ctrl Pts',(-0.382341581270497,-1.,8.02824128240457));
#6878=CARTESIAN_POINT('Ctrl Pts',(-0.467146582690208,-1.,8.18668272686086));
#6879=CARTESIAN_POINT('',(-0.467146582690175,-2.,8.18668272686079));
#6880=CARTESIAN_POINT('Ctrl Pts',(-0.467146582690208,-2.,8.18668272686086));
#6881=CARTESIAN_POINT('Ctrl Pts',(-0.382341581270497,-2.,8.02824128240457));
#6882=CARTESIAN_POINT('Ctrl Pts',(-0.312813233340531,-2.,7.86257468642376));
#6883=CARTESIAN_POINT('Ctrl Pts',(-0.258261405706125,-2.,7.6956676803461));
#6884=CARTESIAN_POINT('',(-0.467146582690175,-1.,8.18668272686079));
#6885=CARTESIAN_POINT('Origin',(0.,-1.,0.));
#6886=CARTESIAN_POINT('',(0.489112614066228,-1.,8.18539973677286));
#6887=CARTESIAN_POINT('Origin',(0.,-1.,0.));
#6888=CARTESIAN_POINT('',(0.489112614066228,-2.,8.18539973677286));
#6889=CARTESIAN_POINT('Origin',(0.,-2.,0.));
#6890=CARTESIAN_POINT('',(0.489112614066228,-1.,8.18539973677286));
#6891=CARTESIAN_POINT('Ctrl Pts',(0.28117910165568,-1.,7.69486441159246));
#6892=CARTESIAN_POINT('Ctrl Pts',(0.28117910165568,-2.,7.69486441159246));
#6893=CARTESIAN_POINT('Ctrl Pts',(0.335228842440442,-1.,7.86080324246487));
#6894=CARTESIAN_POINT('Ctrl Pts',(0.335228842440442,-2.,7.86080324246487));
#6895=CARTESIAN_POINT('Ctrl Pts',(0.40440714112356,-1.,8.02657550270552));
#6896=CARTESIAN_POINT('Ctrl Pts',(0.40440714112356,-2.,8.02657550270552));
#6897=CARTESIAN_POINT('Ctrl Pts',(0.489112614066228,-1.,8.18539973677287));
#6898=CARTESIAN_POINT('Ctrl Pts',(0.489112614066228,-2.,8.18539973677287));
#6899=CARTESIAN_POINT('Ctrl Pts',(0.489112614066244,-1.,8.1853997367729));
#6900=CARTESIAN_POINT('Ctrl Pts',(0.404407141123569,-1.,8.02657550270554));
#6901=CARTESIAN_POINT('Ctrl Pts',(0.335228842440446,-1.,7.86080324246488));
#6902=CARTESIAN_POINT('Ctrl Pts',(0.281179101655681,-1.,7.69486441159246));
#6903=CARTESIAN_POINT('Ctrl Pts',(0.281179101655681,-2.,7.69486441159246));
#6904=CARTESIAN_POINT('Ctrl Pts',(0.335228842440446,-2.,7.86080324246488));
#6905=CARTESIAN_POINT('Ctrl Pts',(0.404407141123569,-2.,8.02657550270554));
#6906=CARTESIAN_POINT('Ctrl Pts',(0.489112614066244,-2.,8.1853997367729));
#6907=CARTESIAN_POINT('Origin',(0.0104035445976302,-2.,7.9430266270227));
#6908=CARTESIAN_POINT('Ctrl Pts',(7.31271429512188,-1.,-5.58249134722228));
#6909=CARTESIAN_POINT('Ctrl Pts',(7.31271429512188,-2.,-5.58249134722228));
#6910=CARTESIAN_POINT('Ctrl Pts',(7.31254963553282,-1.,-5.84211351640249));
#6911=CARTESIAN_POINT('Ctrl Pts',(7.31254963553282,-2.,-5.84211351640249));
#6912=CARTESIAN_POINT('Ctrl Pts',(7.31237272023846,-1.,-6.10579496872832));
#6913=CARTESIAN_POINT('Ctrl Pts',(7.31237272023846,-2.,-6.10579496872832));
#6914=CARTESIAN_POINT('Ctrl Pts',(7.31218354751908,-1.,-6.37353683345372));
#6915=CARTESIAN_POINT('Ctrl Pts',(7.31218354751908,-2.,-6.37353683345372));
#6916=CARTESIAN_POINT('',(7.31218354751908,-1.,-6.37353683345372));
#6917=CARTESIAN_POINT('',(7.31271429512209,-1.,-5.58249134687345));
#6918=CARTESIAN_POINT('Ctrl Pts',(7.31218354751908,-1.,-6.37353683345372));
#6919=CARTESIAN_POINT('Ctrl Pts',(7.31237272023843,-1.,-6.10579496877804));
#6920=CARTESIAN_POINT('Ctrl Pts',(7.31254963553282,-1.,-5.84211351641122));
#6921=CARTESIAN_POINT('Ctrl Pts',(7.31271429512188,-1.,-5.58249134722228));
#6922=CARTESIAN_POINT('',(7.31218354751908,-2.,-6.37353683345372));
#6923=CARTESIAN_POINT('',(7.31218354751908,-1.,-6.37353683345372));
#6924=CARTESIAN_POINT('',(7.31271429512209,-2.,-5.58249134687345));
#6925=CARTESIAN_POINT('Ctrl Pts',(7.31271429512188,-2.,-5.58249134722228));
#6926=CARTESIAN_POINT('Ctrl Pts',(7.31254963553282,-2.,-5.84211351640249));
#6927=CARTESIAN_POINT('Ctrl Pts',(7.31237272023846,-2.,-6.10579496872832));
#6928=CARTESIAN_POINT('Ctrl Pts',(7.31218354751908,-2.,-6.37353683345372));
#6929=CARTESIAN_POINT('',(7.31271429512209,-1.,-5.58249134687345));
#6930=CARTESIAN_POINT('Origin',(0.,-1.,0.));
#6931=CARTESIAN_POINT('',(7.30623755788018,-1.,5.59096527871717));
#6932=CARTESIAN_POINT('Origin',(0.,-1.,0.));
#6933=CARTESIAN_POINT('',(7.30623755788018,-2.,5.59096527871717));
#6934=CARTESIAN_POINT('Origin',(0.,-2.,0.));
#6935=CARTESIAN_POINT('',(7.30623755788018,-1.,5.59096527871717));
#6936=CARTESIAN_POINT('Ctrl Pts',(7.30623232298742,-1.,6.38035808105891));
#6937=CARTESIAN_POINT('Ctrl Pts',(7.30623232298742,-2.,6.38035808105891));
#6938=CARTESIAN_POINT('Ctrl Pts',(7.30623582404327,-1.,6.37757590955698));
#6939=CARTESIAN_POINT('Ctrl Pts',(7.30623582404327,-2.,6.37757590955698));
#6940=CARTESIAN_POINT('Ctrl Pts',(7.30623755788018,-1.,6.37479870716323));
#6941=CARTESIAN_POINT('Ctrl Pts',(7.30623755788018,-2.,6.37479870716323));
#6942=CARTESIAN_POINT('Ctrl Pts',(7.30623755788018,-1.,6.37202649399194));
#6943=CARTESIAN_POINT('Ctrl Pts',(7.30623755788018,-2.,6.37202649399194));
#6944=CARTESIAN_POINT('Ctrl Pts',(7.30623755788018,-1.,6.20529623836666));
#6945=CARTESIAN_POINT('Ctrl Pts',(7.30623755788018,-2.,6.20529623836666));
#6946=CARTESIAN_POINT('Ctrl Pts',(7.30623755788018,-1.,6.03856598274138));
#6947=CARTESIAN_POINT('Ctrl Pts',(7.30623755788018,-2.,6.03856598274138));
#6948=CARTESIAN_POINT('Ctrl Pts',(7.30623755788018,-1.,5.87183572711609));
#6949=CARTESIAN_POINT('Ctrl Pts',(7.30623755788018,-2.,5.87183572711609));
#6950=CARTESIAN_POINT('Ctrl Pts',(7.30623755788018,-1.,5.77821224431645));
#6951=CARTESIAN_POINT('Ctrl Pts',(7.30623755788018,-2.,5.77821224431645));
#6952=CARTESIAN_POINT('Ctrl Pts',(7.30623755788018,-1.,5.68458876151682));
#6953=CARTESIAN_POINT('Ctrl Pts',(7.30623755788018,-2.,5.68458876151682));
#6954=CARTESIAN_POINT('Ctrl Pts',(7.30623755788018,-1.,5.59096527871717));
#6955=CARTESIAN_POINT('Ctrl Pts',(7.30623755788018,-2.,5.59096527871717));
#6956=CARTESIAN_POINT('',(7.30623232298742,-1.,6.38035808105891));
#6957=CARTESIAN_POINT('Ctrl Pts',(7.30623755788018,-1.,5.59096527871717));
#6958=CARTESIAN_POINT('Ctrl Pts',(7.30623755788018,-1.,5.8513190171421));
#6959=CARTESIAN_POINT('Ctrl Pts',(7.30623755788018,-1.,6.11167275556702));
#6960=CARTESIAN_POINT('Ctrl Pts',(7.30623755788018,-1.,6.37202649399194));
#6961=CARTESIAN_POINT('Ctrl Pts',(7.30623755788018,-1.,6.37479870716338));
#6962=CARTESIAN_POINT('Ctrl Pts',(7.30623582404327,-1.,6.37757590955728));
#6963=CARTESIAN_POINT('Ctrl Pts',(7.30623232298742,-1.,6.38035808105936));
#6964=CARTESIAN_POINT('',(7.30623232298742,-2.,6.38035808105891));
#6965=CARTESIAN_POINT('Ctrl Pts',(7.30623232298742,-2.,6.38035808105936));
#6966=CARTESIAN_POINT('Ctrl Pts',(7.30623582404327,-2.,6.37757590955728));
#6967=CARTESIAN_POINT('Ctrl Pts',(7.30623755788018,-2.,6.37479870716338));
#6968=CARTESIAN_POINT('Ctrl Pts',(7.30623755788018,-2.,6.37202649399194));
#6969=CARTESIAN_POINT('Ctrl Pts',(7.30623755788018,-2.,6.11167275556702));
#6970=CARTESIAN_POINT('Ctrl Pts',(7.30623755788018,-2.,5.8513190171421));
#6971=CARTESIAN_POINT('Ctrl Pts',(7.30623755788018,-2.,5.59096527871717));
#6972=CARTESIAN_POINT('',(7.30623232298742,-1.,6.38035808105891));
#6973=CARTESIAN_POINT('Origin',(0.,-1.,0.));
#6974=CARTESIAN_POINT('Origin',(0.,-1.,0.));
#6975=CARTESIAN_POINT('Origin',(0.,-2.,0.));
#6976=CARTESIAN_POINT('Origin',(8.49990356829539,-2.,0.00586642616851929));
#6977=CARTESIAN_POINT('Origin',(0.,-1.,0.));
#6978=CARTESIAN_POINT('',(-7.29126502234857,-1.,5.61047719662742));
#6979=CARTESIAN_POINT('',(-7.29821985979722,-1.,-5.60142721795628));
#6980=CARTESIAN_POINT('Origin',(0.,-1.,0.));
#6981=CARTESIAN_POINT('',(-7.29126502234857,-2.,5.61047719662742));
#6982=CARTESIAN_POINT('',(-7.29126502234857,-1.,5.61047719662742));
#6983=CARTESIAN_POINT('',(-7.29821985979722,-2.,-5.60142721795628));
#6984=CARTESIAN_POINT('Origin',(0.,-2.,0.));
#6985=CARTESIAN_POINT('',(-7.29821985979722,-1.,-5.60142721795628));
#6986=CARTESIAN_POINT('Ctrl Pts',(-7.29798119350703,-1.,-6.38979424545248));
#6987=CARTESIAN_POINT('Ctrl Pts',(-7.29798119350703,-2.,-6.38979424545248));
#6988=CARTESIAN_POINT('Ctrl Pts',(-7.29806885200177,-1.,-6.12298127104904));
#6989=CARTESIAN_POINT('Ctrl Pts',(-7.29806885200177,-2.,-6.12298127104904));
#6990=CARTESIAN_POINT('Ctrl Pts',(-7.29814840731215,-1.,-5.86019243794755));
#6991=CARTESIAN_POINT('Ctrl Pts',(-7.29814840731215,-2.,-5.86019243794755));
#6992=CARTESIAN_POINT('Ctrl Pts',(-7.2982198597972,-1.,-5.60142721800742));
#6993=CARTESIAN_POINT('Ctrl Pts',(-7.2982198597972,-2.,-5.60142721800742));
#6994=CARTESIAN_POINT('',(-7.29798119350703,-1.,-6.38979424545248));
#6995=CARTESIAN_POINT('Ctrl Pts',(-7.29821985979719,-1.,-5.60142721805855));
#6996=CARTESIAN_POINT('Ctrl Pts',(-7.29814840731213,-1.,-5.86019243798489));
#6997=CARTESIAN_POINT('Ctrl Pts',(-7.29806885200176,-1.,-6.12298127107213));
#6998=CARTESIAN_POINT('Ctrl Pts',(-7.29798119350703,-1.,-6.38979424546089));
#6999=CARTESIAN_POINT('',(-7.29798119350703,-2.,-6.38979424545248));
#7000=CARTESIAN_POINT('Ctrl Pts',(-7.29798119350703,-2.,-6.38979424546089));
#7001=CARTESIAN_POINT('Ctrl Pts',(-7.29806885200176,-2.,-6.12298127107213));
#7002=CARTESIAN_POINT('Ctrl Pts',(-7.29814840731213,-2.,-5.86019243798489));
#7003=CARTESIAN_POINT('Ctrl Pts',(-7.29821985979719,-2.,-5.60142721805855));
#7004=CARTESIAN_POINT('',(-7.29798119350703,-1.,-6.38979424545248));
#7005=CARTESIAN_POINT('Origin',(0.,-1.,0.));
#7006=CARTESIAN_POINT('',(-7.28743837363584,-1.,6.40181551987089));
#7007=CARTESIAN_POINT('Origin',(0.,-1.,0.));
#7008=CARTESIAN_POINT('',(-7.28743837363584,-2.,6.40181551987089));
#7009=CARTESIAN_POINT('Origin',(0.,-2.,0.));
#7010=CARTESIAN_POINT('',(-7.28743837363584,-1.,6.40181551987089));
#7011=CARTESIAN_POINT('Ctrl Pts',(-7.28764277331966,-1.,6.38697071916865));
#7012=CARTESIAN_POINT('Ctrl Pts',(-7.28764277331966,-2.,6.38697071916865));
#7013=CARTESIAN_POINT('Ctrl Pts',(-7.28762779853473,-1.,6.38809382842113));
#7014=CARTESIAN_POINT('Ctrl Pts',(-7.28762779853473,-2.,6.38809382842113));
#7015=CARTESIAN_POINT('Ctrl Pts',(-7.28761282374978,-1.,6.38921693767385));
#7016=CARTESIAN_POINT('Ctrl Pts',(-7.28761282374978,-2.,6.38921693767385));
#7017=CARTESIAN_POINT('Ctrl Pts',(-7.28759784896485,-1.,6.39034004692628));
#7018=CARTESIAN_POINT('Ctrl Pts',(-7.28759784896485,-2.,6.39034004692628));
#7019=CARTESIAN_POINT('Ctrl Pts',(-7.28754822348656,-1.,6.39406195906446));
#7020=CARTESIAN_POINT('Ctrl Pts',(-7.28754822348656,-2.,6.39406195906446));
#7021=CARTESIAN_POINT('Ctrl Pts',(-7.28749592069023,-1.,6.39788941786651));
#7022=CARTESIAN_POINT('Ctrl Pts',(-7.28749592069023,-2.,6.39788941786651));
#7023=CARTESIAN_POINT('Ctrl Pts',(-7.28743837363584,-1.,6.40181551987089));
#7024=CARTESIAN_POINT('Ctrl Pts',(-7.28743837363584,-2.,6.40181551987089));
#7025=CARTESIAN_POINT('',(-7.28764277331966,-1.,6.38697071916891));
#7026=CARTESIAN_POINT('Ctrl Pts',(-7.28743837363583,-1.,6.40181551987105));
#7027=CARTESIAN_POINT('Ctrl Pts',(-7.28749592069023,-1.,6.39788941786662));
#7028=CARTESIAN_POINT('Ctrl Pts',(-7.28754822348656,-1.,6.39406195906451));
#7029=CARTESIAN_POINT('Ctrl Pts',(-7.28759784896485,-1.,6.39034004692628));
#7030=CARTESIAN_POINT('Ctrl Pts',(-7.28761282374979,-1.,6.38921693767375));
#7031=CARTESIAN_POINT('Ctrl Pts',(-7.28762779853473,-1.,6.38809382842094));
#7032=CARTESIAN_POINT('Ctrl Pts',(-7.28764277331967,-1.,6.38697071916836));
#7033=CARTESIAN_POINT('',(-7.28764277331966,-2.,6.38697071916891));
#7034=CARTESIAN_POINT('Ctrl Pts',(-7.28764277331967,-2.,6.38697071916836));
#7035=CARTESIAN_POINT('Ctrl Pts',(-7.28762779853473,-2.,6.38809382842094));
#7036=CARTESIAN_POINT('Ctrl Pts',(-7.28761282374979,-2.,6.38921693767375));
#7037=CARTESIAN_POINT('Ctrl Pts',(-7.28759784896485,-2.,6.39034004692628));
#7038=CARTESIAN_POINT('Ctrl Pts',(-7.28754822348656,-2.,6.39406195906451));
#7039=CARTESIAN_POINT('Ctrl Pts',(-7.28749592069023,-2.,6.39788941786662));
#7040=CARTESIAN_POINT('Ctrl Pts',(-7.28743837363583,-2.,6.40181551987105));
#7041=CARTESIAN_POINT('',(-7.28764277331966,-1.,6.38697071916891));
#7042=CARTESIAN_POINT('Ctrl Pts',(-7.29126502234857,-1.,5.61047719662742));
#7043=CARTESIAN_POINT('Ctrl Pts',(-7.29126502234857,-2.,5.61047719662742));
#7044=CARTESIAN_POINT('Ctrl Pts',(-7.29018377681545,-1.,5.92639359429755));
#7045=CARTESIAN_POINT('Ctrl Pts',(-7.29018377681545,-2.,5.92639359429755));
#7046=CARTESIAN_POINT('Ctrl Pts',(-7.28897372621659,-1.,6.18510951734127));
#7047=CARTESIAN_POINT('Ctrl Pts',(-7.28897372621659,-2.,6.18510951734127));
#7048=CARTESIAN_POINT('Ctrl Pts',(-7.28766499015577,-1.,6.38360116601269));
#7049=CARTESIAN_POINT('Ctrl Pts',(-7.28766499015577,-2.,6.38360116601269));
#7050=CARTESIAN_POINT('Ctrl Pts',(-7.28765758454491,-1.,6.38472435039793));
#7051=CARTESIAN_POINT('Ctrl Pts',(-7.28765758454491,-2.,6.38472435039793));
#7052=CARTESIAN_POINT('Ctrl Pts',(-7.28765017893406,-1.,6.38584753478335));
#7053=CARTESIAN_POINT('Ctrl Pts',(-7.28765017893406,-2.,6.38584753478335));
#7054=CARTESIAN_POINT('Ctrl Pts',(-7.2876427733232,-1.,6.3869707191686));
#7055=CARTESIAN_POINT('Ctrl Pts',(-7.2876427733232,-2.,6.3869707191686));
#7056=CARTESIAN_POINT('Ctrl Pts',(-7.28764277332321,-1.,6.38697071916851));
#7057=CARTESIAN_POINT('Ctrl Pts',(-7.28765017893406,-1.,6.38584753478329));
#7058=CARTESIAN_POINT('Ctrl Pts',(-7.28765758454491,-1.,6.3847243503979));
#7059=CARTESIAN_POINT('Ctrl Pts',(-7.28766499015577,-1.,6.38360116601269));
#7060=CARTESIAN_POINT('Ctrl Pts',(-7.28897372621659,-1.,6.18510951734127));
#7061=CARTESIAN_POINT('Ctrl Pts',(-7.29018377681545,-1.,5.92639359429755));
#7062=CARTESIAN_POINT('Ctrl Pts',(-7.29126502234857,-1.,5.61047719662742));
#7063=CARTESIAN_POINT('Ctrl Pts',(-7.29126502234857,-2.,5.61047719662742));
#7064=CARTESIAN_POINT('Ctrl Pts',(-7.29018377681545,-2.,5.92639359429755));
#7065=CARTESIAN_POINT('Ctrl Pts',(-7.28897372621659,-2.,6.18510951734127));
#7066=CARTESIAN_POINT('Ctrl Pts',(-7.28766499015577,-2.,6.38360116601269));
#7067=CARTESIAN_POINT('Ctrl Pts',(-7.28765758454491,-2.,6.3847243503979));
#7068=CARTESIAN_POINT('Ctrl Pts',(-7.28765017893406,-2.,6.38584753478329));
#7069=CARTESIAN_POINT('Ctrl Pts',(-7.28764277332321,-2.,6.38697071916851));
#7070=CARTESIAN_POINT('Origin',(-8.48877982891426,-2.,0.0103233220362331));
#7071=CARTESIAN_POINT('Ctrl Pts',(7.31417210298955,-1.,-2.40684159176489));
#7072=CARTESIAN_POINT('Ctrl Pts',(7.31417210298955,-2.,-2.40684159176489));
#7073=CARTESIAN_POINT('Ctrl Pts',(7.3140646435519,-1.,-2.8263617650811));
#7074=CARTESIAN_POINT('Ctrl Pts',(7.3140646435519,-2.,-2.8263617650811));
#7075=CARTESIAN_POINT('Ctrl Pts',(7.31391425529008,-1.,-3.26008874453502));
#7076=CARTESIAN_POINT('Ctrl Pts',(7.31391425529008,-2.,-3.26008874453502));
#7077=CARTESIAN_POINT('Ctrl Pts',(7.31372093372799,-1.,-3.70802994911704));
#7078=CARTESIAN_POINT('Ctrl Pts',(7.31372093372799,-2.,-3.70802994911704));
#7079=CARTESIAN_POINT('',(7.31372093372799,-1.,-3.70802994911704));
#7080=CARTESIAN_POINT('',(7.31417210298955,-1.,-2.40684159176489));
#7081=CARTESIAN_POINT('Ctrl Pts',(7.31372093372799,-1.,-3.70802994911704));
#7082=CARTESIAN_POINT('Ctrl Pts',(7.31391425529008,-1.,-3.26008874453502));
#7083=CARTESIAN_POINT('Ctrl Pts',(7.3140646435519,-1.,-2.8263617650811));
#7084=CARTESIAN_POINT('Ctrl Pts',(7.31417210298955,-1.,-2.40684159176489));
#7085=CARTESIAN_POINT('',(7.31372093372799,-2.,-3.70802994911704));
#7086=CARTESIAN_POINT('',(7.31372093372799,-1.,-3.70802994911704));
#7087=CARTESIAN_POINT('',(7.31417210298955,-2.,-2.40684159176489));
#7088=CARTESIAN_POINT('Ctrl Pts',(7.31417210298955,-2.,-2.40684159176489));
#7089=CARTESIAN_POINT('Ctrl Pts',(7.3140646435519,-2.,-2.8263617650811));
#7090=CARTESIAN_POINT('Ctrl Pts',(7.31391425529008,-2.,-3.26008874453502));
#7091=CARTESIAN_POINT('Ctrl Pts',(7.31372093372799,-2.,-3.70802994911704));
#7092=CARTESIAN_POINT('',(7.31417210298955,-1.,-2.40684159176489));
#7093=CARTESIAN_POINT('Origin',(0.,-1.,0.));
#7094=CARTESIAN_POINT('',(7.31299888480732,-1.,2.41040397253382));
#7095=CARTESIAN_POINT('Origin',(0.,-1.,0.));
#7096=CARTESIAN_POINT('',(7.31299888480732,-2.,2.41040397253382));
#7097=CARTESIAN_POINT('Origin',(0.,-2.,0.));
#7098=CARTESIAN_POINT('',(7.31299888480732,-1.,2.41040397253382));
#7099=CARTESIAN_POINT('Ctrl Pts',(7.31129884034035,-1.,3.71280342426553));
#7100=CARTESIAN_POINT('Ctrl Pts',(7.31129884034035,-2.,3.71280342426553));
#7101=CARTESIAN_POINT('Ctrl Pts',(7.31197826810599,-1.,3.31574013379732));
#7102=CARTESIAN_POINT('Ctrl Pts',(7.31197826810599,-2.,3.31574013379732));
#7103=CARTESIAN_POINT('Ctrl Pts',(7.31254484308054,-1.,2.88161744289625));
#7104=CARTESIAN_POINT('Ctrl Pts',(7.31254484308054,-2.,2.88161744289625));
#7105=CARTESIAN_POINT('Ctrl Pts',(7.31299888480732,-1.,2.41040397253382));
#7106=CARTESIAN_POINT('Ctrl Pts',(7.31299888480732,-2.,2.41040397253382));
#7107=CARTESIAN_POINT('',(7.31129884034035,-1.,3.71280342426554));
#7108=CARTESIAN_POINT('Ctrl Pts',(7.31299888480732,-1.,2.41040397253382));
#7109=CARTESIAN_POINT('Ctrl Pts',(7.31254484308054,-1.,2.88161744289625));
#7110=CARTESIAN_POINT('Ctrl Pts',(7.31197826810599,-1.,3.31574013379732));
#7111=CARTESIAN_POINT('Ctrl Pts',(7.31129884034035,-1.,3.71280342426553));
#7112=CARTESIAN_POINT('',(7.31129884034035,-2.,3.71280342426554));
#7113=CARTESIAN_POINT('Ctrl Pts',(7.31129884034035,-2.,3.71280342426553));
#7114=CARTESIAN_POINT('Ctrl Pts',(7.31197826810599,-2.,3.31574013379732));
#7115=CARTESIAN_POINT('Ctrl Pts',(7.31254484308054,-2.,2.88161744289625));
#7116=CARTESIAN_POINT('Ctrl Pts',(7.31299888480732,-2.,2.41040397253382));
#7117=CARTESIAN_POINT('',(7.31129884034035,-1.,3.71280342426554));
#7118=CARTESIAN_POINT('Origin',(0.,-1.,0.));
#7119=CARTESIAN_POINT('Origin',(0.,-1.,0.));
#7120=CARTESIAN_POINT('Origin',(0.,-2.,0.));
#7121=CARTESIAN_POINT('Origin',(7.75489262933777,-2.,0.00238673757424646));
#7122=CARTESIAN_POINT('Origin',(0.,-1.,0.));
#7123=CARTESIAN_POINT('',(-10.7,-2.,-1.31037207508767E-15));
#7124=CARTESIAN_POINT('Origin',(0.,-2.,0.));
#7125=CARTESIAN_POINT('',(-10.7,-1.,-1.31037207508767E-15));
#7126=CARTESIAN_POINT('',(-10.7,-1.,-1.31037207508767E-15));
#7127=CARTESIAN_POINT('Origin',(0.,-1.,0.));
#7128=CARTESIAN_POINT('Origin',(0.,-1.,0.));
#7129=CARTESIAN_POINT('',(-11.2,-2.,-1.37160441504504E-15));
#7130=CARTESIAN_POINT('Origin',(0.,-2.,0.));
#7131=CARTESIAN_POINT('',(-11.2,-1.,-1.37160441504504E-15));
#7132=CARTESIAN_POINT('',(-11.2,-1.,-1.37160441504504E-15));
#7133=CARTESIAN_POINT('Origin',(0.,-1.,0.));
#7134=CARTESIAN_POINT('Origin',(0.,-2.,0.));
#7135=CARTESIAN_POINT('Origin',(0.,-1.,0.));
#7136=CARTESIAN_POINT('',(-12.2,-1.,-1.49406909495977E-15));
#7137=CARTESIAN_POINT('Origin',(0.,-1.,0.));
#7138=CARTESIAN_POINT('Ctrl Pts',(5.60120773809642,-1.,7.46063701535867));
#7139=CARTESIAN_POINT('Ctrl Pts',(5.60120773809642,-2.,7.46063701535867));
#7140=CARTESIAN_POINT('Ctrl Pts',(5.76718430321199,-1.,7.12868400151541));
#7141=CARTESIAN_POINT('Ctrl Pts',(5.76718430321199,-2.,7.12868400151541));
#7142=CARTESIAN_POINT('Ctrl Pts',(5.80623755788018,-1.,6.73815110566987));
#7143=CARTESIAN_POINT('Ctrl Pts',(5.80623755788018,-2.,6.73815110566987));
#7144=CARTESIAN_POINT('Ctrl Pts',(5.80623755788018,-1.,6.37202649399194));
#7145=CARTESIAN_POINT('Ctrl Pts',(5.80623755788018,-2.,6.37202649399194));
#7146=CARTESIAN_POINT('',(5.80623755788018,-1.,6.37202649399194));
#7147=CARTESIAN_POINT('',(5.60120773809642,-1.,7.46063701535867));
#7148=CARTESIAN_POINT('Ctrl Pts',(5.80623755788018,-1.,6.37202649399194));
#7149=CARTESIAN_POINT('Ctrl Pts',(5.80623755788018,-1.,6.73815110566987));
#7150=CARTESIAN_POINT('Ctrl Pts',(5.76718430321199,-1.,7.12868400151541));
#7151=CARTESIAN_POINT('Ctrl Pts',(5.60120773809642,-1.,7.46063701535867));
#7152=CARTESIAN_POINT('',(5.80623755788018,-2.,6.37202649399194));
#7153=CARTESIAN_POINT('',(5.80623755788018,-1.,6.37202649399194));
#7154=CARTESIAN_POINT('',(5.60120773809642,-2.,7.46063701535867));
#7155=CARTESIAN_POINT('Ctrl Pts',(5.60120773809642,-2.,7.46063701535867));
#7156=CARTESIAN_POINT('Ctrl Pts',(5.76718430321199,-2.,7.12868400151541));
#7157=CARTESIAN_POINT('Ctrl Pts',(5.80623755788018,-2.,6.73815110566987));
#7158=CARTESIAN_POINT('Ctrl Pts',(5.80623755788018,-2.,6.37202649399194));
#7159=CARTESIAN_POINT('',(5.60120773809642,-1.,7.46063701535867));
#7160=CARTESIAN_POINT('Ctrl Pts',(3.17990315535951,-1.,8.31492777594049));
#7161=CARTESIAN_POINT('Ctrl Pts',(3.17990315535951,-2.,8.31492777594049));
#7162=CARTESIAN_POINT('Ctrl Pts',(4.20505225427831,-1.,8.5101942820572));
#7163=CARTESIAN_POINT('Ctrl Pts',(4.20505225427831,-2.,8.5101942820572));
#7164=CARTESIAN_POINT('Ctrl Pts',(5.24972844608271,-1.,8.17335961138042));
#7165=CARTESIAN_POINT('Ctrl Pts',(5.24972844608271,-2.,8.17335961138042));
#7166=CARTESIAN_POINT('Ctrl Pts',(5.60120773809642,-1.,7.46063701535867));
#7167=CARTESIAN_POINT('Ctrl Pts',(5.60120773809642,-2.,7.46063701535867));
#7168=CARTESIAN_POINT('',(3.17990315535951,-1.,8.31492777594049));
#7169=CARTESIAN_POINT('Ctrl Pts',(5.60120773809642,-1.,7.46063701535867));
#7170=CARTESIAN_POINT('Ctrl Pts',(5.24972844608271,-1.,8.17335961138042));
#7171=CARTESIAN_POINT('Ctrl Pts',(4.20505225427831,-1.,8.5101942820572));
#7172=CARTESIAN_POINT('Ctrl Pts',(3.17990315535951,-1.,8.31492777594049));
#7173=CARTESIAN_POINT('',(3.17990315535951,-2.,8.31492777594049));
#7174=CARTESIAN_POINT('Ctrl Pts',(3.17990315535951,-2.,8.31492777594049));
#7175=CARTESIAN_POINT('Ctrl Pts',(4.20505225427831,-2.,8.5101942820572));
#7176=CARTESIAN_POINT('Ctrl Pts',(5.24972844608271,-2.,8.17335961138042));
#7177=CARTESIAN_POINT('Ctrl Pts',(5.60120773809642,-2.,7.46063701535867));
#7178=CARTESIAN_POINT('',(3.17990315535951,-1.,8.31492777594049));
#7179=CARTESIAN_POINT('Ctrl Pts',(1.63729819931144,-1.,6.9382992686201));
#7180=CARTESIAN_POINT('Ctrl Pts',(1.63729819931144,-2.,6.9382992686201));
#7181=CARTESIAN_POINT('Ctrl Pts',(1.76422150975882,-1.,7.70472008981061));
#7182=CARTESIAN_POINT('Ctrl Pts',(1.76422150975882,-2.,7.70472008981061));
#7183=CARTESIAN_POINT('Ctrl Pts',(2.2279787925557,-1.,8.13430629851829));
#7184=CARTESIAN_POINT('Ctrl Pts',(2.2279787925557,-2.,8.13430629851829));
#7185=CARTESIAN_POINT('Ctrl Pts',(3.17990315535951,-1.,8.31492777594049));
#7186=CARTESIAN_POINT('Ctrl Pts',(3.17990315535951,-2.,8.31492777594049));
#7187=CARTESIAN_POINT('',(1.63729819931144,-1.,6.9382992686201));
#7188=CARTESIAN_POINT('Ctrl Pts',(3.17990315535951,-1.,8.31492777594049));
#7189=CARTESIAN_POINT('Ctrl Pts',(2.2279787925557,-1.,8.13430629851829));
#7190=CARTESIAN_POINT('Ctrl Pts',(1.76422150975882,-1.,7.70472008981061));
#7191=CARTESIAN_POINT('Ctrl Pts',(1.63729819931144,-1.,6.9382992686201));
#7192=CARTESIAN_POINT('',(1.63729819931144,-2.,6.9382992686201));
#7193=CARTESIAN_POINT('Ctrl Pts',(1.63729819931144,-2.,6.9382992686201));
#7194=CARTESIAN_POINT('Ctrl Pts',(1.76422150975882,-2.,7.70472008981061));
#7195=CARTESIAN_POINT('Ctrl Pts',(2.2279787925557,-2.,8.13430629851829));
#7196=CARTESIAN_POINT('Ctrl Pts',(3.17990315535951,-2.,8.31492777594049));
#7197=CARTESIAN_POINT('',(1.63729819931144,-1.,6.9382992686201));
#7198=CARTESIAN_POINT('Ctrl Pts',(0.236261407823434,-1.,-1.39469686058083));
#7199=CARTESIAN_POINT('Ctrl Pts',(0.236261407823434,-2.,-1.39469686058083));
#7200=CARTESIAN_POINT('Ctrl Pts',(0.329012771272507,-1.,-0.950465739566522));
#7201=CARTESIAN_POINT('Ctrl Pts',(0.329012771272507,-2.,-0.950465739566522));
#7202=CARTESIAN_POINT('Ctrl Pts',(1.25164696029942,-1.,4.60974686404742));
#7203=CARTESIAN_POINT('Ctrl Pts',(1.25164696029942,-2.,4.60974686404742));
#7204=CARTESIAN_POINT('Ctrl Pts',(1.63729819931144,-1.,6.9382992686201));
#7205=CARTESIAN_POINT('Ctrl Pts',(1.63729819931144,-2.,6.9382992686201));
#7206=CARTESIAN_POINT('',(0.236261407823434,-1.,-1.39469686058083));
#7207=CARTESIAN_POINT('Ctrl Pts',(1.63729819931144,-1.,6.9382992686201));
#7208=CARTESIAN_POINT('Ctrl Pts',(1.25164696029942,-1.,4.60974686404742));
#7209=CARTESIAN_POINT('Ctrl Pts',(0.329012771272507,-1.,-0.950465739566522));
#7210=CARTESIAN_POINT('Ctrl Pts',(0.236261407823434,-1.,-1.39469686058083));
#7211=CARTESIAN_POINT('',(0.236261407823434,-2.,-1.39469686058083));
#7212=CARTESIAN_POINT('Ctrl Pts',(0.236261407823434,-2.,-1.39469686058083));
#7213=CARTESIAN_POINT('Ctrl Pts',(0.329012771272507,-2.,-0.950465739566522));
#7214=CARTESIAN_POINT('Ctrl Pts',(1.25164696029942,-2.,4.60974686404742));
#7215=CARTESIAN_POINT('Ctrl Pts',(1.63729819931144,-2.,6.9382992686201));
#7216=CARTESIAN_POINT('',(0.236261407823434,-1.,-1.39469686058083));
#7217=CARTESIAN_POINT('Ctrl Pts',(0.226497861380628,-1.,-1.42398656880621));
#7218=CARTESIAN_POINT('Ctrl Pts',(0.226497861380628,-2.,-1.42398656880621));
#7219=CARTESIAN_POINT('Ctrl Pts',(0.231379634602031,-1.,-1.41422395346644));
#7220=CARTESIAN_POINT('Ctrl Pts',(0.231379634602031,-2.,-1.41422395346644));
#7221=CARTESIAN_POINT('Ctrl Pts',(0.236261407823434,-1.,-1.40446040702363));
#7222=CARTESIAN_POINT('Ctrl Pts',(0.236261407823434,-2.,-1.40446040702363));
#7223=CARTESIAN_POINT('Ctrl Pts',(0.236261407823434,-1.,-1.39469686058083));
#7224=CARTESIAN_POINT('Ctrl Pts',(0.236261407823434,-2.,-1.39469686058083));
#7225=CARTESIAN_POINT('',(0.226497861380628,-1.,-1.42398656880621));
#7226=CARTESIAN_POINT('Ctrl Pts',(0.236261407823434,-1.,-1.39469686058083));
#7227=CARTESIAN_POINT('Ctrl Pts',(0.236261407823434,-1.,-1.40446040702363));
#7228=CARTESIAN_POINT('Ctrl Pts',(0.231379634602031,-1.,-1.41422395346644));
#7229=CARTESIAN_POINT('Ctrl Pts',(0.226497861380628,-1.,-1.42398656880621));
#7230=CARTESIAN_POINT('',(0.226497861380628,-2.,-1.42398656880621));
#7231=CARTESIAN_POINT('Ctrl Pts',(0.226497861380628,-2.,-1.42398656880621));
#7232=CARTESIAN_POINT('Ctrl Pts',(0.231379634602031,-2.,-1.41422395346644));
#7233=CARTESIAN_POINT('Ctrl Pts',(0.236261407823434,-2.,-1.40446040702363));
#7234=CARTESIAN_POINT('Ctrl Pts',(0.236261407823434,-2.,-1.39469686058083));
#7235=CARTESIAN_POINT('',(0.226497861380628,-1.,-1.42398656880621));
#7236=CARTESIAN_POINT('Ctrl Pts',(0.0117049607055808,-1.,-1.53626455958938));
#7237=CARTESIAN_POINT('Ctrl Pts',(0.0117049607055808,-2.,-1.53626455958938));
#7238=CARTESIAN_POINT('Ctrl Pts',(0.104456324154653,-1.,-1.53626455958938));
#7239=CARTESIAN_POINT('Ctrl Pts',(0.104456324154653,-2.,-1.53626455958938));
#7240=CARTESIAN_POINT('Ctrl Pts',(0.19232637993384,-1.,-1.49721130492119));
#7241=CARTESIAN_POINT('Ctrl Pts',(0.19232637993384,-2.,-1.49721130492119));
#7242=CARTESIAN_POINT('Ctrl Pts',(0.226497861380628,-1.,-1.42398656880621));
#7243=CARTESIAN_POINT('Ctrl Pts',(0.226497861380628,-2.,-1.42398656880621));
#7244=CARTESIAN_POINT('',(0.0117049607055808,-1.,-1.53626455958938));
#7245=CARTESIAN_POINT('Ctrl Pts',(0.226497861380628,-1.,-1.42398656880621));
#7246=CARTESIAN_POINT('Ctrl Pts',(0.19232637993384,-1.,-1.49721130492119));
#7247=CARTESIAN_POINT('Ctrl Pts',(0.104456324154653,-1.,-1.53626455958938));
#7248=CARTESIAN_POINT('Ctrl Pts',(0.0117049607055808,-1.,-1.53626455958938));
#7249=CARTESIAN_POINT('',(0.0117049607055808,-2.,-1.53626455958938));
#7250=CARTESIAN_POINT('Ctrl Pts',(0.0117049607055808,-2.,-1.53626455958938));
#7251=CARTESIAN_POINT('Ctrl Pts',(0.104456324154653,-2.,-1.53626455958938));
#7252=CARTESIAN_POINT('Ctrl Pts',(0.19232637993384,-2.,-1.49721130492119));
#7253=CARTESIAN_POINT('Ctrl Pts',(0.226497861380628,-2.,-1.42398656880621));
#7254=CARTESIAN_POINT('',(0.0117049607055808,-1.,-1.53626455958938));
#7255=CARTESIAN_POINT('Ctrl Pts',(-0.203087939969466,-1.,-1.42398656880621));
#7256=CARTESIAN_POINT('Ctrl Pts',(-0.203087939969466,-2.,-1.42398656880621));
#7257=CARTESIAN_POINT('Ctrl Pts',(-0.164034685301276,-1.,-1.49721130492119));
#7258=CARTESIAN_POINT('Ctrl Pts',(-0.164034685301276,-2.,-1.49721130492119));
#7259=CARTESIAN_POINT('Ctrl Pts',(-0.076165095073607,-1.,-1.53626455958938));
#7260=CARTESIAN_POINT('Ctrl Pts',(-0.076165095073607,-2.,-1.53626455958938));
#7261=CARTESIAN_POINT('Ctrl Pts',(0.0117049607055808,-1.,-1.53626455958938));
#7262=CARTESIAN_POINT('Ctrl Pts',(0.0117049607055808,-2.,-1.53626455958938));
#7263=CARTESIAN_POINT('',(-0.203087939969466,-1.,-1.42398656880621));
#7264=CARTESIAN_POINT('Ctrl Pts',(0.0117049607055808,-1.,-1.53626455958938));
#7265=CARTESIAN_POINT('Ctrl Pts',(-0.076165095073607,-1.,-1.53626455958938));
#7266=CARTESIAN_POINT('Ctrl Pts',(-0.164034685301276,-1.,-1.49721130492119));
#7267=CARTESIAN_POINT('Ctrl Pts',(-0.203087939969466,-1.,-1.42398656880621));
#7268=CARTESIAN_POINT('',(-0.203087939969466,-2.,-1.42398656880621));
#7269=CARTESIAN_POINT('Ctrl Pts',(-0.203087939969466,-2.,-1.42398656880621));
#7270=CARTESIAN_POINT('Ctrl Pts',(-0.164034685301276,-2.,-1.49721130492119));
#7271=CARTESIAN_POINT('Ctrl Pts',(-0.076165095073607,-2.,-1.53626455958938));
#7272=CARTESIAN_POINT('Ctrl Pts',(0.0117049607055808,-2.,-1.53626455958938));
#7273=CARTESIAN_POINT('',(-0.203087939969466,-1.,-1.42398656880621));
#7274=CARTESIAN_POINT('Ctrl Pts',(-0.212851486412273,-1.,-1.39469686058083));
#7275=CARTESIAN_POINT('Ctrl Pts',(-0.212851486412273,-2.,-1.39469686058083));
#7276=CARTESIAN_POINT('Ctrl Pts',(-0.212851486412273,-1.,-1.4044594759206));
#7277=CARTESIAN_POINT('Ctrl Pts',(-0.212851486412273,-2.,-1.4044594759206));
#7278=CARTESIAN_POINT('Ctrl Pts',(-0.203087939969466,-1.,-1.4142230223634));
#7279=CARTESIAN_POINT('Ctrl Pts',(-0.203087939969466,-2.,-1.4142230223634));
#7280=CARTESIAN_POINT('Ctrl Pts',(-0.203087939969466,-1.,-1.42398656880621));
#7281=CARTESIAN_POINT('Ctrl Pts',(-0.203087939969466,-2.,-1.42398656880621));
#7282=CARTESIAN_POINT('',(-0.212851486412273,-1.,-1.39469686058083));
#7283=CARTESIAN_POINT('Ctrl Pts',(-0.203087939969466,-1.,-1.42398656880621));
#7284=CARTESIAN_POINT('Ctrl Pts',(-0.203087939969466,-1.,-1.4142230223634));
#7285=CARTESIAN_POINT('Ctrl Pts',(-0.212851486412273,-1.,-1.4044594759206));
#7286=CARTESIAN_POINT('Ctrl Pts',(-0.212851486412273,-1.,-1.39469686058083));
#7287=CARTESIAN_POINT('',(-0.212851486412273,-2.,-1.39469686058083));
#7288=CARTESIAN_POINT('Ctrl Pts',(-0.212851486412273,-2.,-1.39469686058083));
#7289=CARTESIAN_POINT('Ctrl Pts',(-0.212851486412273,-2.,-1.4044594759206));
#7290=CARTESIAN_POINT('Ctrl Pts',(-0.203087939969466,-2.,-1.4142230223634));
#7291=CARTESIAN_POINT('Ctrl Pts',(-0.203087939969466,-2.,-1.42398656880621));
#7292=CARTESIAN_POINT('',(-0.212851486412273,-1.,-1.39469686058083));
#7293=CARTESIAN_POINT('Ctrl Pts',(-1.61388827790028,-1.,6.93829915223222));
#7294=CARTESIAN_POINT('Ctrl Pts',(-1.61388827790028,-2.,6.93829915223222));
#7295=CARTESIAN_POINT('Ctrl Pts',(-1.22823703888826,-1.,4.60974686404742));
#7296=CARTESIAN_POINT('Ctrl Pts',(-1.22823703888826,-2.,4.60974686404742));
#7297=CARTESIAN_POINT('Ctrl Pts',(-0.305602849861346,-1.,-0.950465739566522));
#7298=CARTESIAN_POINT('Ctrl Pts',(-0.305602849861346,-2.,-0.950465739566522));
#7299=CARTESIAN_POINT('Ctrl Pts',(-0.212851486412273,-1.,-1.39469686058083));
#7300=CARTESIAN_POINT('Ctrl Pts',(-0.212851486412273,-2.,-1.39469686058083));
#7301=CARTESIAN_POINT('',(-1.61388827790028,-1.,6.93829915223222));
#7302=CARTESIAN_POINT('Ctrl Pts',(-0.212851486412273,-1.,-1.39469686058083));
#7303=CARTESIAN_POINT('Ctrl Pts',(-0.305602849861346,-1.,-0.950465739566522));
#7304=CARTESIAN_POINT('Ctrl Pts',(-1.22823703888826,-1.,4.60974686404742));
#7305=CARTESIAN_POINT('Ctrl Pts',(-1.61388827790028,-1.,6.93829915223222));
#7306=CARTESIAN_POINT('',(-1.61388827790028,-2.,6.93829915223222));
#7307=CARTESIAN_POINT('Ctrl Pts',(-1.61388827790028,-2.,6.93829915223222));
#7308=CARTESIAN_POINT('Ctrl Pts',(-1.22823703888826,-2.,4.60974686404742));
#7309=CARTESIAN_POINT('Ctrl Pts',(-0.305602849861346,-2.,-0.950465739566522));
#7310=CARTESIAN_POINT('Ctrl Pts',(-0.212851486412273,-2.,-1.39469686058083));
#7311=CARTESIAN_POINT('',(-1.61388827790028,-1.,6.93829915223222));
#7312=CARTESIAN_POINT('Ctrl Pts',(-3.15649323394835,-1.,8.31492765955261));
#7313=CARTESIAN_POINT('Ctrl Pts',(-3.15649323394835,-2.,8.31492765955261));
#7314=CARTESIAN_POINT('Ctrl Pts',(-2.20945110991746,-1.,8.13430624032435));
#7315=CARTESIAN_POINT('Ctrl Pts',(-2.20945110991746,-2.,8.13430624032435));
#7316=CARTESIAN_POINT('Ctrl Pts',(-1.74081158834765,-1.,7.70472003161668));
#7317=CARTESIAN_POINT('Ctrl Pts',(-1.74081158834765,-2.,7.70472003161668));
#7318=CARTESIAN_POINT('Ctrl Pts',(-1.61388827790028,-1.,6.93829915223222));
#7319=CARTESIAN_POINT('Ctrl Pts',(-1.61388827790028,-2.,6.93829915223222));
#7320=CARTESIAN_POINT('',(-3.15649323394835,-1.,8.31492765955261));
#7321=CARTESIAN_POINT('Ctrl Pts',(-1.61388827790028,-1.,6.93829915223222));
#7322=CARTESIAN_POINT('Ctrl Pts',(-1.74081158834765,-1.,7.70472003161668));
#7323=CARTESIAN_POINT('Ctrl Pts',(-2.20945110991746,-1.,8.13430624032435));
#7324=CARTESIAN_POINT('Ctrl Pts',(-3.15649323394835,-1.,8.31492765955261));
#7325=CARTESIAN_POINT('',(-3.15649323394835,-2.,8.31492765955261));
#7326=CARTESIAN_POINT('Ctrl Pts',(-3.15649323394835,-2.,8.31492765955261));
#7327=CARTESIAN_POINT('Ctrl Pts',(-2.20945110991746,-2.,8.13430624032435));
#7328=CARTESIAN_POINT('Ctrl Pts',(-1.74081158834765,-2.,7.70472003161668));
#7329=CARTESIAN_POINT('Ctrl Pts',(-1.61388827790028,-2.,6.93829915223222));
#7330=CARTESIAN_POINT('',(-3.15649323394835,-1.,8.31492765955261));
#7331=CARTESIAN_POINT('Ctrl Pts',(-5.58267892067636,-1.,7.46063707355261));
#7332=CARTESIAN_POINT('Ctrl Pts',(-5.58267892067636,-2.,7.46063707355261));
#7333=CARTESIAN_POINT('Ctrl Pts',(-5.23119930859598,-1.,8.17335965502587));
#7334=CARTESIAN_POINT('Ctrl Pts',(-5.23119930859598,-2.,8.17335965502587));
#7335=CARTESIAN_POINT('Ctrl Pts',(-4.18164210009138,-1.,8.51019429660568));
#7336=CARTESIAN_POINT('Ctrl Pts',(-4.18164210009138,-2.,8.51019429660568));
#7337=CARTESIAN_POINT('Ctrl Pts',(-3.15649323394835,-1.,8.31492765955261));
#7338=CARTESIAN_POINT('Ctrl Pts',(-3.15649323394835,-2.,8.31492765955261));
#7339=CARTESIAN_POINT('',(-5.58267892067636,-1.,7.46063707355261));
#7340=CARTESIAN_POINT('Ctrl Pts',(-3.15649323394835,-1.,8.31492765955261));
#7341=CARTESIAN_POINT('Ctrl Pts',(-4.18164210009138,-1.,8.51019429660568));
#7342=CARTESIAN_POINT('Ctrl Pts',(-5.23119930859598,-1.,8.17335965502587));
#7343=CARTESIAN_POINT('Ctrl Pts',(-5.58267892067636,-1.,7.46063707355261));
#7344=CARTESIAN_POINT('',(-5.58267892067636,-2.,7.46063707355261));
#7345=CARTESIAN_POINT('Ctrl Pts',(-5.58267892067636,-2.,7.46063707355261));
#7346=CARTESIAN_POINT('Ctrl Pts',(-5.23119930859598,-2.,8.17335965502587));
#7347=CARTESIAN_POINT('Ctrl Pts',(-4.18164210009138,-2.,8.51019429660568));
#7348=CARTESIAN_POINT('Ctrl Pts',(-3.15649323394835,-2.,8.31492765955261));
#7349=CARTESIAN_POINT('',(-5.58267892067636,-1.,7.46063707355261));
#7350=CARTESIAN_POINT('Ctrl Pts',(-5.78770870227034,-1.,6.37202649399194));
#7351=CARTESIAN_POINT('Ctrl Pts',(-5.78770870227034,-2.,6.37202649399194));
#7352=CARTESIAN_POINT('Ctrl Pts',(-5.78282704089042,-1.,6.73815122205775));
#7353=CARTESIAN_POINT('Ctrl Pts',(-5.78282704089042,-2.,6.73815122205775));
#7354=CARTESIAN_POINT('Ctrl Pts',(-5.74377374894174,-1.,7.12868411790329));
#7355=CARTESIAN_POINT('Ctrl Pts',(-5.74377374894174,-2.,7.12868411790329));
#7356=CARTESIAN_POINT('Ctrl Pts',(-5.58267892067636,-1.,7.46063707355261));
#7357=CARTESIAN_POINT('Ctrl Pts',(-5.58267892067636,-2.,7.46063707355261));
#7358=CARTESIAN_POINT('',(-5.78770870227034,-1.,6.37202649399194));
#7359=CARTESIAN_POINT('Ctrl Pts',(-5.58267892067636,-1.,7.46063707355261));
#7360=CARTESIAN_POINT('Ctrl Pts',(-5.74377374894174,-1.,7.12868411790329));
#7361=CARTESIAN_POINT('Ctrl Pts',(-5.78282704089042,-1.,6.73815122205775));
#7362=CARTESIAN_POINT('Ctrl Pts',(-5.78770870227034,-1.,6.37202649399194));
#7363=CARTESIAN_POINT('',(-5.78770870227034,-2.,6.37202649399194));
#7364=CARTESIAN_POINT('Ctrl Pts',(-5.78770870227034,-2.,6.37202649399194));
#7365=CARTESIAN_POINT('Ctrl Pts',(-5.78282704089042,-2.,6.73815122205775));
#7366=CARTESIAN_POINT('Ctrl Pts',(-5.74377374894174,-2.,7.12868411790329));
#7367=CARTESIAN_POINT('Ctrl Pts',(-5.58267892067636,-2.,7.46063707355261));
#7368=CARTESIAN_POINT('',(-5.78770870227034,-1.,6.37202649399194));
#7369=CARTESIAN_POINT('Ctrl Pts',(-5.79747202503019,-1.,-7.76526473133548));
#7370=CARTESIAN_POINT('Ctrl Pts',(-5.79747202503019,-2.,-7.76526473133548));
#7371=CARTESIAN_POINT('Ctrl Pts',(-5.80235368641012,-1.,4.15087042336891));
#7372=CARTESIAN_POINT('Ctrl Pts',(-5.80235368641012,-2.,4.15087042336891));
#7373=CARTESIAN_POINT('Ctrl Pts',(-5.78770870227034,-1.,6.37202649399194));
#7374=CARTESIAN_POINT('Ctrl Pts',(-5.78770870227034,-2.,6.37202649399194));
#7375=CARTESIAN_POINT('',(-5.79747202503019,-1.,-7.76526473133548));
#7376=CARTESIAN_POINT('Ctrl Pts',(-5.78770870227034,-1.,6.37202649399194));
#7377=CARTESIAN_POINT('Ctrl Pts',(-5.80235368641012,-1.,4.15087042336891));
#7378=CARTESIAN_POINT('Ctrl Pts',(-5.79747202503019,-1.,-7.76526473133548));
#7379=CARTESIAN_POINT('',(-5.79747202503019,-2.,-7.76526473133548));
#7380=CARTESIAN_POINT('Ctrl Pts',(-5.79747202503019,-2.,-7.76526473133548));
#7381=CARTESIAN_POINT('Ctrl Pts',(-5.80235368641012,-2.,4.15087042336891));
#7382=CARTESIAN_POINT('Ctrl Pts',(-5.78770870227034,-2.,6.37202649399194));
#7383=CARTESIAN_POINT('',(-5.79747202503019,-1.,-7.76526473133548));
#7384=CARTESIAN_POINT('Origin',(-2.40959892370405,-1.,-7.76526473133548));
#7385=CARTESIAN_POINT('',(-2.40959892370405,-1.,-7.76526473133548));
#7386=CARTESIAN_POINT('',(-1.20479946185203,-1.,-7.76526473133548));
#7387=CARTESIAN_POINT('',(-2.40959892370405,-2.,-7.76526473133548));
#7388=CARTESIAN_POINT('',(-5.79747202503019,-2.,-7.76526473133548));
#7389=CARTESIAN_POINT('',(-2.40959892370405,-1.,-7.76526473133548));
#7390=CARTESIAN_POINT('Ctrl Pts',(-2.48282389259479,-1.,0.201606669799649));
#7391=CARTESIAN_POINT('Ctrl Pts',(-2.48282389259479,-2.,0.201606669799649));
#7392=CARTESIAN_POINT('Ctrl Pts',(-2.47794211937339,-1.,-0.369547761662032));
#7393=CARTESIAN_POINT('Ctrl Pts',(-2.47794211937339,-2.,-0.369547761662032));
#7394=CARTESIAN_POINT('Ctrl Pts',(-2.40959892370405,-1.,-7.76526473133548));
#7395=CARTESIAN_POINT('Ctrl Pts',(-2.40959892370405,-2.,-7.76526473133548));
#7396=CARTESIAN_POINT('',(-2.48282389259479,-1.,0.201606669799649));
#7397=CARTESIAN_POINT('Ctrl Pts',(-2.40959892370405,-1.,-7.76526473133548));
#7398=CARTESIAN_POINT('Ctrl Pts',(-2.47794211937339,-1.,-0.369547761662032));
#7399=CARTESIAN_POINT('Ctrl Pts',(-2.48282389259479,-1.,0.201606669799649));
#7400=CARTESIAN_POINT('',(-2.48282389259479,-2.,0.201606669799649));
#7401=CARTESIAN_POINT('Ctrl Pts',(-2.48282389259479,-2.,0.201606669799649));
#7402=CARTESIAN_POINT('Ctrl Pts',(-2.47794211937339,-2.,-0.369547761662032));
#7403=CARTESIAN_POINT('Ctrl Pts',(-2.40959892370405,-2.,-7.76526473133548));
#7404=CARTESIAN_POINT('',(-2.48282389259479,-1.,0.201606669799649));
#7405=CARTESIAN_POINT('Ctrl Pts',(-2.4437706379266,-1.,0.313884660582817));
#7406=CARTESIAN_POINT('Ctrl Pts',(-2.4437706379266,-2.,0.313884660582817));
#7407=CARTESIAN_POINT('Ctrl Pts',(-2.46817880570634,-1.,0.27971317913603));
#7408=CARTESIAN_POINT('Ctrl Pts',(-2.46817880570634,-2.,0.27971317913603));
#7409=CARTESIAN_POINT('Ctrl Pts',(-2.48282389259479,-1.,0.24065992446784));
#7410=CARTESIAN_POINT('Ctrl Pts',(-2.48282389259479,-2.,0.24065992446784));
#7411=CARTESIAN_POINT('Ctrl Pts',(-2.48282389259479,-1.,0.201606669799649));
#7412=CARTESIAN_POINT('Ctrl Pts',(-2.48282389259479,-2.,0.201606669799649));
#7413=CARTESIAN_POINT('',(-2.4437706379266,-1.,0.313884660582817));
#7414=CARTESIAN_POINT('Ctrl Pts',(-2.48282389259479,-1.,0.201606669799649));
#7415=CARTESIAN_POINT('Ctrl Pts',(-2.48282389259479,-1.,0.24065992446784));
#7416=CARTESIAN_POINT('Ctrl Pts',(-2.46817880570634,-1.,0.27971317913603));
#7417=CARTESIAN_POINT('Ctrl Pts',(-2.4437706379266,-1.,0.313884660582817));
#7418=CARTESIAN_POINT('',(-2.4437706379266,-2.,0.313884660582817));
#7419=CARTESIAN_POINT('Ctrl Pts',(-2.4437706379266,-2.,0.313884660582817));
#7420=CARTESIAN_POINT('Ctrl Pts',(-2.46817880570634,-2.,0.27971317913603));
#7421=CARTESIAN_POINT('Ctrl Pts',(-2.48282389259479,-2.,0.24065992446784));
#7422=CARTESIAN_POINT('Ctrl Pts',(-2.48282389259479,-2.,0.201606669799649));
#7423=CARTESIAN_POINT('',(-2.4437706379266,-1.,0.313884660582817));
#7424=CARTESIAN_POINT('Origin',(-2.43400732425955,-1.,0.323648207025624));
#7425=CARTESIAN_POINT('',(-2.43400732425955,-1.,0.323648207025623));
#7426=CARTESIAN_POINT('',(-1.90643205258316,-1.,0.851236057088678));
#7427=CARTESIAN_POINT('',(-2.43400732425955,-2.,0.323648207025623));
#7428=CARTESIAN_POINT('',(-2.4437706379266,-2.,0.313884660582817));
#7429=CARTESIAN_POINT('',(-2.43400732425955,-1.,0.323648207025623));
#7430=CARTESIAN_POINT('Ctrl Pts',(-2.02394768469204,-1.,0.338293526689833));
#7431=CARTESIAN_POINT('Ctrl Pts',(-2.02394768469204,-2.,0.338293526689833));
#7432=CARTESIAN_POINT('Ctrl Pts',(-2.13134436780532,-1.,0.445689744251598));
#7433=CARTESIAN_POINT('Ctrl Pts',(-2.13134436780532,-2.,0.445689744251598));
#7434=CARTESIAN_POINT('Ctrl Pts',(-2.34125572803472,-1.,0.435926197808791));
#7435=CARTESIAN_POINT('Ctrl Pts',(-2.34125572803472,-2.,0.435926197808791));
#7436=CARTESIAN_POINT('Ctrl Pts',(-2.43400732425955,-1.,0.323648207025623));
#7437=CARTESIAN_POINT('Ctrl Pts',(-2.43400732425955,-2.,0.323648207025623));
#7438=CARTESIAN_POINT('',(-2.02394768469204,-1.,0.338293526689833));
#7439=CARTESIAN_POINT('Ctrl Pts',(-2.43400732425955,-1.,0.323648207025623));
#7440=CARTESIAN_POINT('Ctrl Pts',(-2.34125572803472,-1.,0.435926197808791));
#7441=CARTESIAN_POINT('Ctrl Pts',(-2.13134436780532,-1.,0.445689744251598));
#7442=CARTESIAN_POINT('Ctrl Pts',(-2.02394768469204,-1.,0.338293526689833));
#7443=CARTESIAN_POINT('',(-2.02394768469204,-2.,0.338293526689833));
#7444=CARTESIAN_POINT('Ctrl Pts',(-2.02394768469204,-2.,0.338293526689833));
#7445=CARTESIAN_POINT('Ctrl Pts',(-2.13134436780532,-2.,0.445689744251598));
#7446=CARTESIAN_POINT('Ctrl Pts',(-2.34125572803472,-2.,0.435926197808791));
#7447=CARTESIAN_POINT('Ctrl Pts',(-2.43400732425955,-2.,0.323648207025623));
#7448=CARTESIAN_POINT('',(-2.02394768469204,-1.,0.338293526689833));
#7449=CARTESIAN_POINT('Ctrl Pts',(-1.97024934313539,-1.,0.235779082349473));
#7450=CARTESIAN_POINT('Ctrl Pts',(-1.97024934313539,-2.,0.235779082349473));
#7451=CARTESIAN_POINT('Ctrl Pts',(-1.9751311163568,-1.,0.274832337017663));
#7452=CARTESIAN_POINT('Ctrl Pts',(-1.9751311163568,-2.,0.274832337017663));
#7453=CARTESIAN_POINT('Ctrl Pts',(-1.99465774369089,-1.,0.309003818464451));
#7454=CARTESIAN_POINT('Ctrl Pts',(-1.99465774369089,-2.,0.309003818464451));
#7455=CARTESIAN_POINT('Ctrl Pts',(-2.02394768469204,-1.,0.338293526689833));
#7456=CARTESIAN_POINT('Ctrl Pts',(-2.02394768469204,-2.,0.338293526689833));
#7457=CARTESIAN_POINT('',(-1.97024934313539,-1.,0.235779082349473));
#7458=CARTESIAN_POINT('Ctrl Pts',(-2.02394768469204,-1.,0.338293526689833));
#7459=CARTESIAN_POINT('Ctrl Pts',(-1.99465774369089,-1.,0.309003818464451));
#7460=CARTESIAN_POINT('Ctrl Pts',(-1.9751311163568,-1.,0.274832337017663));
#7461=CARTESIAN_POINT('Ctrl Pts',(-1.97024934313539,-1.,0.235779082349473));
#7462=CARTESIAN_POINT('',(-1.97024934313539,-2.,0.235779082349473));
#7463=CARTESIAN_POINT('Ctrl Pts',(-1.97024934313539,-2.,0.235779082349473));
#7464=CARTESIAN_POINT('Ctrl Pts',(-1.9751311163568,-2.,0.274832337017663));
#7465=CARTESIAN_POINT('Ctrl Pts',(-1.99465774369089,-2.,0.309003818464451));
#7466=CARTESIAN_POINT('Ctrl Pts',(-2.02394768469204,-2.,0.338293526689833));
#7467=CARTESIAN_POINT('',(-1.97024934313539,-1.,0.235779082349473));
#7468=CARTESIAN_POINT('Ctrl Pts',(-0.959745563880812,-1.,-7.51629895255909));
#7469=CARTESIAN_POINT('Ctrl Pts',(-0.959745563880812,-2.,-7.51629895255909));
#7470=CARTESIAN_POINT('Ctrl Pts',(-1.11107680933217,-1.,-6.27147564529536));
#7471=CARTESIAN_POINT('Ctrl Pts',(-1.11107680933217,-2.,-6.27147564529536));
#7472=CARTESIAN_POINT('Ctrl Pts',(-1.91655100157875,-1.,-0.159635237553835));
#7473=CARTESIAN_POINT('Ctrl Pts',(-1.91655100157875,-2.,-0.159635237553835));
#7474=CARTESIAN_POINT('Ctrl Pts',(-1.97024934313539,-1.,0.235779082349473));
#7475=CARTESIAN_POINT('Ctrl Pts',(-1.97024934313539,-2.,0.235779082349473));
#7476=CARTESIAN_POINT('',(-0.959745563880812,-1.,-7.51629895255909));
#7477=CARTESIAN_POINT('Ctrl Pts',(-1.97024934313539,-1.,0.235779082349473));
#7478=CARTESIAN_POINT('Ctrl Pts',(-1.91655100157875,-1.,-0.159635237553835));
#7479=CARTESIAN_POINT('Ctrl Pts',(-1.11107680933217,-1.,-6.27147564529536));
#7480=CARTESIAN_POINT('Ctrl Pts',(-0.959745563880812,-1.,-7.51629895255909));
#7481=CARTESIAN_POINT('',(-0.959745563880812,-2.,-7.51629895255909));
#7482=CARTESIAN_POINT('Ctrl Pts',(-0.959745563880812,-2.,-7.51629895255909));
#7483=CARTESIAN_POINT('Ctrl Pts',(-1.11107680933217,-2.,-6.27147564529536));
#7484=CARTESIAN_POINT('Ctrl Pts',(-1.91655100157875,-2.,-0.159635237553835));
#7485=CARTESIAN_POINT('Ctrl Pts',(-1.97024934313539,-2.,0.235779082349473));
#7486=CARTESIAN_POINT('',(-0.959745563880812,-1.,-7.51629895255909));
#7487=CARTESIAN_POINT('Ctrl Pts',(-0.486224269089606,-1.,-7.75061848056823));
#7488=CARTESIAN_POINT('Ctrl Pts',(-0.486224269089606,-2.,-7.75061848056823));
#7489=CARTESIAN_POINT('Ctrl Pts',(-0.832822253433433,-1.,-7.75061848056823));
#7490=CARTESIAN_POINT('Ctrl Pts',(-0.832822253433433,-2.,-7.75061848056823));
#7491=CARTESIAN_POINT('Ctrl Pts',(-0.935337163325313,-1.,-7.72621054556425));
#7492=CARTESIAN_POINT('Ctrl Pts',(-0.935337163325313,-2.,-7.72621054556425));
#7493=CARTESIAN_POINT('Ctrl Pts',(-0.959745563880812,-1.,-7.51629895255909));
#7494=CARTESIAN_POINT('Ctrl Pts',(-0.959745563880812,-2.,-7.51629895255909));
#7495=CARTESIAN_POINT('',(-0.486224269089606,-1.,-7.75061848056823));
#7496=CARTESIAN_POINT('Ctrl Pts',(-0.959745563880812,-1.,-7.51629895255909));
#7497=CARTESIAN_POINT('Ctrl Pts',(-0.935337163325313,-1.,-7.72621054556425));
#7498=CARTESIAN_POINT('Ctrl Pts',(-0.832822253433433,-1.,-7.75061848056823));
#7499=CARTESIAN_POINT('Ctrl Pts',(-0.486224269089606,-1.,-7.75061848056823));
#7500=CARTESIAN_POINT('',(-0.486224269089606,-2.,-7.75061848056823));
#7501=CARTESIAN_POINT('Ctrl Pts',(-0.486224269089606,-2.,-7.75061848056823));
#7502=CARTESIAN_POINT('Ctrl Pts',(-0.832822253433433,-2.,-7.75061848056823));
#7503=CARTESIAN_POINT('Ctrl Pts',(-0.935337163325313,-2.,-7.72621054556425));
#7504=CARTESIAN_POINT('Ctrl Pts',(-0.959745563880812,-2.,-7.51629895255909));
#7505=CARTESIAN_POINT('',(-0.486224269089606,-1.,-7.75061848056823));
#7506=CARTESIAN_POINT('Origin',(0.499871109609479,-1.,-7.75061848056823));
#7507=CARTESIAN_POINT('',(0.499871109609479,-1.,-7.75061848056823));
#7508=CARTESIAN_POINT('',(0.249935554804739,-1.,-7.75061848056823));
#7509=CARTESIAN_POINT('',(0.499871109609479,-2.,-7.75061848056823));
#7510=CARTESIAN_POINT('Ctrl Pts',(0.499871109609479,-2.,-7.75061848056823));
#7511=CARTESIAN_POINT('Ctrl Pts',(0.343658090936717,-2.,-7.75061848056823));
#7512=CARTESIAN_POINT('Ctrl Pts',(-0.305602849861346,-2.,-7.75061848056823));
#7513=CARTESIAN_POINT('Ctrl Pts',(-0.486224269089606,-2.,-7.75061848056823));
#7514=CARTESIAN_POINT('',(0.499871109609479,-1.,-7.75061848056823));
#7515=CARTESIAN_POINT('Ctrl Pts',(0.973392404400684,-1.,-7.51629895255909));
#7516=CARTESIAN_POINT('Ctrl Pts',(0.973392404400684,-2.,-7.51629895255909));
#7517=CARTESIAN_POINT('Ctrl Pts',(0.948984003845186,-1.,-7.72132784123981));
#7518=CARTESIAN_POINT('Ctrl Pts',(0.948984003845186,-2.,-7.72132784123981));
#7519=CARTESIAN_POINT('Ctrl Pts',(0.846469093953306,-1.,-7.75061848056823));
#7520=CARTESIAN_POINT('Ctrl Pts',(0.846469093953306,-2.,-7.75061848056823));
#7521=CARTESIAN_POINT('Ctrl Pts',(0.499871109609479,-1.,-7.75061848056823));
#7522=CARTESIAN_POINT('Ctrl Pts',(0.499871109609479,-2.,-7.75061848056823));
#7523=CARTESIAN_POINT('',(0.973392404400684,-1.,-7.51629895255909));
#7524=CARTESIAN_POINT('Ctrl Pts',(0.499871109609479,-1.,-7.75061848056823));
#7525=CARTESIAN_POINT('Ctrl Pts',(0.846469093953306,-1.,-7.75061848056823));
#7526=CARTESIAN_POINT('Ctrl Pts',(0.948984003845186,-1.,-7.72132784123981));
#7527=CARTESIAN_POINT('Ctrl Pts',(0.973392404400684,-1.,-7.51629895255909));
#7528=CARTESIAN_POINT('',(0.973392404400684,-2.,-7.51629895255909));
#7529=CARTESIAN_POINT('Ctrl Pts',(0.973392404400684,-2.,-7.51629895255909));
#7530=CARTESIAN_POINT('Ctrl Pts',(0.948984003845186,-2.,-7.72132784123981));
#7531=CARTESIAN_POINT('Ctrl Pts',(0.846469093953306,-2.,-7.75061848056823));
#7532=CARTESIAN_POINT('Ctrl Pts',(0.499871109609479,-2.,-7.75061848056823));
#7533=CARTESIAN_POINT('',(0.973392404400684,-1.,-7.51629895255909));
#7534=CARTESIAN_POINT('Ctrl Pts',(1.98389618365527,-1.,0.235780013452509));
#7535=CARTESIAN_POINT('Ctrl Pts',(1.98389618365527,-2.,0.235780013452509));
#7536=CARTESIAN_POINT('Ctrl Pts',(1.93019807487438,-1.,-0.154753464332431));
#7537=CARTESIAN_POINT('Ctrl Pts',(1.93019807487438,-2.,-0.154753464332431));
#7538=CARTESIAN_POINT('Ctrl Pts',(1.12472411540356,-1.,-6.27147564529536));
#7539=CARTESIAN_POINT('Ctrl Pts',(1.12472411540356,-2.,-6.27147564529536));
#7540=CARTESIAN_POINT('Ctrl Pts',(0.973392404400684,-1.,-7.51629895255909));
#7541=CARTESIAN_POINT('Ctrl Pts',(0.973392404400684,-2.,-7.51629895255909));
#7542=CARTESIAN_POINT('',(1.98389618365527,-1.,0.235780013452509));
#7543=CARTESIAN_POINT('Ctrl Pts',(0.973392404400684,-1.,-7.51629895255909));
#7544=CARTESIAN_POINT('Ctrl Pts',(1.12472411540356,-1.,-6.27147564529536));
#7545=CARTESIAN_POINT('Ctrl Pts',(1.93019807487438,-1.,-0.154753464332431));
#7546=CARTESIAN_POINT('Ctrl Pts',(1.98389618365527,-1.,0.235780013452509));
#7547=CARTESIAN_POINT('',(1.98389618365527,-2.,0.235780013452509));
#7548=CARTESIAN_POINT('Ctrl Pts',(1.98389618365527,-2.,0.235780013452509));
#7549=CARTESIAN_POINT('Ctrl Pts',(1.93019807487438,-2.,-0.154753464332431));
#7550=CARTESIAN_POINT('Ctrl Pts',(1.12472411540356,-2.,-6.27147564529536));
#7551=CARTESIAN_POINT('Ctrl Pts',(0.973392404400684,-2.,-7.51629895255909));
#7552=CARTESIAN_POINT('',(1.98389618365527,-1.,0.235780013452509));
#7553=CARTESIAN_POINT('Ctrl Pts',(2.03759429243615,-1.,0.33829445779287));
#7554=CARTESIAN_POINT('Ctrl Pts',(2.03759429243615,-2.,0.33829445779287));
#7555=CARTESIAN_POINT('Ctrl Pts',(2.00830458421076,-1.,0.309004749567486));
#7556=CARTESIAN_POINT('Ctrl Pts',(2.00830458421076,-2.,0.309004749567486));
#7557=CARTESIAN_POINT('Ctrl Pts',(1.98877795687667,-1.,0.2748332681207));
#7558=CARTESIAN_POINT('Ctrl Pts',(1.98877795687667,-2.,0.2748332681207));
#7559=CARTESIAN_POINT('Ctrl Pts',(1.98389618365527,-1.,0.235780013452509));
#7560=CARTESIAN_POINT('Ctrl Pts',(1.98389618365527,-2.,0.235780013452509));
#7561=CARTESIAN_POINT('',(2.03759429243615,-1.,0.33829445779287));
#7562=CARTESIAN_POINT('Ctrl Pts',(1.98389618365527,-1.,0.235780013452509));
#7563=CARTESIAN_POINT('Ctrl Pts',(1.98877795687667,-1.,0.2748332681207));
#7564=CARTESIAN_POINT('Ctrl Pts',(2.00830458421076,-1.,0.309004749567486));
#7565=CARTESIAN_POINT('Ctrl Pts',(2.03759429243615,-1.,0.33829445779287));
#7566=CARTESIAN_POINT('',(2.03759429243615,-2.,0.33829445779287));
#7567=CARTESIAN_POINT('Ctrl Pts',(2.03759429243615,-2.,0.33829445779287));
#7568=CARTESIAN_POINT('Ctrl Pts',(2.00830458421076,-2.,0.309004749567486));
#7569=CARTESIAN_POINT('Ctrl Pts',(1.98877795687667,-2.,0.2748332681207));
#7570=CARTESIAN_POINT('Ctrl Pts',(1.98389618365527,-2.,0.235780013452509));
#7571=CARTESIAN_POINT('',(2.03759429243615,-1.,0.33829445779287));
#7572=CARTESIAN_POINT('Ctrl Pts',(2.44765393200367,-1.,0.32364913812866));
#7573=CARTESIAN_POINT('Ctrl Pts',(2.44765393200367,-2.,0.32364913812866));
#7574=CARTESIAN_POINT('Ctrl Pts',(2.35490210300307,-1.,0.440808902133232));
#7575=CARTESIAN_POINT('Ctrl Pts',(2.35490210300307,-2.,0.440808902133232));
#7576=CARTESIAN_POINT('Ctrl Pts',(2.14499050999791,-1.,0.445690675354634));
#7577=CARTESIAN_POINT('Ctrl Pts',(2.14499050999791,-2.,0.445690675354634));
#7578=CARTESIAN_POINT('Ctrl Pts',(2.03759429243615,-1.,0.33829445779287));
#7579=CARTESIAN_POINT('Ctrl Pts',(2.03759429243615,-2.,0.33829445779287));
#7580=CARTESIAN_POINT('',(2.44765393200367,-1.,0.32364913812866));
#7581=CARTESIAN_POINT('Ctrl Pts',(2.03759429243615,-1.,0.33829445779287));
#7582=CARTESIAN_POINT('Ctrl Pts',(2.14499050999791,-1.,0.445690675354634));
#7583=CARTESIAN_POINT('Ctrl Pts',(2.35490210300307,-1.,0.440808902133232));
#7584=CARTESIAN_POINT('Ctrl Pts',(2.44765393200367,-1.,0.32364913812866));
#7585=CARTESIAN_POINT('',(2.44765393200367,-2.,0.32364913812866));
#7586=CARTESIAN_POINT('Ctrl Pts',(2.44765393200367,-2.,0.32364913812866));
#7587=CARTESIAN_POINT('Ctrl Pts',(2.35490210300307,-2.,0.440808902133232));
#7588=CARTESIAN_POINT('Ctrl Pts',(2.14499050999791,-2.,0.445690675354634));
#7589=CARTESIAN_POINT('Ctrl Pts',(2.03759429243615,-2.,0.33829445779287));
#7590=CARTESIAN_POINT('',(2.44765393200367,-1.,0.32364913812866));
#7591=CARTESIAN_POINT('Origin',(2.45741747844647,-1.,0.313885591685853));
#7592=CARTESIAN_POINT('',(2.45741747844647,-1.,0.313885591685853));
#7593=CARTESIAN_POINT('',(1.92153450675632,-1.,0.849768563376008));
#7594=CARTESIAN_POINT('',(2.45741747844647,-2.,0.313885591685853));
#7595=CARTESIAN_POINT('',(2.44765393200367,-2.,0.32364913812866));
#7596=CARTESIAN_POINT('',(2.45741747844647,-1.,0.313885591685853));
#7597=CARTESIAN_POINT('Ctrl Pts',(2.49647073311466,-1.,0.201607600902686));
#7598=CARTESIAN_POINT('Ctrl Pts',(2.49647073311466,-2.,0.201607600902686));
#7599=CARTESIAN_POINT('Ctrl Pts',(2.50135250633607,-1.,0.245542628792279));
#7600=CARTESIAN_POINT('Ctrl Pts',(2.50135250633607,-2.,0.245542628792279));
#7601=CARTESIAN_POINT('Ctrl Pts',(2.48670718667186,-1.,0.279714110239067));
#7602=CARTESIAN_POINT('Ctrl Pts',(2.48670718667186,-2.,0.279714110239067));
#7603=CARTESIAN_POINT('Ctrl Pts',(2.45741747844647,-1.,0.313885591685853));
#7604=CARTESIAN_POINT('Ctrl Pts',(2.45741747844647,-2.,0.313885591685853));
#7605=CARTESIAN_POINT('',(2.49647073311466,-1.,0.201607600902686));
#7606=CARTESIAN_POINT('Ctrl Pts',(2.45741747844647,-1.,0.313885591685853));
#7607=CARTESIAN_POINT('Ctrl Pts',(2.48670718667186,-1.,0.279714110239067));
#7608=CARTESIAN_POINT('Ctrl Pts',(2.50135250633607,-1.,0.245542628792279));
#7609=CARTESIAN_POINT('Ctrl Pts',(2.49647073311466,-1.,0.201607600902686));
#7610=CARTESIAN_POINT('',(2.49647073311466,-2.,0.201607600902686));
#7611=CARTESIAN_POINT('Ctrl Pts',(2.49647073311466,-2.,0.201607600902686));
#7612=CARTESIAN_POINT('Ctrl Pts',(2.50135250633607,-2.,0.245542628792279));
#7613=CARTESIAN_POINT('Ctrl Pts',(2.48670718667186,-2.,0.279714110239067));
#7614=CARTESIAN_POINT('Ctrl Pts',(2.45741747844647,-2.,0.313885591685853));
#7615=CARTESIAN_POINT('',(2.49647073311466,-1.,0.201607600902686));
#7616=CARTESIAN_POINT('Ctrl Pts',(2.42324599699969,-1.,-7.7652628691294));
#7617=CARTESIAN_POINT('Ctrl Pts',(2.42324599699969,-2.,-7.7652628691294));
#7618=CARTESIAN_POINT('Ctrl Pts',(2.49647073311466,-1.,-0.369546830558996));
#7619=CARTESIAN_POINT('Ctrl Pts',(2.49647073311466,-2.,-0.369546830558996));
#7620=CARTESIAN_POINT('Ctrl Pts',(2.49647073311466,-1.,0.201607600902686));
#7621=CARTESIAN_POINT('Ctrl Pts',(2.49647073311466,-2.,0.201607600902686));
#7622=CARTESIAN_POINT('',(2.42324599699969,-1.,-7.7652628691294));
#7623=CARTESIAN_POINT('Ctrl Pts',(2.49647073311466,-1.,0.201607600902686));
#7624=CARTESIAN_POINT('Ctrl Pts',(2.49647073311466,-1.,-0.369546830558996));
#7625=CARTESIAN_POINT('Ctrl Pts',(2.42324599699969,-1.,-7.7652628691294));
#7626=CARTESIAN_POINT('',(2.42324599699969,-2.,-7.7652628691294));
#7627=CARTESIAN_POINT('Ctrl Pts',(2.42324599699969,-2.,-7.7652628691294));
#7628=CARTESIAN_POINT('Ctrl Pts',(2.49647073311466,-2.,-0.369546830558996));
#7629=CARTESIAN_POINT('Ctrl Pts',(2.49647073311466,-2.,0.201607600902686));
#7630=CARTESIAN_POINT('',(2.42324599699969,-1.,-7.7652628691294));
#7631=CARTESIAN_POINT('Origin',(5.81111933110159,-1.,-7.7652628691294));
#7632=CARTESIAN_POINT('',(5.81111933110159,-1.,-7.7652628691294));
#7633=CARTESIAN_POINT('',(2.90555966555079,-1.,-7.7652628691294));
#7634=CARTESIAN_POINT('',(5.81111933110159,-2.,-7.7652628691294));
#7635=CARTESIAN_POINT('',(2.42324599699969,-2.,-7.7652628691294));
#7636=CARTESIAN_POINT('',(5.81111933110159,-1.,-7.7652628691294));
#7637=CARTESIAN_POINT('Ctrl Pts',(5.80135578465878,-1.,6.37202835619802));
#7638=CARTESIAN_POINT('Ctrl Pts',(5.80135578465878,-2.,6.37202835619802));
#7639=CARTESIAN_POINT('Ctrl Pts',(5.82088287754439,-1.,4.1508727511265));
#7640=CARTESIAN_POINT('Ctrl Pts',(5.82088287754439,-2.,4.1508727511265));
#7641=CARTESIAN_POINT('Ctrl Pts',(5.81111933110159,-1.,-7.7652628691294));
#7642=CARTESIAN_POINT('Ctrl Pts',(5.81111933110159,-2.,-7.7652628691294));
#7643=CARTESIAN_POINT('',(5.80135578465878,-1.,6.37202835619802));
#7644=CARTESIAN_POINT('Ctrl Pts',(5.81111933110159,-1.,-7.7652628691294));
#7645=CARTESIAN_POINT('Ctrl Pts',(5.82088287754439,-1.,4.1508727511265));
#7646=CARTESIAN_POINT('Ctrl Pts',(5.80135578465878,-1.,6.37202835619802));
#7647=CARTESIAN_POINT('',(5.80135578465878,-2.,6.37202835619802));
#7648=CARTESIAN_POINT('Ctrl Pts',(5.80135578465878,-2.,6.37202835619802));
#7649=CARTESIAN_POINT('Ctrl Pts',(5.82088287754439,-2.,4.1508727511265));
#7650=CARTESIAN_POINT('Ctrl Pts',(5.81111933110159,-2.,-7.7652628691294));
#7651=CARTESIAN_POINT('',(5.80135578465878,-1.,6.37202835619802));
#7652=CARTESIAN_POINT('Origin',(5.80623755788018,-1.,6.37202649399194));
#7653=CARTESIAN_POINT('',(2.904334540988,-1.,6.37313345680552));
#7654=CARTESIAN_POINT('',(5.80135578465878,-2.,6.37202835619802));
#7655=CARTESIAN_POINT('Ctrl Pts',(-6.28768672594954,-1.,6.37700790315562));
#7656=CARTESIAN_POINT('Ctrl Pts',(-6.28768672594954,-2.,6.37700790315562));
#7657=CARTESIAN_POINT('Ctrl Pts',(-6.28769042875752,-1.,6.37644631057705));
#7658=CARTESIAN_POINT('Ctrl Pts',(-6.28769042875752,-2.,6.37644631057705));
#7659=CARTESIAN_POINT('Ctrl Pts',(-6.28769413156549,-1.,6.37588471799885));
#7660=CARTESIAN_POINT('Ctrl Pts',(-6.28769413156549,-2.,6.37588471799885));
#7661=CARTESIAN_POINT('Ctrl Pts',(-6.28769783437346,-1.,6.37532312542028));
#7662=CARTESIAN_POINT('Ctrl Pts',(-6.28769783437346,-2.,6.37532312542028));
#7663=CARTESIAN_POINT('Ctrl Pts',(-6.29750244052234,-1.,4.88829109726568));
#7664=CARTESIAN_POINT('Ctrl Pts',(-6.29750244052234,-2.,4.88829109726568));
#7665=CARTESIAN_POINT('Ctrl Pts',(-6.30072651312096,-1.,0.178838098721913));
#7666=CARTESIAN_POINT('Ctrl Pts',(-6.30072651312096,-2.,0.178838098721913));
#7667=CARTESIAN_POINT('Ctrl Pts',(-6.2974719830732,-1.,-7.76546956540738));
#7668=CARTESIAN_POINT('Ctrl Pts',(-6.2974719830732,-2.,-7.76546956540738));
#7669=CARTESIAN_POINT('Ctrl Pts',(-6.29740373301483,-1.,-7.93206795405008));
#7670=CARTESIAN_POINT('Ctrl Pts',(-6.29740373301483,-2.,-7.93206795405008));
#7671=CARTESIAN_POINT('Ctrl Pts',(-6.29733548295647,-1.,-8.09866634269278));
#7672=CARTESIAN_POINT('Ctrl Pts',(-6.29733548295647,-2.,-8.09866634269278));
#7673=CARTESIAN_POINT('Ctrl Pts',(-6.2972672328981,-1.,-8.26526473133548));
#7674=CARTESIAN_POINT('Ctrl Pts',(-6.2972672328981,-2.,-8.26526473133548));
#7675=CARTESIAN_POINT('',(-6.2972672328981,-1.,-8.26526473133548));
#7676=CARTESIAN_POINT('',(-6.28768672594954,-1.,6.37700790315599));
#7677=CARTESIAN_POINT('Ctrl Pts',(-6.2972672328981,-1.,-8.26526473133548));
#7678=CARTESIAN_POINT('Ctrl Pts',(-6.29733548295647,-1.,-8.09866634269278));
#7679=CARTESIAN_POINT('Ctrl Pts',(-6.29740373301483,-1.,-7.93206795405008));
#7680=CARTESIAN_POINT('Ctrl Pts',(-6.2974719830732,-1.,-7.76546956540738));
#7681=CARTESIAN_POINT('Ctrl Pts',(-6.30072651312096,-1.,0.178838098721913));
#7682=CARTESIAN_POINT('Ctrl Pts',(-6.29750244052234,-1.,4.88829109726568));
#7683=CARTESIAN_POINT('Ctrl Pts',(-6.28769783437346,-1.,6.37532312542028));
#7684=CARTESIAN_POINT('Ctrl Pts',(-6.28769413156549,-1.,6.37588471799885));
#7685=CARTESIAN_POINT('Ctrl Pts',(-6.28769042875752,-1.,6.37644631057705));
#7686=CARTESIAN_POINT('Ctrl Pts',(-6.28768672594954,-1.,6.37700790315562));
#7687=CARTESIAN_POINT('',(-6.2972672328981,-2.,-8.26526473133548));
#7688=CARTESIAN_POINT('',(-6.2972672328981,-1.,-8.26526473133548));
#7689=CARTESIAN_POINT('',(-6.28768672594954,-2.,6.37700790315599));
#7690=CARTESIAN_POINT('Ctrl Pts',(-6.28768672594954,-2.,6.37700790315562));
#7691=CARTESIAN_POINT('Ctrl Pts',(-6.28769042875752,-2.,6.37644631057705));
#7692=CARTESIAN_POINT('Ctrl Pts',(-6.28769413156549,-2.,6.37588471799885));
#7693=CARTESIAN_POINT('Ctrl Pts',(-6.28769783437346,-2.,6.37532312542028));
#7694=CARTESIAN_POINT('Ctrl Pts',(-6.29750244052234,-2.,4.88829109726568));
#7695=CARTESIAN_POINT('Ctrl Pts',(-6.30072651312096,-2.,0.178838098721913));
#7696=CARTESIAN_POINT('Ctrl Pts',(-6.2974719830732,-2.,-7.76546956540738));
#7697=CARTESIAN_POINT('Ctrl Pts',(-6.29740373301483,-2.,-7.93206795405008));
#7698=CARTESIAN_POINT('Ctrl Pts',(-6.29733548295647,-2.,-8.09866634269278));
#7699=CARTESIAN_POINT('Ctrl Pts',(-6.2972672328981,-2.,-8.26526473133548));
#7700=CARTESIAN_POINT('',(-6.28768672594954,-1.,6.37700790315599));
#7701=CARTESIAN_POINT('Ctrl Pts',(-6.03181531520229,-1.,7.68036192598461));
#7702=CARTESIAN_POINT('Ctrl Pts',(-6.03181531520229,-2.,7.68036192598461));
#7703=CARTESIAN_POINT('Ctrl Pts',(-6.03204595878224,-1.,7.67988666046002));
#7704=CARTESIAN_POINT('Ctrl Pts',(-6.03204595878224,-2.,7.67988666046002));
#7705=CARTESIAN_POINT('Ctrl Pts',(-6.03227660236218,-1.,7.67941139493543));
#7706=CARTESIAN_POINT('Ctrl Pts',(-6.03227660236218,-2.,7.67941139493543));
#7707=CARTESIAN_POINT('Ctrl Pts',(-6.03250724594214,-1.,7.67893612941081));
#7708=CARTESIAN_POINT('Ctrl Pts',(-6.03250724594214,-2.,7.67893612941081));
#7709=CARTESIAN_POINT('Ctrl Pts',(-6.24699548697748,-1.,7.23696039170175));
#7710=CARTESIAN_POINT('Ctrl Pts',(-6.24699548697748,-2.,7.23696039170175));
#7711=CARTESIAN_POINT('Ctrl Pts',(-6.28237184798772,-1.,6.7756238854403));
#7712=CARTESIAN_POINT('Ctrl Pts',(-6.28237184798772,-2.,6.7756238854403));
#7713=CARTESIAN_POINT('Ctrl Pts',(-6.28766426378118,-1.,6.37869256587734));
#7714=CARTESIAN_POINT('Ctrl Pts',(-6.28766426378118,-2.,6.37869256587734));
#7715=CARTESIAN_POINT('Ctrl Pts',(-6.28767175116851,-1.,6.3781310116369));
#7716=CARTESIAN_POINT('Ctrl Pts',(-6.28767175116851,-2.,6.3781310116369));
#7717=CARTESIAN_POINT('Ctrl Pts',(-6.28767923855584,-1.,6.37756945739631));
#7718=CARTESIAN_POINT('Ctrl Pts',(-6.28767923855584,-2.,6.37756945739631));
#7719=CARTESIAN_POINT('Ctrl Pts',(-6.28768672594316,-1.,6.37700790315589));
#7720=CARTESIAN_POINT('Ctrl Pts',(-6.28768672594316,-2.,6.37700790315589));
#7721=CARTESIAN_POINT('',(-6.03181531520227,-1.,7.68036192598464));
#7722=CARTESIAN_POINT('Ctrl Pts',(-6.28768672594316,-1.,6.37700790315574));
#7723=CARTESIAN_POINT('Ctrl Pts',(-6.28767923855584,-1.,6.37756945739622));
#7724=CARTESIAN_POINT('Ctrl Pts',(-6.28767175116851,-1.,6.37813101163685));
#7725=CARTESIAN_POINT('Ctrl Pts',(-6.28766426378118,-1.,6.37869256587734));
#7726=CARTESIAN_POINT('Ctrl Pts',(-6.28237184798772,-1.,6.7756238854403));
#7727=CARTESIAN_POINT('Ctrl Pts',(-6.24699548697748,-1.,7.23696039170175));
#7728=CARTESIAN_POINT('Ctrl Pts',(-6.03250724594214,-1.,7.67893612941081));
#7729=CARTESIAN_POINT('Ctrl Pts',(-6.03227660236218,-1.,7.67941139493542));
#7730=CARTESIAN_POINT('Ctrl Pts',(-6.03204595878224,-1.,7.67988666046));
#7731=CARTESIAN_POINT('Ctrl Pts',(-6.0318153152023,-1.,7.68036192598459));
#7732=CARTESIAN_POINT('',(-6.03181531520227,-2.,7.68036192598464));
#7733=CARTESIAN_POINT('Ctrl Pts',(-6.0318153152023,-2.,7.68036192598459));
#7734=CARTESIAN_POINT('Ctrl Pts',(-6.03204595878224,-2.,7.67988666046));
#7735=CARTESIAN_POINT('Ctrl Pts',(-6.03227660236218,-2.,7.67941139493542));
#7736=CARTESIAN_POINT('Ctrl Pts',(-6.03250724594214,-2.,7.67893612941081));
#7737=CARTESIAN_POINT('Ctrl Pts',(-6.24699548697748,-2.,7.23696039170175));
#7738=CARTESIAN_POINT('Ctrl Pts',(-6.28237184798772,-2.,6.7756238854403));
#7739=CARTESIAN_POINT('Ctrl Pts',(-6.28766426378118,-2.,6.37869256587734));
#7740=CARTESIAN_POINT('Ctrl Pts',(-6.28767175116851,-2.,6.37813101163685));
#7741=CARTESIAN_POINT('Ctrl Pts',(-6.28767923855584,-2.,6.37756945739622));
#7742=CARTESIAN_POINT('Ctrl Pts',(-6.28768672594316,-2.,6.37700790315574));
#7743=CARTESIAN_POINT('',(-6.03181531520227,-1.,7.68036192598464));
#7744=CARTESIAN_POINT('Ctrl Pts',(-3.06287897328744,-1.,8.80608585575977));
#7745=CARTESIAN_POINT('Ctrl Pts',(-3.06287897328744,-2.,8.80608585575977));
#7746=CARTESIAN_POINT('Ctrl Pts',(-3.06289834680148,-1.,8.80608954595644));
#7747=CARTESIAN_POINT('Ctrl Pts',(-3.06289834680148,-2.,8.80608954595644));
#7748=CARTESIAN_POINT('Ctrl Pts',(-3.06291772032636,-1.,8.80609323615517));
#7749=CARTESIAN_POINT('Ctrl Pts',(-3.06291772032636,-2.,8.80609323615517));
#7750=CARTESIAN_POINT('Ctrl Pts',(-3.06293709384031,-1.,8.80609692635183));
#7751=CARTESIAN_POINT('Ctrl Pts',(-3.06293709384031,-2.,8.80609692635183));
#7752=CARTESIAN_POINT('Ctrl Pts',(-3.98426197781476,-1.,8.98158754792747));
#7753=CARTESIAN_POINT('Ctrl Pts',(-3.98426197781476,-2.,8.98158754792747));
#7754=CARTESIAN_POINT('Ctrl Pts',(-4.92423027108445,-1.,8.81292047499746));
#7755=CARTESIAN_POINT('Ctrl Pts',(-4.92423027108445,-2.,8.81292047499746));
#7756=CARTESIAN_POINT('Ctrl Pts',(-5.56890596477255,-1.,8.26600058460778));
#7757=CARTESIAN_POINT('Ctrl Pts',(-5.56890596477255,-2.,8.26600058460778));
#7758=CARTESIAN_POINT('Ctrl Pts',(-5.75731912410393,-1.,8.10615757290686));
#7759=CARTESIAN_POINT('Ctrl Pts',(-5.75731912410393,-2.,8.10615757290686));
#7760=CARTESIAN_POINT('Ctrl Pts',(-5.91837784995702,-1.,7.91038790838794));
#7761=CARTESIAN_POINT('Ctrl Pts',(-5.91837784995702,-2.,7.91038790838794));
#7762=CARTESIAN_POINT('Ctrl Pts',(-6.03111436024286,-1.,7.68178330693857));
#7763=CARTESIAN_POINT('Ctrl Pts',(-6.03111436024286,-2.,7.68178330693857));
#7764=CARTESIAN_POINT('Ctrl Pts',(-6.03134801189527,-1.,7.68130951328697));
#7765=CARTESIAN_POINT('Ctrl Pts',(-6.03134801189527,-2.,7.68130951328697));
#7766=CARTESIAN_POINT('Ctrl Pts',(-6.03158166354748,-1.,7.68083571963578));
#7767=CARTESIAN_POINT('Ctrl Pts',(-6.03158166354748,-2.,7.68083571963578));
#7768=CARTESIAN_POINT('Ctrl Pts',(-6.03181531519987,-1.,7.6803619259842));
#7769=CARTESIAN_POINT('Ctrl Pts',(-6.03181531519987,-2.,7.6803619259842));
#7770=CARTESIAN_POINT('',(-3.06287897329832,-1.,8.80608585576184));
#7771=CARTESIAN_POINT('Ctrl Pts',(-6.03181531519968,-1.,7.68036192598459));
#7772=CARTESIAN_POINT('Ctrl Pts',(-6.03158166354735,-1.,7.68083571963603));
#7773=CARTESIAN_POINT('Ctrl Pts',(-6.03134801189521,-1.,7.6813095132871));
#7774=CARTESIAN_POINT('Ctrl Pts',(-6.03111436024286,-1.,7.68178330693857));
#7775=CARTESIAN_POINT('Ctrl Pts',(-5.91837784995702,-1.,7.91038790838794));
#7776=CARTESIAN_POINT('Ctrl Pts',(-5.75731912410393,-1.,8.10615757290686));
#7777=CARTESIAN_POINT('Ctrl Pts',(-5.56890596477255,-1.,8.26600058460778));
#7778=CARTESIAN_POINT('Ctrl Pts',(-4.92423027108445,-1.,8.81292047499746));
#7779=CARTESIAN_POINT('Ctrl Pts',(-3.98426197781476,-1.,8.98158754792747));
#7780=CARTESIAN_POINT('Ctrl Pts',(-3.06293709384031,-1.,8.80609692635183));
#7781=CARTESIAN_POINT('Ctrl Pts',(-3.06291772032273,-1.,8.80609323615448));
#7782=CARTESIAN_POINT('Ctrl Pts',(-3.06289834679423,-1.,8.80608954595506));
#7783=CARTESIAN_POINT('Ctrl Pts',(-3.06287897327656,-1.,8.8060858557577));
#7784=CARTESIAN_POINT('',(-3.06287897329832,-2.,8.80608585576184));
#7785=CARTESIAN_POINT('Ctrl Pts',(-3.06287897327656,-2.,8.8060858557577));
#7786=CARTESIAN_POINT('Ctrl Pts',(-3.06289834679423,-2.,8.80608954595506));
#7787=CARTESIAN_POINT('Ctrl Pts',(-3.06291772032273,-2.,8.80609323615448));
#7788=CARTESIAN_POINT('Ctrl Pts',(-3.06293709384031,-2.,8.80609692635183));
#7789=CARTESIAN_POINT('Ctrl Pts',(-3.98426197781476,-2.,8.98158754792747));
#7790=CARTESIAN_POINT('Ctrl Pts',(-4.92423027108445,-2.,8.81292047499746));
#7791=CARTESIAN_POINT('Ctrl Pts',(-5.56890596477255,-2.,8.26600058460778));
#7792=CARTESIAN_POINT('Ctrl Pts',(-5.75731912410393,-2.,8.10615757290686));
#7793=CARTESIAN_POINT('Ctrl Pts',(-5.91837784995702,-2.,7.91038790838794));
#7794=CARTESIAN_POINT('Ctrl Pts',(-6.03111436024286,-2.,7.68178330693857));
#7795=CARTESIAN_POINT('Ctrl Pts',(-6.03134801189521,-2.,7.6813095132871));
#7796=CARTESIAN_POINT('Ctrl Pts',(-6.03158166354735,-2.,7.68083571963603));
#7797=CARTESIAN_POINT('Ctrl Pts',(-6.03181531519968,-2.,7.68036192598459));
#7798=CARTESIAN_POINT('',(-3.06287897329832,-1.,8.80608585576184));
#7799=CARTESIAN_POINT('Ctrl Pts',(-1.12060772480436,-1.,7.0199955167255));
#7800=CARTESIAN_POINT('Ctrl Pts',(-1.12060772480436,-2.,7.0199955167255));
#7801=CARTESIAN_POINT('Ctrl Pts',(-1.22047954580764,-1.,7.62305858363809));
#7802=CARTESIAN_POINT('Ctrl Pts',(-1.22047954580764,-2.,7.62305858363809));
#7803=CARTESIAN_POINT('Ctrl Pts',(-1.55032585574867,-1.,8.15098895446434));
#7804=CARTESIAN_POINT('Ctrl Pts',(-1.55032585574867,-2.,8.15098895446434));
#7805=CARTESIAN_POINT('Ctrl Pts',(-2.07288616447581,-1.,8.45767818368731));
#7806=CARTESIAN_POINT('Ctrl Pts',(-2.07288616447581,-2.,8.45767818368731));
#7807=CARTESIAN_POINT('Ctrl Pts',(-2.35828200733701,-1.,8.62517623053236));
#7808=CARTESIAN_POINT('Ctrl Pts',(-2.35828200733701,-2.,8.62517623053236));
#7809=CARTESIAN_POINT('Ctrl Pts',(-2.68820535867362,-1.,8.73462749260809));
#7810=CARTESIAN_POINT('Ctrl Pts',(-2.68820535867362,-2.,8.73462749260809));
#7811=CARTESIAN_POINT('Ctrl Pts',(-3.06282085534686,-1.,8.80607477141131));
#7812=CARTESIAN_POINT('Ctrl Pts',(-3.06282085534686,-2.,8.80607477141131));
#7813=CARTESIAN_POINT('Ctrl Pts',(-3.06284022799498,-1.,8.80607846619437));
#7814=CARTESIAN_POINT('Ctrl Pts',(-3.06284022799498,-2.,8.80607846619437));
#7815=CARTESIAN_POINT('Ctrl Pts',(-3.06285960065061,-1.,8.80608216097886));
#7816=CARTESIAN_POINT('Ctrl Pts',(-3.06285960065061,-2.,8.80608216097886));
#7817=CARTESIAN_POINT('Ctrl Pts',(-3.06287897329872,-1.,8.80608585576192));
#7818=CARTESIAN_POINT('Ctrl Pts',(-3.06287897329872,-2.,8.80608585576192));
#7819=CARTESIAN_POINT('',(-1.12060772480436,-1.,7.0199955167255));
#7820=CARTESIAN_POINT('Ctrl Pts',(-3.06287897330622,-1.,8.80608585576335));
#7821=CARTESIAN_POINT('Ctrl Pts',(-3.06285960065561,-1.,8.80608216097981));
#7822=CARTESIAN_POINT('Ctrl Pts',(-3.06284022799749,-1.,8.80607846619484));
#7823=CARTESIAN_POINT('Ctrl Pts',(-3.06282085534686,-1.,8.80607477141131));
#7824=CARTESIAN_POINT('Ctrl Pts',(-2.68820535867362,-1.,8.73462749260809));
#7825=CARTESIAN_POINT('Ctrl Pts',(-2.35828200733701,-1.,8.62517623053236));
#7826=CARTESIAN_POINT('Ctrl Pts',(-2.07288616447581,-1.,8.45767818368731));
#7827=CARTESIAN_POINT('Ctrl Pts',(-1.5503258557481,-1.,8.15098895446401));
#7828=CARTESIAN_POINT('Ctrl Pts',(-1.22047954580691,-1.,7.62305858363693));
#7829=CARTESIAN_POINT('Ctrl Pts',(-1.12060772480403,-1.,7.01999551672351));
#7830=CARTESIAN_POINT('',(-1.12060772480436,-2.,7.0199955167255));
#7831=CARTESIAN_POINT('Ctrl Pts',(-1.12060772480403,-2.,7.01999551672351));
#7832=CARTESIAN_POINT('Ctrl Pts',(-1.22047954580691,-2.,7.62305858363693));
#7833=CARTESIAN_POINT('Ctrl Pts',(-1.5503258557481,-2.,8.15098895446401));
#7834=CARTESIAN_POINT('Ctrl Pts',(-2.07288616447581,-2.,8.45767818368731));
#7835=CARTESIAN_POINT('Ctrl Pts',(-2.35828200733701,-2.,8.62517623053236));
#7836=CARTESIAN_POINT('Ctrl Pts',(-2.68820535867362,-2.,8.73462749260809));
#7837=CARTESIAN_POINT('Ctrl Pts',(-3.06282085534686,-2.,8.80607477141131));
#7838=CARTESIAN_POINT('Ctrl Pts',(-3.06284022799749,-2.,8.80607846619484));
#7839=CARTESIAN_POINT('Ctrl Pts',(-3.06285960065561,-2.,8.80608216097981));
#7840=CARTESIAN_POINT('Ctrl Pts',(-3.06287897330622,-2.,8.80608585576335));
#7841=CARTESIAN_POINT('',(-1.12060772480436,-1.,7.0199955167255));
#7842=CARTESIAN_POINT('Ctrl Pts',(0.0117049604437269,-1.,0.231443520742201));
#7843=CARTESIAN_POINT('Ctrl Pts',(0.0117049604437269,-2.,0.231443520742201));
#7844=CARTESIAN_POINT('Ctrl Pts',(-0.314993683409394,-1.,2.16099267190818));
#7845=CARTESIAN_POINT('Ctrl Pts',(-0.314993683409394,-2.,2.16099267190818));
#7846=CARTESIAN_POINT('Ctrl Pts',(-0.850071098401126,-1.,5.38650230627132));
#7847=CARTESIAN_POINT('Ctrl Pts',(-0.850071098401126,-2.,5.38650230627132));
#7848=CARTESIAN_POINT('Ctrl Pts',(-1.12060772483827,-1.,7.01999551672193));
#7849=CARTESIAN_POINT('Ctrl Pts',(-1.12060772483827,-2.,7.01999551672193));
#7850=CARTESIAN_POINT('',(0.0117049604437269,-1.,0.231443520742201));
#7851=CARTESIAN_POINT('Ctrl Pts',(-1.12060772483827,-1.,7.01999551672193));
#7852=CARTESIAN_POINT('Ctrl Pts',(-0.850071098401126,-1.,5.38650230627132));
#7853=CARTESIAN_POINT('Ctrl Pts',(-0.314993683409394,-1.,2.16099267190818));
#7854=CARTESIAN_POINT('Ctrl Pts',(0.0117049604437269,-1.,0.231443520742201));
#7855=CARTESIAN_POINT('',(0.0117049604437269,-2.,0.231443520742202));
#7856=CARTESIAN_POINT('Ctrl Pts',(0.0117049604437269,-2.,0.231443520742201));
#7857=CARTESIAN_POINT('Ctrl Pts',(-0.314993683409394,-2.,2.16099267190818));
#7858=CARTESIAN_POINT('Ctrl Pts',(-0.850071098401126,-2.,5.38650230627132));
#7859=CARTESIAN_POINT('Ctrl Pts',(-1.12060772483827,-2.,7.01999551672193));
#7860=CARTESIAN_POINT('',(0.0117049604437269,-1.,0.231443520742201));
#7861=CARTESIAN_POINT('Ctrl Pts',(1.14401659588794,-1.,7.01998929105383));
#7862=CARTESIAN_POINT('Ctrl Pts',(1.14401659588794,-2.,7.01998929105383));
#7863=CARTESIAN_POINT('Ctrl Pts',(0.951211012826572,-1.,5.85583407795618));
#7864=CARTESIAN_POINT('Ctrl Pts',(0.951211012826572,-2.,5.85583407795618));
#7865=CARTESIAN_POINT('Ctrl Pts',(0.624165480378658,-1.,3.88379993160259));
#7866=CARTESIAN_POINT('Ctrl Pts',(0.624165480378658,-2.,3.88379993160259));
#7867=CARTESIAN_POINT('Ctrl Pts',(0.333792300849397,-1.,2.14766119791785));
#7868=CARTESIAN_POINT('Ctrl Pts',(0.333792300849397,-2.,2.14766119791785));
#7869=CARTESIAN_POINT('Ctrl Pts',(0.216726133400877,-1.,1.44772359334677));
#7870=CARTESIAN_POINT('Ctrl Pts',(0.216726133400877,-2.,1.44772359334677));
#7871=CARTESIAN_POINT('Ctrl Pts',(0.105614577309821,-1.,0.786092967857079));
#7872=CARTESIAN_POINT('Ctrl Pts',(0.105614577309821,-2.,0.786092967857079));
#7873=CARTESIAN_POINT('Ctrl Pts',(0.0117049604437271,-1.,0.231443520742201));
#7874=CARTESIAN_POINT('Ctrl Pts',(0.0117049604437271,-2.,0.231443520742201));
#7875=CARTESIAN_POINT('',(1.14401659588927,-1.,7.01998929106181));
#7876=CARTESIAN_POINT('Ctrl Pts',(0.0117049604437271,-1.,0.231443520742201));
#7877=CARTESIAN_POINT('Ctrl Pts',(0.105614577309821,-1.,0.786092967857079));
#7878=CARTESIAN_POINT('Ctrl Pts',(0.216726133400877,-1.,1.44772359334677));
#7879=CARTESIAN_POINT('Ctrl Pts',(0.333792300849397,-1.,2.14766119791785));
#7880=CARTESIAN_POINT('Ctrl Pts',(0.624165480377995,-1.,3.88379993159862));
#7881=CARTESIAN_POINT('Ctrl Pts',(0.951211012825077,-1.,5.85583407794716));
#7882=CARTESIAN_POINT('Ctrl Pts',(1.14401659588662,-1.,7.01998929104585));
#7883=CARTESIAN_POINT('',(1.14401659588927,-2.,7.01998929106181));
#7884=CARTESIAN_POINT('Ctrl Pts',(1.14401659588662,-2.,7.01998929104585));
#7885=CARTESIAN_POINT('Ctrl Pts',(0.951211012825077,-2.,5.85583407794716));
#7886=CARTESIAN_POINT('Ctrl Pts',(0.624165480377995,-2.,3.88379993159862));
#7887=CARTESIAN_POINT('Ctrl Pts',(0.333792300849397,-2.,2.14766119791785));
#7888=CARTESIAN_POINT('Ctrl Pts',(0.216726133400877,-2.,1.44772359334677));
#7889=CARTESIAN_POINT('Ctrl Pts',(0.105614577309821,-2.,0.786092967857079));
#7890=CARTESIAN_POINT('Ctrl Pts',(0.0117049604437271,-2.,0.231443520742201));
#7891=CARTESIAN_POINT('',(1.14401659588927,-1.,7.01998929106181));
#7892=CARTESIAN_POINT('Ctrl Pts',(3.08669443847341,-1.,8.8061630913408));
#7893=CARTESIAN_POINT('Ctrl Pts',(3.08669443847341,-2.,8.8061630913408));
#7894=CARTESIAN_POINT('Ctrl Pts',(2.3984599986155,-1.,8.67557506754674));
#7895=CARTESIAN_POINT('Ctrl Pts',(2.3984599986155,-2.,8.67557506754674));
#7896=CARTESIAN_POINT('Ctrl Pts',(1.84019714195215,-1.,8.39916799265108));
#7897=CARTESIAN_POINT('Ctrl Pts',(1.84019714195215,-2.,8.39916799265108));
#7898=CARTESIAN_POINT('Ctrl Pts',(1.49833543633986,-1.,7.91979508847716));
#7899=CARTESIAN_POINT('Ctrl Pts',(1.49833543633986,-2.,7.91979508847716));
#7900=CARTESIAN_POINT('Ctrl Pts',(1.3110095912234,-1.,7.65711888659173));
#7901=CARTESIAN_POINT('Ctrl Pts',(1.3110095912234,-2.,7.65711888659173));
#7902=CARTESIAN_POINT('Ctrl Pts',(1.19855792404422,-1.,7.34933469919789));
#7903=CARTESIAN_POINT('Ctrl Pts',(1.19855792404422,-2.,7.34933469919789));
#7904=CARTESIAN_POINT('Ctrl Pts',(1.14401659593131,-1.,7.01998929106305));
#7905=CARTESIAN_POINT('Ctrl Pts',(1.14401659593131,-2.,7.01998929106305));
#7906=CARTESIAN_POINT('',(3.08669443847341,-1.,8.8061630913408));
#7907=CARTESIAN_POINT('Ctrl Pts',(1.14401659593131,-1.,7.01998929106305));
#7908=CARTESIAN_POINT('Ctrl Pts',(1.19855792404422,-1.,7.34933469919789));
#7909=CARTESIAN_POINT('Ctrl Pts',(1.3110095912234,-1.,7.65711888659173));
#7910=CARTESIAN_POINT('Ctrl Pts',(1.49833543633986,-1.,7.91979508847716));
#7911=CARTESIAN_POINT('Ctrl Pts',(1.84019714195215,-1.,8.39916799265108));
#7912=CARTESIAN_POINT('Ctrl Pts',(2.3984599986155,-1.,8.67557506754674));
#7913=CARTESIAN_POINT('Ctrl Pts',(3.08669443847341,-1.,8.8061630913408));
#7914=CARTESIAN_POINT('',(3.08669443847341,-2.,8.8061630913408));
#7915=CARTESIAN_POINT('Ctrl Pts',(3.08669443847341,-2.,8.8061630913408));
#7916=CARTESIAN_POINT('Ctrl Pts',(2.3984599986155,-2.,8.67557506754674));
#7917=CARTESIAN_POINT('Ctrl Pts',(1.84019714195215,-2.,8.39916799265108));
#7918=CARTESIAN_POINT('Ctrl Pts',(1.49833543633986,-2.,7.91979508847716));
#7919=CARTESIAN_POINT('Ctrl Pts',(1.3110095912234,-2.,7.65711888659173));
#7920=CARTESIAN_POINT('Ctrl Pts',(1.19855792404422,-2.,7.34933469919789));
#7921=CARTESIAN_POINT('Ctrl Pts',(1.14401659593131,-2.,7.01998929106305));
#7922=CARTESIAN_POINT('',(3.08669443847341,-1.,8.8061630913408));
#7923=CARTESIAN_POINT('Ctrl Pts',(6.04842608012469,-1.,7.68424624163906));
#7924=CARTESIAN_POINT('Ctrl Pts',(6.04842608012469,-2.,7.68424624163906));
#7925=CARTESIAN_POINT('Ctrl Pts',(5.69947795126713,-1.,8.38896678266748));
#7926=CARTESIAN_POINT('Ctrl Pts',(5.69947795126713,-2.,8.38896678266748));
#7927=CARTESIAN_POINT('Ctrl Pts',(4.94416224228054,-1.,8.75766233855628));
#7928=CARTESIAN_POINT('Ctrl Pts',(4.94416224228054,-2.,8.75766233855628));
#7929=CARTESIAN_POINT('Ctrl Pts',(4.14488641478397,-1.,8.8480359938686));
#7930=CARTESIAN_POINT('Ctrl Pts',(4.14488641478397,-2.,8.8480359938686));
#7931=CARTESIAN_POINT('Ctrl Pts',(3.80197162234952,-1.,8.88680917102076));
#7932=CARTESIAN_POINT('Ctrl Pts',(3.80197162234952,-2.,8.88680917102076));
#7933=CARTESIAN_POINT('Ctrl Pts',(3.44372960851203,-1.,8.87413360335964));
#7934=CARTESIAN_POINT('Ctrl Pts',(3.44372960851203,-2.,8.87413360335964));
#7935=CARTESIAN_POINT('Ctrl Pts',(3.08669441837995,-1.,8.80616319711129));
#7936=CARTESIAN_POINT('Ctrl Pts',(3.08669441837995,-2.,8.80616319711129));
#7937=CARTESIAN_POINT('',(6.04842608012469,-1.,7.68424624163906));
#7938=CARTESIAN_POINT('Ctrl Pts',(3.08669441837995,-1.,8.80616319711129));
#7939=CARTESIAN_POINT('Ctrl Pts',(3.44372960851203,-1.,8.87413360335964));
#7940=CARTESIAN_POINT('Ctrl Pts',(3.80197162234952,-1.,8.88680917102076));
#7941=CARTESIAN_POINT('Ctrl Pts',(4.14488641478397,-1.,8.8480359938686));
#7942=CARTESIAN_POINT('Ctrl Pts',(4.94416224228054,-1.,8.75766233855628));
#7943=CARTESIAN_POINT('Ctrl Pts',(5.69947795126713,-1.,8.38896678266748));
#7944=CARTESIAN_POINT('Ctrl Pts',(6.04842608012469,-1.,7.68424624163906));
#7945=CARTESIAN_POINT('',(6.04842608012469,-2.,7.68424624163906));
#7946=CARTESIAN_POINT('Ctrl Pts',(6.04842608012469,-2.,7.68424624163906));
#7947=CARTESIAN_POINT('Ctrl Pts',(5.69947795126713,-2.,8.38896678266748));
#7948=CARTESIAN_POINT('Ctrl Pts',(4.94416224228054,-2.,8.75766233855628));
#7949=CARTESIAN_POINT('Ctrl Pts',(4.14488641478397,-2.,8.8480359938686));
#7950=CARTESIAN_POINT('Ctrl Pts',(3.80197162234952,-2.,8.88680917102076));
#7951=CARTESIAN_POINT('Ctrl Pts',(3.44372960851203,-2.,8.87413360335964));
#7952=CARTESIAN_POINT('Ctrl Pts',(3.08669441837995,-2.,8.80616319711129));
#7953=CARTESIAN_POINT('',(6.04842608012469,-1.,7.68424624163906));
#7954=CARTESIAN_POINT('Ctrl Pts',(6.30623755788018,-1.,5.8718357271161));
#7955=CARTESIAN_POINT('Ctrl Pts',(6.30623755788018,-2.,5.8718357271161));
#7956=CARTESIAN_POINT('Ctrl Pts',(6.30623755788018,-1.,6.03856598274138));
#7957=CARTESIAN_POINT('Ctrl Pts',(6.30623755788018,-2.,6.03856598274138));
#7958=CARTESIAN_POINT('Ctrl Pts',(6.30623755788018,-1.,6.20529623836666));
#7959=CARTESIAN_POINT('Ctrl Pts',(6.30623755788018,-2.,6.20529623836666));
#7960=CARTESIAN_POINT('Ctrl Pts',(6.30623755788018,-1.,6.37202649399194));
#7961=CARTESIAN_POINT('Ctrl Pts',(6.30623755788018,-2.,6.37202649399194));
#7962=CARTESIAN_POINT('Ctrl Pts',(6.30623755788018,-1.,6.773706627317));
#7963=CARTESIAN_POINT('Ctrl Pts',(6.30623755788018,-2.,6.773706627317));
#7964=CARTESIAN_POINT('Ctrl Pts',(6.27051882529641,-1.,7.2400489854502));
#7965=CARTESIAN_POINT('Ctrl Pts',(6.27051882529641,-2.,7.2400489854502));
#7966=CARTESIAN_POINT('Ctrl Pts',(6.04842130223637,-1.,7.68424387582865));
#7967=CARTESIAN_POINT('Ctrl Pts',(6.04842130223637,-2.,7.68424387582865));
#7968=CARTESIAN_POINT('',(6.30623755788018,-1.,5.8718357271161));
#7969=CARTESIAN_POINT('Ctrl Pts',(6.04842130223637,-1.,7.68424387582865));
#7970=CARTESIAN_POINT('Ctrl Pts',(6.27051882529641,-1.,7.2400489854502));
#7971=CARTESIAN_POINT('Ctrl Pts',(6.30623755788018,-1.,6.773706627317));
#7972=CARTESIAN_POINT('Ctrl Pts',(6.30623755788018,-1.,6.37202649399194));
#7973=CARTESIAN_POINT('Ctrl Pts',(6.30623755788018,-1.,6.20529623836666));
#7974=CARTESIAN_POINT('Ctrl Pts',(6.30623755788018,-1.,6.03856598274138));
#7975=CARTESIAN_POINT('Ctrl Pts',(6.30623755788018,-1.,5.8718357271161));
#7976=CARTESIAN_POINT('',(6.30623755788018,-2.,5.8718357271161));
#7977=CARTESIAN_POINT('Ctrl Pts',(6.30623755788018,-2.,5.8718357271161));
#7978=CARTESIAN_POINT('Ctrl Pts',(6.30623755788018,-2.,6.03856598274138));
#7979=CARTESIAN_POINT('Ctrl Pts',(6.30623755788018,-2.,6.20529623836666));
#7980=CARTESIAN_POINT('Ctrl Pts',(6.30623755788018,-2.,6.37202649399194));
#7981=CARTESIAN_POINT('Ctrl Pts',(6.30623755788018,-2.,6.773706627317));
#7982=CARTESIAN_POINT('Ctrl Pts',(6.27051882529641,-2.,7.2400489854502));
#7983=CARTESIAN_POINT('Ctrl Pts',(6.04842130223637,-2.,7.68424387582865));
#7984=CARTESIAN_POINT('',(6.30623755788018,-1.,5.8718357271161));
#7985=CARTESIAN_POINT('Origin',(6.30475890185873,-1.,5.87183629116569));
#7986=CARTESIAN_POINT('',(6.30475890185873,-1.,5.87183629116569));
#7987=CARTESIAN_POINT('',(3.15349984773583,-1.,5.87303837358197));
#7988=CARTESIAN_POINT('',(6.30475890185873,-2.,5.87183629116569));
#7989=CARTESIAN_POINT('',(6.30475890185873,-2.,5.87183629116569));
#7990=CARTESIAN_POINT('',(6.30475890185873,-1.,5.87183629116569));
#7991=CARTESIAN_POINT('Ctrl Pts',(6.31070982138935,-1.,-8.2652628691294));
#7992=CARTESIAN_POINT('Ctrl Pts',(6.31070982138935,-2.,-8.2652628691294));
#7993=CARTESIAN_POINT('Ctrl Pts',(6.31084626868156,-1.,-8.09873276159953));
#7994=CARTESIAN_POINT('Ctrl Pts',(6.31084626868156,-2.,-8.09873276159953));
#7995=CARTESIAN_POINT('Ctrl Pts',(6.31098271597377,-1.,-7.93220265406966));
#7996=CARTESIAN_POINT('Ctrl Pts',(6.31098271597377,-2.,-7.93220265406966));
#7997=CARTESIAN_POINT('Ctrl Pts',(6.31111916326598,-1.,-7.76567254653979));
#7998=CARTESIAN_POINT('Ctrl Pts',(6.31111916326598,-2.,-7.76567254653979));
#7999=CARTESIAN_POINT('Ctrl Pts',(6.31701695340598,-1.,-0.56758447682145));
#8000=CARTESIAN_POINT('Ctrl Pts',(6.31701695340598,-2.,-0.56758447682145));
#8001=CARTESIAN_POINT('Ctrl Pts',(6.31492284608088,-1.,3.97427631076818));
#8002=CARTESIAN_POINT('Ctrl Pts',(6.31492284608088,-2.,3.97427631076818));
#8003=CARTESIAN_POINT('Ctrl Pts',(6.30475890185873,-1.,5.87183629116569));
#8004=CARTESIAN_POINT('Ctrl Pts',(6.30475890185873,-2.,5.87183629116569));
#8005=CARTESIAN_POINT('',(6.31070982138935,-1.,-8.2652628691294));
#8006=CARTESIAN_POINT('Ctrl Pts',(6.30475890185873,-1.,5.87183629116569));
#8007=CARTESIAN_POINT('Ctrl Pts',(6.31492284608088,-1.,3.97427631076818));
#8008=CARTESIAN_POINT('Ctrl Pts',(6.31701695340598,-1.,-0.56758447682145));
#8009=CARTESIAN_POINT('Ctrl Pts',(6.31111916326598,-1.,-7.76567254653979));
#8010=CARTESIAN_POINT('Ctrl Pts',(6.31098271597377,-1.,-7.93220265406966));
#8011=CARTESIAN_POINT('Ctrl Pts',(6.31084626868156,-1.,-8.09873276159953));
#8012=CARTESIAN_POINT('Ctrl Pts',(6.31070982138935,-1.,-8.2652628691294));
#8013=CARTESIAN_POINT('',(6.31070982138935,-2.,-8.2652628691294));
#8014=CARTESIAN_POINT('Ctrl Pts',(6.31070982138935,-2.,-8.2652628691294));
#8015=CARTESIAN_POINT('Ctrl Pts',(6.31084626868156,-2.,-8.09873276159953));
#8016=CARTESIAN_POINT('Ctrl Pts',(6.31098271597377,-2.,-7.93220265406966));
#8017=CARTESIAN_POINT('Ctrl Pts',(6.31111916326598,-2.,-7.76567254653979));
#8018=CARTESIAN_POINT('Ctrl Pts',(6.31701695340598,-2.,-0.56758447682145));
#8019=CARTESIAN_POINT('Ctrl Pts',(6.31492284608088,-2.,3.97427631076818));
#8020=CARTESIAN_POINT('Ctrl Pts',(6.30475890185873,-2.,5.87183629116569));
#8021=CARTESIAN_POINT('',(6.31070982138935,-1.,-8.2652628691294));
#8022=CARTESIAN_POINT('Origin',(1.91827100710862,-1.,-8.2652628691294));
#8023=CARTESIAN_POINT('',(1.91827100710862,-1.,-8.2652628691294));
#8024=CARTESIAN_POINT('',(0.959135503554311,-1.,-8.2652628691294));
#8025=CARTESIAN_POINT('',(1.91827100710862,-2.,-8.2652628691294));
#8026=CARTESIAN_POINT('',(1.91827100710862,-2.,-8.2652628691294));
#8027=CARTESIAN_POINT('',(1.91827100710862,-1.,-8.2652628691294));
#8028=CARTESIAN_POINT('Ctrl Pts',(1.9623403351646,-1.,-3.75683913561606));
#8029=CARTESIAN_POINT('Ctrl Pts',(1.9623403351646,-2.,-3.75683913561606));
#8030=CARTESIAN_POINT('Ctrl Pts',(1.95177085801003,-1.,-4.86263201613842));
#8031=CARTESIAN_POINT('Ctrl Pts',(1.95177085801003,-2.,-4.86263201613842));
#8032=CARTESIAN_POINT('Ctrl Pts',(1.93874751550302,-1.,-6.19713057421005));
#8033=CARTESIAN_POINT('Ctrl Pts',(1.93874751550302,-2.,-6.19713057421005));
#8034=CARTESIAN_POINT('Ctrl Pts',(1.923270502482,-1.,-7.76031262854971));
#8035=CARTESIAN_POINT('Ctrl Pts',(1.923270502482,-2.,-7.76031262854971));
#8036=CARTESIAN_POINT('Ctrl Pts',(1.92160400402421,-1.,-7.9286293754096));
#8037=CARTESIAN_POINT('Ctrl Pts',(1.92160400402421,-2.,-7.9286293754096));
#8038=CARTESIAN_POINT('Ctrl Pts',(1.91993750556642,-1.,-8.0969461222695));
#8039=CARTESIAN_POINT('Ctrl Pts',(1.91993750556642,-2.,-8.0969461222695));
#8040=CARTESIAN_POINT('Ctrl Pts',(1.91827100710862,-1.,-8.2652628691294));
#8041=CARTESIAN_POINT('Ctrl Pts',(1.91827100710862,-2.,-8.2652628691294));
#8042=CARTESIAN_POINT('',(1.9623403351646,-1.,-3.75683913561606));
#8043=CARTESIAN_POINT('Ctrl Pts',(1.91827100710862,-1.,-8.2652628691294));
#8044=CARTESIAN_POINT('Ctrl Pts',(1.91993750556642,-1.,-8.0969461222695));
#8045=CARTESIAN_POINT('Ctrl Pts',(1.92160400402421,-1.,-7.9286293754096));
#8046=CARTESIAN_POINT('Ctrl Pts',(1.923270502482,-1.,-7.76031262854971));
#8047=CARTESIAN_POINT('Ctrl Pts',(1.93874751550302,-1.,-6.19713057421005));
#8048=CARTESIAN_POINT('Ctrl Pts',(1.95177085801003,-1.,-4.86263201613842));
#8049=CARTESIAN_POINT('Ctrl Pts',(1.9623403351646,-1.,-3.75683913561606));
#8050=CARTESIAN_POINT('',(1.9623403351646,-2.,-3.75683913561606));
#8051=CARTESIAN_POINT('Ctrl Pts',(1.9623403351646,-2.,-3.75683913561606));
#8052=CARTESIAN_POINT('Ctrl Pts',(1.95177085801003,-2.,-4.86263201613842));
#8053=CARTESIAN_POINT('Ctrl Pts',(1.93874751550302,-2.,-6.19713057421005));
#8054=CARTESIAN_POINT('Ctrl Pts',(1.923270502482,-2.,-7.76031262854971));
#8055=CARTESIAN_POINT('Ctrl Pts',(1.92160400402421,-2.,-7.9286293754096));
#8056=CARTESIAN_POINT('Ctrl Pts',(1.91993750556642,-2.,-8.0969461222695));
#8057=CARTESIAN_POINT('Ctrl Pts',(1.91827100710862,-2.,-8.2652628691294));
#8058=CARTESIAN_POINT('',(1.9623403351646,-1.,-3.75683913561606));
#8059=CARTESIAN_POINT('Ctrl Pts',(1.4697381148763,-1.,-7.57663911905253));
#8060=CARTESIAN_POINT('Ctrl Pts',(1.4697381148763,-2.,-7.57663911905253));
#8061=CARTESIAN_POINT('Ctrl Pts',(1.53909222572607,-1.,-7.00614656948565));
#8062=CARTESIAN_POINT('Ctrl Pts',(1.53909222572607,-2.,-7.00614656948565));
#8063=CARTESIAN_POINT('Ctrl Pts',(1.75063872378345,-1.,-5.37550753211262));
#8064=CARTESIAN_POINT('Ctrl Pts',(1.75063872378345,-2.,-5.37550753211262));
#8065=CARTESIAN_POINT('Ctrl Pts',(1.96234033516462,-1.,-3.75683913561607));
#8066=CARTESIAN_POINT('Ctrl Pts',(1.96234033516462,-2.,-3.75683913561607));
#8067=CARTESIAN_POINT('',(1.4697381148763,-1.,-7.57663911905253));
#8068=CARTESIAN_POINT('Ctrl Pts',(1.96234033516462,-1.,-3.75683913561607));
#8069=CARTESIAN_POINT('Ctrl Pts',(1.75063872378345,-1.,-5.37550753211262));
#8070=CARTESIAN_POINT('Ctrl Pts',(1.53909222572607,-1.,-7.00614656948565));
#8071=CARTESIAN_POINT('Ctrl Pts',(1.4697381148763,-1.,-7.57663911905253));
#8072=CARTESIAN_POINT('',(1.4697381148763,-2.,-7.57663911905253));
#8073=CARTESIAN_POINT('Ctrl Pts',(1.4697381148763,-2.,-7.57663911905253));
#8074=CARTESIAN_POINT('Ctrl Pts',(1.53909222572607,-2.,-7.00614656948565));
#8075=CARTESIAN_POINT('Ctrl Pts',(1.75063872378345,-2.,-5.37550753211262));
#8076=CARTESIAN_POINT('Ctrl Pts',(1.96234033516462,-2.,-3.75683913561607));
#8077=CARTESIAN_POINT('',(1.4697381148763,-1.,-7.57663911905253));
#8078=CARTESIAN_POINT('Ctrl Pts',(0.499871109609479,-1.,-8.25061848056823));
#8079=CARTESIAN_POINT('Ctrl Pts',(0.499871109609479,-2.,-8.25061848056823));
#8080=CARTESIAN_POINT('Ctrl Pts',(0.679587536092644,-1.,-8.25061848056823));
#8081=CARTESIAN_POINT('Ctrl Pts',(0.679587536092644,-2.,-8.25061848056823));
#8082=CARTESIAN_POINT('Ctrl Pts',(0.825515899709723,-1.,-8.26403408508642));
#8083=CARTESIAN_POINT('Ctrl Pts',(0.825515899709723,-2.,-8.26403408508642));
#8084=CARTESIAN_POINT('Ctrl Pts',(1.03807206217349,-1.,-8.17689402700667));
#8085=CARTESIAN_POINT('Ctrl Pts',(1.03807206217349,-2.,-8.17689402700667));
#8086=CARTESIAN_POINT('Ctrl Pts',(1.19468110793848,-1.,-8.11269018936869));
#8087=CARTESIAN_POINT('Ctrl Pts',(1.19468110793848,-2.,-8.11269018936869));
#8088=CARTESIAN_POINT('Ctrl Pts',(1.3654172456486,-1.,-7.9349218075503));
#8089=CARTESIAN_POINT('Ctrl Pts',(1.3654172456486,-2.,-7.9349218075503));
#8090=CARTESIAN_POINT('Ctrl Pts',(1.42325406481304,-1.,-7.77723320944687));
#8091=CARTESIAN_POINT('Ctrl Pts',(1.42325406481304,-2.,-7.77723320944687));
#8092=CARTESIAN_POINT('Ctrl Pts',(1.45042837995053,-1.,-7.70314407867589));
#8093=CARTESIAN_POINT('Ctrl Pts',(1.45042837995053,-2.,-7.70314407867589));
#8094=CARTESIAN_POINT('Ctrl Pts',(1.46249609108546,-1.,-7.63692325402924));
#8095=CARTESIAN_POINT('Ctrl Pts',(1.46249609108546,-2.,-7.63692325402924));
#8096=CARTESIAN_POINT('Ctrl Pts',(1.4697389800207,-1.,-7.57663922299623));
#8097=CARTESIAN_POINT('Ctrl Pts',(1.4697389800207,-2.,-7.57663922299623));
#8098=CARTESIAN_POINT('',(0.499871109609479,-1.,-8.25061848056823));
#8099=CARTESIAN_POINT('Ctrl Pts',(1.4697389800207,-1.,-7.57663922299623));
#8100=CARTESIAN_POINT('Ctrl Pts',(1.46249609108546,-1.,-7.63692325402924));
#8101=CARTESIAN_POINT('Ctrl Pts',(1.45042837995053,-1.,-7.70314407867589));
#8102=CARTESIAN_POINT('Ctrl Pts',(1.42325406481304,-1.,-7.77723320944687));
#8103=CARTESIAN_POINT('Ctrl Pts',(1.3654172456486,-1.,-7.9349218075503));
#8104=CARTESIAN_POINT('Ctrl Pts',(1.19468110793848,-1.,-8.11269018936869));
#8105=CARTESIAN_POINT('Ctrl Pts',(1.03807206217349,-1.,-8.17689402700667));
#8106=CARTESIAN_POINT('Ctrl Pts',(0.825515899709723,-1.,-8.26403408508642));
#8107=CARTESIAN_POINT('Ctrl Pts',(0.679587536092644,-1.,-8.25061848056823));
#8108=CARTESIAN_POINT('Ctrl Pts',(0.499871109609479,-1.,-8.25061848056823));
#8109=CARTESIAN_POINT('',(0.499871109609479,-2.,-8.25061848056823));
#8110=CARTESIAN_POINT('Ctrl Pts',(0.499871109609479,-2.,-8.25061848056823));
#8111=CARTESIAN_POINT('Ctrl Pts',(0.679587536092644,-2.,-8.25061848056823));
#8112=CARTESIAN_POINT('Ctrl Pts',(0.825515899709723,-2.,-8.26403408508642));
#8113=CARTESIAN_POINT('Ctrl Pts',(1.03807206217349,-2.,-8.17689402700667));
#8114=CARTESIAN_POINT('Ctrl Pts',(1.19468110793848,-2.,-8.11269018936869));
#8115=CARTESIAN_POINT('Ctrl Pts',(1.3654172456486,-2.,-7.9349218075503));
#8116=CARTESIAN_POINT('Ctrl Pts',(1.42325406481304,-2.,-7.77723320944687));
#8117=CARTESIAN_POINT('Ctrl Pts',(1.45042837995053,-2.,-7.70314407867589));
#8118=CARTESIAN_POINT('Ctrl Pts',(1.46249609108546,-2.,-7.63692325402924));
#8119=CARTESIAN_POINT('Ctrl Pts',(1.4697389800207,-2.,-7.57663922299623));
#8120=CARTESIAN_POINT('',(0.499871109609479,-1.,-8.25061848056823));
#8121=CARTESIAN_POINT('Origin',(-0.486224269089606,-1.,-8.25061848056823));
#8122=CARTESIAN_POINT('',(-0.486224269089606,-1.,-8.25061848056823));
#8123=CARTESIAN_POINT('',(-0.243112134544803,-1.,-8.25061848056823));
#8124=CARTESIAN_POINT('',(-0.486224269089606,-2.,-8.25061848056823));
#8125=CARTESIAN_POINT('Ctrl Pts',(-0.486224269089606,-2.,-8.25061848056823));
#8126=CARTESIAN_POINT('Ctrl Pts',(-0.305602849861346,-2.,-8.25061848056823));
#8127=CARTESIAN_POINT('Ctrl Pts',(0.343658090936717,-2.,-8.25061848056823));
#8128=CARTESIAN_POINT('Ctrl Pts',(0.499871109609479,-2.,-8.25061848056823));
#8129=CARTESIAN_POINT('',(-0.486224269089606,-1.,-8.25061848056823));
#8130=CARTESIAN_POINT('Ctrl Pts',(-1.4560951711234,-1.,-7.57663939541075));
#8131=CARTESIAN_POINT('Ctrl Pts',(-1.4560951711234,-2.,-7.57663939541075));
#8132=CARTESIAN_POINT('Ctrl Pts',(-1.44027831581542,-1.,-7.71007430777461));
#8133=CARTESIAN_POINT('Ctrl Pts',(-1.44027831581542,-2.,-7.71007430777461));
#8134=CARTESIAN_POINT('Ctrl Pts',(-1.38834659653485,-1.,-7.90370573038441));
#8135=CARTESIAN_POINT('Ctrl Pts',(-1.38834659653485,-2.,-7.90370573038441));
#8136=CARTESIAN_POINT('Ctrl Pts',(-1.23267805589464,-1.,-8.04742413852497));
#8137=CARTESIAN_POINT('Ctrl Pts',(-1.23267805589464,-2.,-8.04742413852497));
#8138=CARTESIAN_POINT('Ctrl Pts',(-1.0635681016522,-1.,-8.20355210969046));
#8139=CARTESIAN_POINT('Ctrl Pts',(-1.0635681016522,-2.,-8.20355210969046));
#8140=CARTESIAN_POINT('Ctrl Pts',(-0.877572495451495,-1.,-8.23018184755648));
#8141=CARTESIAN_POINT('Ctrl Pts',(-0.877572495451495,-2.,-8.23018184755648));
#8142=CARTESIAN_POINT('Ctrl Pts',(-0.739169440589707,-1.,-8.24229747664131));
#8143=CARTESIAN_POINT('Ctrl Pts',(-0.739169440589707,-2.,-8.24229747664131));
#8144=CARTESIAN_POINT('Ctrl Pts',(-0.65517881227748,-1.,-8.24964991044596));
#8145=CARTESIAN_POINT('Ctrl Pts',(-0.65517881227748,-2.,-8.24964991044596));
#8146=CARTESIAN_POINT('Ctrl Pts',(-0.574873868455897,-1.,-8.25061848056823));
#8147=CARTESIAN_POINT('Ctrl Pts',(-0.574873868455897,-2.,-8.25061848056823));
#8148=CARTESIAN_POINT('Ctrl Pts',(-0.486224269089606,-1.,-8.25061848056823));
#8149=CARTESIAN_POINT('Ctrl Pts',(-0.486224269089606,-2.,-8.25061848056823));
#8150=CARTESIAN_POINT('',(-1.4560951711234,-1.,-7.57663939541075));
#8151=CARTESIAN_POINT('Ctrl Pts',(-0.486224269089606,-1.,-8.25061848056823));
#8152=CARTESIAN_POINT('Ctrl Pts',(-0.574873868455897,-1.,-8.25061848056823));
#8153=CARTESIAN_POINT('Ctrl Pts',(-0.65517881227748,-1.,-8.24964991044596));
#8154=CARTESIAN_POINT('Ctrl Pts',(-0.739169440589707,-1.,-8.24229747664131));
#8155=CARTESIAN_POINT('Ctrl Pts',(-0.877572495451495,-1.,-8.23018184755648));
#8156=CARTESIAN_POINT('Ctrl Pts',(-1.0635681016522,-1.,-8.20355210969046));
#8157=CARTESIAN_POINT('Ctrl Pts',(-1.23267805589464,-1.,-8.04742413852497));
#8158=CARTESIAN_POINT('Ctrl Pts',(-1.38834659653485,-1.,-7.90370573038441));
#8159=CARTESIAN_POINT('Ctrl Pts',(-1.44027831581542,-1.,-7.71007430777461));
#8160=CARTESIAN_POINT('Ctrl Pts',(-1.4560951711234,-1.,-7.57663939541075));
#8161=CARTESIAN_POINT('',(-1.4560951711234,-2.,-7.57663939541074));
#8162=CARTESIAN_POINT('Ctrl Pts',(-1.4560951711234,-2.,-7.57663939541075));
#8163=CARTESIAN_POINT('Ctrl Pts',(-1.44027831581542,-2.,-7.71007430777461));
#8164=CARTESIAN_POINT('Ctrl Pts',(-1.38834659653485,-2.,-7.90370573038441));
#8165=CARTESIAN_POINT('Ctrl Pts',(-1.23267805589464,-2.,-8.04742413852497));
#8166=CARTESIAN_POINT('Ctrl Pts',(-1.0635681016522,-2.,-8.20355210969046));
#8167=CARTESIAN_POINT('Ctrl Pts',(-0.877572495451495,-2.,-8.23018184755648));
#8168=CARTESIAN_POINT('Ctrl Pts',(-0.739169440589707,-2.,-8.24229747664131));
#8169=CARTESIAN_POINT('Ctrl Pts',(-0.65517881227748,-2.,-8.24964991044596));
#8170=CARTESIAN_POINT('Ctrl Pts',(-0.574873868455897,-2.,-8.25061848056823));
#8171=CARTESIAN_POINT('Ctrl Pts',(-0.486224269089606,-2.,-8.25061848056823));
#8172=CARTESIAN_POINT('',(-1.4560951711234,-1.,-7.57663939541075));
#8173=CARTESIAN_POINT('Ctrl Pts',(-1.94640228352346,-1.,-3.77604077861922));
#8174=CARTESIAN_POINT('Ctrl Pts',(-1.94640228352346,-2.,-3.77604077861922));
#8175=CARTESIAN_POINT('Ctrl Pts',(-1.73546679248141,-1.,-5.38830343683532));
#8176=CARTESIAN_POINT('Ctrl Pts',(-1.73546679248141,-2.,-5.38830343683532));
#8177=CARTESIAN_POINT('Ctrl Pts',(-1.52518641977885,-1.,-7.00827501695299));
#8178=CARTESIAN_POINT('Ctrl Pts',(-1.52518641977885,-2.,-7.00827501695299));
#8179=CARTESIAN_POINT('Ctrl Pts',(-1.45609129659436,-1.,-7.57663893612761));
#8180=CARTESIAN_POINT('Ctrl Pts',(-1.45609129659436,-2.,-7.57663893612761));
#8181=CARTESIAN_POINT('',(-1.94640228352346,-1.,-3.77604077861922));
#8182=CARTESIAN_POINT('Ctrl Pts',(-1.45609129659436,-1.,-7.57663893612761));
#8183=CARTESIAN_POINT('Ctrl Pts',(-1.52518641977885,-1.,-7.00827501695299));
#8184=CARTESIAN_POINT('Ctrl Pts',(-1.73546679248141,-1.,-5.38830343683532));
#8185=CARTESIAN_POINT('Ctrl Pts',(-1.94640228352346,-1.,-3.77604077861922));
#8186=CARTESIAN_POINT('',(-1.94640228352346,-2.,-3.77604077861922));
#8187=CARTESIAN_POINT('Ctrl Pts',(-1.94640228352346,-2.,-3.77604077861922));
#8188=CARTESIAN_POINT('Ctrl Pts',(-1.73546679248141,-2.,-5.38830343683532));
#8189=CARTESIAN_POINT('Ctrl Pts',(-1.52518641977885,-2.,-7.00827501695299));
#8190=CARTESIAN_POINT('Ctrl Pts',(-1.45609129659436,-2.,-7.57663893612761));
#8191=CARTESIAN_POINT('',(-1.94640228352346,-1.,-3.77604077861922));
#8192=CARTESIAN_POINT('Ctrl Pts',(-1.90495711777379,-1.,-8.26526473133548));
#8193=CARTESIAN_POINT('Ctrl Pts',(-1.90495711777379,-2.,-8.26526473133548));
#8194=CARTESIAN_POINT('Ctrl Pts',(-1.90651150217144,-1.,-8.09705797783952));
#8195=CARTESIAN_POINT('Ctrl Pts',(-1.90651150217144,-2.,-8.09705797783952));
#8196=CARTESIAN_POINT('Ctrl Pts',(-1.90806588656909,-1.,-7.92885122434356));
#8197=CARTESIAN_POINT('Ctrl Pts',(-1.90806588656909,-2.,-7.92885122434356));
#8198=CARTESIAN_POINT('Ctrl Pts',(-1.90962027096674,-1.,-7.7606444708476));
#8199=CARTESIAN_POINT('Ctrl Pts',(-1.90962027096674,-2.,-7.7606444708476));
#8200=CARTESIAN_POINT('Ctrl Pts',(-1.92398309218508,-1.,-6.20638058873616));
#8201=CARTESIAN_POINT('Ctrl Pts',(-1.92398309218508,-2.,-6.20638058873616));
#8202=CARTESIAN_POINT('Ctrl Pts',(-1.93624270625017,-1.,-4.87829401008127));
#8203=CARTESIAN_POINT('Ctrl Pts',(-1.93624270625017,-2.,-4.87829401008127));
#8204=CARTESIAN_POINT('Ctrl Pts',(-1.94640228352346,-1.,-3.77604077861922));
#8205=CARTESIAN_POINT('Ctrl Pts',(-1.94640228352346,-2.,-3.77604077861922));
#8206=CARTESIAN_POINT('',(-1.90495711777379,-1.,-8.26526473133548));
#8207=CARTESIAN_POINT('Ctrl Pts',(-1.94640228352346,-1.,-3.77604077861922));
#8208=CARTESIAN_POINT('Ctrl Pts',(-1.93624270625017,-1.,-4.87829401008127));
#8209=CARTESIAN_POINT('Ctrl Pts',(-1.92398309218508,-1.,-6.20638058873616));
#8210=CARTESIAN_POINT('Ctrl Pts',(-1.90962027096674,-1.,-7.7606444708476));
#8211=CARTESIAN_POINT('Ctrl Pts',(-1.90806588656909,-1.,-7.92885122434356));
#8212=CARTESIAN_POINT('Ctrl Pts',(-1.90651150217144,-1.,-8.09705797783952));
#8213=CARTESIAN_POINT('Ctrl Pts',(-1.90495711777379,-1.,-8.26526473133548));
#8214=CARTESIAN_POINT('',(-1.90495711777379,-2.,-8.26526473133548));
#8215=CARTESIAN_POINT('Ctrl Pts',(-1.90495711777379,-2.,-8.26526473133548));
#8216=CARTESIAN_POINT('Ctrl Pts',(-1.90651150217144,-2.,-8.09705797783952));
#8217=CARTESIAN_POINT('Ctrl Pts',(-1.90806588656909,-2.,-7.92885122434356));
#8218=CARTESIAN_POINT('Ctrl Pts',(-1.90962027096674,-2.,-7.7606444708476));
#8219=CARTESIAN_POINT('Ctrl Pts',(-1.92398309218508,-2.,-6.20638058873616));
#8220=CARTESIAN_POINT('Ctrl Pts',(-1.93624270625017,-2.,-4.87829401008127));
#8221=CARTESIAN_POINT('Ctrl Pts',(-1.94640228352346,-2.,-3.77604077861922));
#8222=CARTESIAN_POINT('',(-1.90495711777379,-1.,-8.26526473133548));
#8223=CARTESIAN_POINT('Origin',(-6.2972672328981,-1.,-8.26526473133548));
#8224=CARTESIAN_POINT('',(-3.14863361644905,-1.,-8.26526473133548));
#8225=CARTESIAN_POINT('',(-6.2972672328981,-2.,-8.26526473133548));
#8226=CARTESIAN_POINT('Origin',(0.0083571771409896,-2.,0.357633698175815));
#8227=CARTESIAN_POINT('Origin',(0.,-1.,0.));
#8228=CARTESIAN_POINT('Origin',(0.,-1.,0.));
#8229=CARTESIAN_POINT('',(-12.2,-2.,-1.49406909495977E-15));
#8230=CARTESIAN_POINT('Origin',(0.,-2.,0.));
#8231=CARTESIAN_POINT('',(-12.2,-1.,-1.49406909495977E-15));
#8232=CARTESIAN_POINT('Origin',(0.,-1.,0.));
#8233=CARTESIAN_POINT('',(-12.7,-2.,-1.55530143491714E-15));
#8234=CARTESIAN_POINT('Origin',(0.,-2.,0.));
#8235=CARTESIAN_POINT('',(-12.7,-1.,-1.55530143491714E-15));
#8236=CARTESIAN_POINT('',(-12.7,-1.,-1.55530143491714E-15));
#8237=CARTESIAN_POINT('Origin',(0.,-1.,0.));
#8238=CARTESIAN_POINT('Origin',(0.,-2.,0.));
#8239=CARTESIAN_POINT('Origin',(0.,-1.,0.));
#8240=CARTESIAN_POINT('',(-13.,-1.,-1.59204083889156E-15));
#8241=CARTESIAN_POINT('Origin',(0.,-1.,0.));
#8242=CARTESIAN_POINT('Origin',(0.,-1.,0.));
#8243=CARTESIAN_POINT('',(-13.,0.,-1.59204083889156E-15));
#8244=CARTESIAN_POINT('Origin',(0.,0.,0.));
#8245=CARTESIAN_POINT('',(-13.,-1.,1.59204083889156E-15));
#8246=CARTESIAN_POINT('Origin',(0.,0.,0.));
#8247=CARTESIAN_POINT('',(-9.5848116688292,0.,-8.33194966817945));
#8248=CARTESIAN_POINT('',(-12.5605014646963,0.,-1.87717952134606));
#8249=CARTESIAN_POINT('Origin',(0.,0.,0.));
#8250=CARTESIAN_POINT('',(-12.5605014646963,1.5,-1.87717952134606));
#8251=CARTESIAN_POINT('',(-12.5605014646963,0.,-1.87717952134606));
#8252=CARTESIAN_POINT('',(-9.5848116688292,1.5,-8.33194966817945));
#8253=CARTESIAN_POINT('Origin',(0.,1.5,0.));
#8254=CARTESIAN_POINT('',(-9.5848116688292,0.,-8.33194966817945));
#8255=CARTESIAN_POINT('Origin',(0.,0.,0.));
#8256=CARTESIAN_POINT('',(-1.87717952134605,0.,-12.5605014646963));
#8257=CARTESIAN_POINT('',(-8.33194966817944,0.,-9.58481166882921));
#8258=CARTESIAN_POINT('Origin',(0.,0.,0.));
#8259=CARTESIAN_POINT('',(-8.33194966817944,1.5,-9.58481166882921));
#8260=CARTESIAN_POINT('',(-8.33194966817944,0.,-9.58481166882921));
#8261=CARTESIAN_POINT('',(-1.87717952134605,1.5,-12.5605014646963));
#8262=CARTESIAN_POINT('Origin',(0.,1.5,0.));
#8263=CARTESIAN_POINT('',(-1.87717952134605,0.,-12.5605014646963));
#8264=CARTESIAN_POINT('Origin',(0.,0.,0.));
#8265=CARTESIAN_POINT('',(8.33194966817945,0.,-9.5848116688292));
#8266=CARTESIAN_POINT('',(1.87717952134606,0.,-12.5605014646963));
#8267=CARTESIAN_POINT('Origin',(0.,0.,0.));
#8268=CARTESIAN_POINT('',(1.87717952134606,1.5,-12.5605014646963));
#8269=CARTESIAN_POINT('',(1.87717952134606,0.,-12.5605014646963));
#8270=CARTESIAN_POINT('',(8.33194966817945,1.5,-9.5848116688292));
#8271=CARTESIAN_POINT('Origin',(0.,1.5,0.));
#8272=CARTESIAN_POINT('',(8.33194966817945,0.,-9.5848116688292));
#8273=CARTESIAN_POINT('Origin',(0.,0.,0.));
#8274=CARTESIAN_POINT('',(12.5605014646963,0.,-1.87717952134606));
#8275=CARTESIAN_POINT('',(9.58481166882921,0.,-8.33194966817944));
#8276=CARTESIAN_POINT('Origin',(0.,0.,0.));
#8277=CARTESIAN_POINT('',(9.58481166882921,1.5,-8.33194966817944));
#8278=CARTESIAN_POINT('',(9.58481166882921,0.,-8.33194966817944));
#8279=CARTESIAN_POINT('',(12.5605014646963,1.5,-1.87717952134606));
#8280=CARTESIAN_POINT('Origin',(0.,1.5,0.));
#8281=CARTESIAN_POINT('',(12.5605014646963,0.,-1.87717952134606));
#8282=CARTESIAN_POINT('Origin',(0.,0.,0.));
#8283=CARTESIAN_POINT('',(-12.5605014646963,0.,1.87717952134605));
#8284=CARTESIAN_POINT('',(-9.58481166882921,0.,8.33194966817944));
#8285=CARTESIAN_POINT('Origin',(0.,0.,0.));
#8286=CARTESIAN_POINT('',(-9.58481166882921,1.5,8.33194966817944));
#8287=CARTESIAN_POINT('',(-9.58481166882921,0.,8.33194966817944));
#8288=CARTESIAN_POINT('',(-12.5605014646963,1.5,1.87717952134605));
#8289=CARTESIAN_POINT('Origin',(0.,1.5,0.));
#8290=CARTESIAN_POINT('',(-12.5605014646963,0.,1.87717952134605));
#8291=CARTESIAN_POINT('Origin',(0.,0.,0.));
#8292=CARTESIAN_POINT('',(9.5848116688292,0.,8.33194966817945));
#8293=CARTESIAN_POINT('',(12.5605014646963,0.,1.87717952134606));
#8294=CARTESIAN_POINT('Origin',(0.,0.,0.));
#8295=CARTESIAN_POINT('',(12.5605014646963,1.5,1.87717952134606));
#8296=CARTESIAN_POINT('',(12.5605014646963,0.,1.87717952134606));
#8297=CARTESIAN_POINT('',(9.5848116688292,1.5,8.33194966817945));
#8298=CARTESIAN_POINT('Origin',(0.,1.5,0.));
#8299=CARTESIAN_POINT('',(9.5848116688292,0.,8.33194966817945));
#8300=CARTESIAN_POINT('Origin',(0.,0.,0.));
#8301=CARTESIAN_POINT('',(-8.33194966817945,0.,9.5848116688292));
#8302=CARTESIAN_POINT('',(-1.87717952134606,0.,12.5605014646963));
#8303=CARTESIAN_POINT('Origin',(0.,0.,0.));
#8304=CARTESIAN_POINT('',(-1.87717952134606,1.5,12.5605014646963));
#8305=CARTESIAN_POINT('',(-1.87717952134606,0.,12.5605014646963));
#8306=CARTESIAN_POINT('',(-8.33194966817945,1.5,9.5848116688292));
#8307=CARTESIAN_POINT('Origin',(0.,1.5,0.));
#8308=CARTESIAN_POINT('',(-8.33194966817945,0.,9.5848116688292));
#8309=CARTESIAN_POINT('Origin',(0.,1.5,0.));
#8310=CARTESIAN_POINT('',(10.0879618062916,0.,-1.50765599352203));
#8311=CARTESIAN_POINT('',(11.5714856013344,1.5,-1.72937011021644));
#8312=CARTESIAN_POINT('Origin',(10.0879618062916,1.5,-1.50765599352203));
#8313=CARTESIAN_POINT('',(8.83010208860643,1.5,-7.67589063918893));
#8314=CARTESIAN_POINT('Origin',(0.,1.5,0.));
#8315=CARTESIAN_POINT('',(7.69803771827228,0.,-6.69180209570317));
#8316=CARTESIAN_POINT('Origin',(7.69803771827228,1.5,-6.69180209570317));
#8317=CARTESIAN_POINT('Origin',(0.,0.,0.));
#8318=CARTESIAN_POINT('Origin',(0.,0.,0.));
#8319=CARTESIAN_POINT('',(11.5714856013344,6.5,-1.72937011021644));
#8320=CARTESIAN_POINT('',(11.5714856013344,0.,-1.72937011021644));
#8321=CARTESIAN_POINT('',(11.105550833086,8.5,-3.68194794826646));
#8322=CARTESIAN_POINT('Ctrl Pts',(11.105550833086,8.5,-3.68194794826646));
#8323=CARTESIAN_POINT('Ctrl Pts',(11.1850699375538,8.5,-3.44210114182672));
#8324=CARTESIAN_POINT('Ctrl Pts',(11.2613537253155,8.45058040874673,-3.18330891733698));
#8325=CARTESIAN_POINT('Ctrl Pts',(11.3861655237071,8.24699420123061,-2.70310525982982));
#8326=CARTESIAN_POINT('Ctrl Pts',(11.4351420874101,8.09277678807959,-2.48183206396023));
#8327=CARTESIAN_POINT('Ctrl Pts',(11.5054240288708,7.73671849572081,-2.13232304920752));
#8328=CARTESIAN_POINT('Ctrl Pts',(11.5315953564942,7.51185365975522,-1.98058806618951));
#8329=CARTESIAN_POINT('Ctrl Pts',(11.5643979912923,7.01907957310137,-1.77907831249379));
#8330=CARTESIAN_POINT('Ctrl Pts',(11.5714856013344,6.75117358337584,-1.72937011021644));
#8331=CARTESIAN_POINT('Ctrl Pts',(11.5714856013344,6.5,-1.72937011021644));
#8332=CARTESIAN_POINT('',(8.83010208860643,8.5,-7.67589063918893));
#8333=CARTESIAN_POINT('Origin',(0.,8.5,0.));
#8334=CARTESIAN_POINT('',(8.83010208860643,0.,-7.67589063918893));
#8335=CARTESIAN_POINT('Origin',(0.,1.5,0.));
#8336=CARTESIAN_POINT('',(6.69180209570318,0.,-7.69803771827227));
#8337=CARTESIAN_POINT('',(7.67589063918894,1.5,-8.83010208860643));
#8338=CARTESIAN_POINT('Origin',(6.69180209570318,1.5,-7.69803771827227));
#8339=CARTESIAN_POINT('',(1.72937011021645,1.5,-11.5714856013344));
#8340=CARTESIAN_POINT('Origin',(0.,1.5,0.));
#8341=CARTESIAN_POINT('',(1.50765599352203,0.,-10.0879618062916));
#8342=CARTESIAN_POINT('Origin',(1.50765599352203,1.5,-10.0879618062916));
#8343=CARTESIAN_POINT('Origin',(0.,0.,0.));
#8344=CARTESIAN_POINT('Origin',(0.,0.,0.));
#8345=CARTESIAN_POINT('',(7.67589063918894,8.5,-8.83010208860643));
#8346=CARTESIAN_POINT('',(7.67589063918894,0.,-8.83010208860643));
#8347=CARTESIAN_POINT('',(3.68194794826646,8.5,-11.105550833086));
#8348=CARTESIAN_POINT('Origin',(0.,8.5,0.));
#8349=CARTESIAN_POINT('',(1.72937011021645,6.5,-11.5714856013344));
#8350=CARTESIAN_POINT('Ctrl Pts',(1.72937011021645,6.5,-11.5714856013344));
#8351=CARTESIAN_POINT('Ctrl Pts',(1.72937011021645,6.75117358337584,-11.5714856013344));
#8352=CARTESIAN_POINT('Ctrl Pts',(1.7790783124938,7.01907957310137,-11.5643979912923));
#8353=CARTESIAN_POINT('Ctrl Pts',(1.98058806618951,7.51185365975522,-11.5315953564942));
#8354=CARTESIAN_POINT('Ctrl Pts',(2.13232304920752,7.73671849572081,-11.5054240288708));
#8355=CARTESIAN_POINT('Ctrl Pts',(2.48183206396023,8.09277678807959,-11.4351420874101));
#8356=CARTESIAN_POINT('Ctrl Pts',(2.70310525982982,8.24699420123061,-11.3861655237071));
#8357=CARTESIAN_POINT('Ctrl Pts',(3.18330891733698,8.45058040874673,-11.2613537253155));
#8358=CARTESIAN_POINT('Ctrl Pts',(3.44210114182672,8.5,-11.1850699375538));
#8359=CARTESIAN_POINT('Ctrl Pts',(3.68194794826647,8.5,-11.105550833086));
#8360=CARTESIAN_POINT('',(1.72937011021645,0.,-11.5714856013344));
#8361=CARTESIAN_POINT('Origin',(0.,1.5,0.));
#8362=CARTESIAN_POINT('',(-1.50765599352203,0.,-10.0879618062916));
#8363=CARTESIAN_POINT('',(-1.72937011021644,1.5,-11.5714856013344));
#8364=CARTESIAN_POINT('Origin',(-1.50765599352203,1.5,-10.0879618062916));
#8365=CARTESIAN_POINT('',(-7.67589063918893,1.5,-8.83010208860643));
#8366=CARTESIAN_POINT('Origin',(0.,1.5,0.));
#8367=CARTESIAN_POINT('',(-6.69180209570317,0.,-7.69803771827228));
#8368=CARTESIAN_POINT('Origin',(-6.69180209570317,1.5,-7.69803771827228));
#8369=CARTESIAN_POINT('Origin',(0.,0.,0.));
#8370=CARTESIAN_POINT('Origin',(0.,0.,0.));
#8371=CARTESIAN_POINT('',(-1.72937011021644,6.5,-11.5714856013344));
#8372=CARTESIAN_POINT('',(-1.72937011021644,0.,-11.5714856013344));
#8373=CARTESIAN_POINT('',(-3.68194794826646,8.5,-11.105550833086));
#8374=CARTESIAN_POINT('Ctrl Pts',(-3.68194794826646,8.5,-11.105550833086));
#8375=CARTESIAN_POINT('Ctrl Pts',(-3.44210114182672,8.5,-11.1850699375538));
#8376=CARTESIAN_POINT('Ctrl Pts',(-3.18330891733698,8.45058040874673,-11.2613537253155));
#8377=CARTESIAN_POINT('Ctrl Pts',(-2.70310525982982,8.24699420123061,-11.3861655237071));
#8378=CARTESIAN_POINT('Ctrl Pts',(-2.48183206396023,8.09277678807959,-11.4351420874101));
#8379=CARTESIAN_POINT('Ctrl Pts',(-2.13232304920752,7.73671849572081,-11.5054240288708));
#8380=CARTESIAN_POINT('Ctrl Pts',(-1.98058806618951,7.51185365975522,-11.5315953564942));
#8381=CARTESIAN_POINT('Ctrl Pts',(-1.77907831249379,7.01907957310137,-11.5643979912923));
#8382=CARTESIAN_POINT('Ctrl Pts',(-1.72937011021644,6.75117358337584,-11.5714856013344));
#8383=CARTESIAN_POINT('Ctrl Pts',(-1.72937011021644,6.5,-11.5714856013344));
#8384=CARTESIAN_POINT('',(-7.67589063918893,8.5,-8.83010208860643));
#8385=CARTESIAN_POINT('Origin',(0.,8.5,0.));
#8386=CARTESIAN_POINT('',(-7.67589063918893,0.,-8.83010208860643));
#8387=CARTESIAN_POINT('Origin',(0.,1.5,0.));
#8388=CARTESIAN_POINT('',(-7.69803771827227,0.,-6.69180209570318));
#8389=CARTESIAN_POINT('',(-8.83010208860643,1.5,-7.67589063918894));
#8390=CARTESIAN_POINT('Origin',(-7.69803771827227,1.5,-6.69180209570318));
#8391=CARTESIAN_POINT('',(-11.5714856013344,1.5,-1.72937011021645));
#8392=CARTESIAN_POINT('Origin',(0.,1.5,0.));
#8393=CARTESIAN_POINT('',(-10.0879618062916,0.,-1.50765599352203));
#8394=CARTESIAN_POINT('Origin',(-10.0879618062916,1.5,-1.50765599352203));
#8395=CARTESIAN_POINT('Origin',(0.,0.,0.));
#8396=CARTESIAN_POINT('Origin',(0.,0.,0.));
#8397=CARTESIAN_POINT('',(-8.83010208860643,8.5,-7.67589063918894));
#8398=CARTESIAN_POINT('',(-8.83010208860643,0.,-7.67589063918894));
#8399=CARTESIAN_POINT('',(-11.105550833086,8.5,-3.68194794826647));
#8400=CARTESIAN_POINT('Origin',(0.,8.5,0.));
#8401=CARTESIAN_POINT('',(-11.5714856013344,6.5,-1.72937011021645));
#8402=CARTESIAN_POINT('Ctrl Pts',(-11.5714856013344,6.5,-1.72937011021645));
#8403=CARTESIAN_POINT('Ctrl Pts',(-11.5714856013344,6.75117358337584,-1.72937011021645));
#8404=CARTESIAN_POINT('Ctrl Pts',(-11.5643979912923,7.01907957310137,-1.7790783124938));
#8405=CARTESIAN_POINT('Ctrl Pts',(-11.5315953564942,7.51185365975522,-1.98058806618951));
#8406=CARTESIAN_POINT('Ctrl Pts',(-11.5054240288708,7.73671849572081,-2.13232304920752));
#8407=CARTESIAN_POINT('Ctrl Pts',(-11.4351420874101,8.09277678807959,-2.48183206396023));
#8408=CARTESIAN_POINT('Ctrl Pts',(-11.3861655237071,8.24699420123061,-2.70310525982982));
#8409=CARTESIAN_POINT('Ctrl Pts',(-11.2613537253155,8.45058040874673,-3.18330891733699));
#8410=CARTESIAN_POINT('Ctrl Pts',(-11.1850699375538,8.5,-3.44210114182672));
#8411=CARTESIAN_POINT('Ctrl Pts',(-11.105550833086,8.5,-3.68194794826647));
#8412=CARTESIAN_POINT('',(-11.5714856013344,0.,-1.72937011021645));
#8413=CARTESIAN_POINT('Origin',(0.,1.5,0.));
#8414=CARTESIAN_POINT('',(-10.0879618062916,0.,1.50765599352203));
#8415=CARTESIAN_POINT('',(-11.5714856013344,1.5,1.72937011021644));
#8416=CARTESIAN_POINT('Origin',(-10.0879618062916,1.5,1.50765599352203));
#8417=CARTESIAN_POINT('',(-8.83010208860643,1.5,7.67589063918893));
#8418=CARTESIAN_POINT('Origin',(0.,1.5,0.));
#8419=CARTESIAN_POINT('',(-7.69803771827228,0.,6.69180209570317));
#8420=CARTESIAN_POINT('Origin',(-7.69803771827228,1.5,6.69180209570317));
#8421=CARTESIAN_POINT('Origin',(0.,0.,0.));
#8422=CARTESIAN_POINT('Origin',(0.,0.,0.));
#8423=CARTESIAN_POINT('',(-11.5714856013344,6.5,1.72937011021644));
#8424=CARTESIAN_POINT('',(-11.5714856013344,0.,1.72937011021644));
#8425=CARTESIAN_POINT('',(-11.105550833086,8.5,3.68194794826646));
#8426=CARTESIAN_POINT('Ctrl Pts',(-11.105550833086,8.5,3.68194794826646));
#8427=CARTESIAN_POINT('Ctrl Pts',(-11.1850699375538,8.5,3.44210114182672));
#8428=CARTESIAN_POINT('Ctrl Pts',(-11.2613537253155,8.45058040874673,3.18330891733698));
#8429=CARTESIAN_POINT('Ctrl Pts',(-11.3861655237071,8.24699420123061,2.70310525982982));
#8430=CARTESIAN_POINT('Ctrl Pts',(-11.4351420874101,8.09277678807959,2.48183206396023));
#8431=CARTESIAN_POINT('Ctrl Pts',(-11.5054240288708,7.73671849572081,2.13232304920752));
#8432=CARTESIAN_POINT('Ctrl Pts',(-11.5315953564942,7.51185365975522,1.98058806618951));
#8433=CARTESIAN_POINT('Ctrl Pts',(-11.5643979912923,7.01907957310137,1.77907831249379));
#8434=CARTESIAN_POINT('Ctrl Pts',(-11.5714856013344,6.75117358337584,1.72937011021644));
#8435=CARTESIAN_POINT('Ctrl Pts',(-11.5714856013344,6.5,1.72937011021644));
#8436=CARTESIAN_POINT('',(-8.83010208860643,8.5,7.67589063918893));
#8437=CARTESIAN_POINT('Origin',(0.,8.5,0.));
#8438=CARTESIAN_POINT('',(-8.83010208860643,0.,7.67589063918893));
#8439=CARTESIAN_POINT('Origin',(0.,1.5,0.));
#8440=CARTESIAN_POINT('',(-6.69180209570318,0.,7.69803771827227));
#8441=CARTESIAN_POINT('',(-7.67589063918894,1.5,8.83010208860643));
#8442=CARTESIAN_POINT('Origin',(-6.69180209570318,1.5,7.69803771827227));
#8443=CARTESIAN_POINT('',(-1.72937011021645,1.5,11.5714856013344));
#8444=CARTESIAN_POINT('Origin',(0.,1.5,0.));
#8445=CARTESIAN_POINT('',(-1.50765599352203,0.,10.0879618062916));
#8446=CARTESIAN_POINT('Origin',(-1.50765599352203,1.5,10.0879618062916));
#8447=CARTESIAN_POINT('Origin',(0.,0.,0.));
#8448=CARTESIAN_POINT('Origin',(0.,0.,0.));
#8449=CARTESIAN_POINT('',(-7.67589063918894,8.5,8.83010208860643));
#8450=CARTESIAN_POINT('',(-7.67589063918894,0.,8.83010208860643));
#8451=CARTESIAN_POINT('',(-3.68194794826646,8.5,11.105550833086));
#8452=CARTESIAN_POINT('Origin',(0.,8.5,0.));
#8453=CARTESIAN_POINT('',(-1.72937011021645,6.5,11.5714856013344));
#8454=CARTESIAN_POINT('Ctrl Pts',(-1.72937011021645,6.5,11.5714856013344));
#8455=CARTESIAN_POINT('Ctrl Pts',(-1.72937011021645,6.75117358337584,11.5714856013344));
#8456=CARTESIAN_POINT('Ctrl Pts',(-1.7790783124938,7.01907957310137,11.5643979912923));
#8457=CARTESIAN_POINT('Ctrl Pts',(-1.98058806618951,7.51185365975522,11.5315953564942));
#8458=CARTESIAN_POINT('Ctrl Pts',(-2.13232304920752,7.73671849572081,11.5054240288708));
#8459=CARTESIAN_POINT('Ctrl Pts',(-2.48183206396023,8.09277678807959,11.4351420874101));
#8460=CARTESIAN_POINT('Ctrl Pts',(-2.70310525982982,8.24699420123061,11.3861655237071));
#8461=CARTESIAN_POINT('Ctrl Pts',(-3.18330891733698,8.45058040874673,11.2613537253155));
#8462=CARTESIAN_POINT('Ctrl Pts',(-3.44210114182672,8.5,11.1850699375538));
#8463=CARTESIAN_POINT('Ctrl Pts',(-3.68194794826646,8.5,11.105550833086));
#8464=CARTESIAN_POINT('',(-1.72937011021645,0.,11.5714856013344));
#8465=CARTESIAN_POINT('Origin',(0.,1.5,0.));
#8466=CARTESIAN_POINT('',(1.50765599352203,0.,10.0879618062916));
#8467=CARTESIAN_POINT('',(1.72937011021644,1.5,11.5714856013344));
#8468=CARTESIAN_POINT('Origin',(1.50765599352203,1.5,10.0879618062916));
#8469=CARTESIAN_POINT('',(7.67589063918893,1.5,8.83010208860643));
#8470=CARTESIAN_POINT('Origin',(0.,1.5,0.));
#8471=CARTESIAN_POINT('',(6.69180209570317,0.,7.69803771827228));
#8472=CARTESIAN_POINT('Origin',(6.69180209570317,1.5,7.69803771827228));
#8473=CARTESIAN_POINT('Origin',(0.,0.,0.));
#8474=CARTESIAN_POINT('Origin',(0.,0.,0.));
#8475=CARTESIAN_POINT('',(1.72937011021644,6.5,11.5714856013344));
#8476=CARTESIAN_POINT('',(1.72937011021644,0.,11.5714856013344));
#8477=CARTESIAN_POINT('',(3.68194794826646,8.5,11.105550833086));
#8478=CARTESIAN_POINT('Ctrl Pts',(3.68194794826646,8.5,11.105550833086));
#8479=CARTESIAN_POINT('Ctrl Pts',(3.44210114182672,8.5,11.1850699375538));
#8480=CARTESIAN_POINT('Ctrl Pts',(3.18330891733698,8.45058040874673,11.2613537253155));
#8481=CARTESIAN_POINT('Ctrl Pts',(2.70310525982982,8.24699420123061,11.3861655237071));
#8482=CARTESIAN_POINT('Ctrl Pts',(2.48183206396023,8.09277678807959,11.4351420874101));
#8483=CARTESIAN_POINT('Ctrl Pts',(2.13232304920752,7.73671849572081,11.5054240288708));
#8484=CARTESIAN_POINT('Ctrl Pts',(1.98058806618951,7.51185365975522,11.5315953564942));
#8485=CARTESIAN_POINT('Ctrl Pts',(1.77907831249379,7.01907957310137,11.5643979912923));
#8486=CARTESIAN_POINT('Ctrl Pts',(1.72937011021644,6.75117358337584,11.5714856013344));
#8487=CARTESIAN_POINT('Ctrl Pts',(1.72937011021644,6.5,11.5714856013344));
#8488=CARTESIAN_POINT('',(7.67589063918893,8.5,8.83010208860643));
#8489=CARTESIAN_POINT('Origin',(0.,8.5,0.));
#8490=CARTESIAN_POINT('',(7.67589063918893,0.,8.83010208860643));
#8491=CARTESIAN_POINT('Origin',(0.,1.5,0.));
#8492=CARTESIAN_POINT('',(7.69803771827227,0.,6.69180209570318));
#8493=CARTESIAN_POINT('',(8.83010208860643,1.5,7.67589063918894));
#8494=CARTESIAN_POINT('Origin',(7.69803771827227,1.5,6.69180209570318));
#8495=CARTESIAN_POINT('',(11.5714856013344,1.5,1.72937011021645));
#8496=CARTESIAN_POINT('Origin',(0.,1.5,0.));
#8497=CARTESIAN_POINT('',(10.0879618062916,0.,1.50765599352203));
#8498=CARTESIAN_POINT('Origin',(10.0879618062916,1.5,1.50765599352203));
#8499=CARTESIAN_POINT('Origin',(0.,0.,0.));
#8500=CARTESIAN_POINT('Origin',(0.,0.,0.));
#8501=CARTESIAN_POINT('',(8.83010208860643,8.5,7.67589063918894));
#8502=CARTESIAN_POINT('',(8.83010208860643,0.,7.67589063918894));
#8503=CARTESIAN_POINT('',(11.105550833086,8.5,3.68194794826646));
#8504=CARTESIAN_POINT('Origin',(0.,8.5,0.));
#8505=CARTESIAN_POINT('',(11.5714856013344,6.5,1.72937011021645));
#8506=CARTESIAN_POINT('Ctrl Pts',(11.5714856013344,6.5,1.72937011021645));
#8507=CARTESIAN_POINT('Ctrl Pts',(11.5714856013344,6.75117358337584,1.72937011021645));
#8508=CARTESIAN_POINT('Ctrl Pts',(11.5643979912923,7.01907957310137,1.7790783124938));
#8509=CARTESIAN_POINT('Ctrl Pts',(11.5315953564942,7.51185365975522,1.98058806618951));
#8510=CARTESIAN_POINT('Ctrl Pts',(11.5054240288708,7.73671849572081,2.13232304920752));
#8511=CARTESIAN_POINT('Ctrl Pts',(11.4351420874101,8.09277678807959,2.48183206396023));
#8512=CARTESIAN_POINT('Ctrl Pts',(11.3861655237071,8.24699420123061,2.70310525982982));
#8513=CARTESIAN_POINT('Ctrl Pts',(11.2613537253155,8.45058040874673,3.18330891733698));
#8514=CARTESIAN_POINT('Ctrl Pts',(11.1850699375538,8.5,3.44210114182672));
#8515=CARTESIAN_POINT('Ctrl Pts',(11.105550833086,8.5,3.68194794826647));
#8516=CARTESIAN_POINT('',(11.5714856013344,0.,1.72937011021645));
#8517=CARTESIAN_POINT('Origin',(-6.47913984176991,6.5,2.99052619296166));
#8518=CARTESIAN_POINT('',(-12.5605014646963,6.5,1.87717952134605));
#8519=CARTESIAN_POINT('',(-6.77475866402913,6.5,1.01249446623783));
#8520=CARTESIAN_POINT('',(-12.5181001449445,7.5,2.14176767207394));
#8521=CARTESIAN_POINT('Ctrl Pts',(-12.5605014646963,6.5,1.87717952134605));
#8522=CARTESIAN_POINT('Ctrl Pts',(-12.5605014646963,6.7511661410921,1.87717952134605));
#8523=CARTESIAN_POINT('Ctrl Pts',(-12.5533880511954,7.01906563019328,1.92688041447333));
#8524=CARTESIAN_POINT('Ctrl Pts',(-12.5317510683158,7.34617732144172,2.06066341151062));
#8525=CARTESIAN_POINT('Ctrl Pts',(-12.5254305053822,7.42473022179438,2.09892353577753));
#8526=CARTESIAN_POINT('Ctrl Pts',(-12.5181001449445,7.5,2.14176767207395));
#8527=CARTESIAN_POINT('',(-13.3167619838614,8.33909963117728,3.21773993125364));
#8528=CARTESIAN_POINT('Ctrl Pts',(-12.5181001449445,7.5,2.14176767207395));
#8529=CARTESIAN_POINT('Ctrl Pts',(-12.7357462275977,7.70123761051241,2.29177004656343));
#8530=CARTESIAN_POINT('Ctrl Pts',(-12.9306430376644,7.88981835248819,2.47780700323475));
#8531=CARTESIAN_POINT('Ctrl Pts',(-13.1580470865523,8.13388228872176,2.81491473772855));
#8532=CARTESIAN_POINT('Ctrl Pts',(-13.2309546851794,8.21795386566833,2.95207865041185));
#8533=CARTESIAN_POINT('Ctrl Pts',(-13.2950589910574,8.30613712843363,3.13970507459009));
#8534=CARTESIAN_POINT('Ctrl Pts',(-13.306677626569,8.32313208448419,3.17845411622611));
#8535=CARTESIAN_POINT('Ctrl Pts',(-13.3167619838614,8.33909963117728,3.21773993125365));
#8536=CARTESIAN_POINT('',(-13.1087390628252,8.5,3.98132643509178));
#8537=CARTESIAN_POINT('Ctrl Pts',(-13.3167619838614,8.33909963117728,3.21773993125364));
#8538=CARTESIAN_POINT('Ctrl Pts',(-13.3150068373461,8.34228059679155,3.22500368435078));
#8539=CARTESIAN_POINT('Ctrl Pts',(-13.3132411184916,8.34541627624221,3.23228515767127));
#8540=CARTESIAN_POINT('Ctrl Pts',(-13.2529124725259,8.45037086861789,3.48017587351818));
#8541=CARTESIAN_POINT('Ctrl Pts',(-13.1820471970176,8.5,3.73995531971672));
#8542=CARTESIAN_POINT('Ctrl Pts',(-13.1087390628252,8.5,3.98132643509177));
#8543=CARTESIAN_POINT('',(-6.47913984176991,8.5,2.99052619296166));
#8544=CARTESIAN_POINT('Origin',(0.,8.5,0.));
#8545=CARTESIAN_POINT('',(-10.339521249052,8.33909963117728,8.98800869716995));
#8546=CARTESIAN_POINT('Origin',(0.,8.33909963117728,0.));
#8547=CARTESIAN_POINT('',(-10.339521249052,8.5,8.98800869716995));
#8548=CARTESIAN_POINT('',(-10.339521249052,8.5,8.98800869716994));
#8549=CARTESIAN_POINT('Origin',(0.,8.5,0.));
#8550=CARTESIAN_POINT('Origin',(0.,7.91954981558864,0.));
#8551=CARTESIAN_POINT('',(-9.58481166882921,7.5,8.33194966817944));
#8552=CARTESIAN_POINT('Origin',(0.,7.5,0.));
#8553=CARTESIAN_POINT('',(-9.96216645894059,7.91954981558864,8.65997918267469));
#8554=CARTESIAN_POINT('Origin',(0.,0.,0.));
#8555=CARTESIAN_POINT('',(-9.58481166882921,6.5,8.33194966817944));
#8556=CARTESIAN_POINT('Origin',(0.,6.5,0.));
#8557=CARTESIAN_POINT('',(-9.58481166882921,0.,8.33194966817944));
#8558=CARTESIAN_POINT('Origin',(0.295618822259222,6.5,-1.97803172672383));
#8559=CARTESIAN_POINT('',(-13.1087390628252,8.5,-3.98132643509178));
#8560=CARTESIAN_POINT('',(0.295618822259222,8.5,-1.97803172672383));
#8561=CARTESIAN_POINT('',(-13.3167619838614,8.33909963117728,-3.21773993125365));
#8562=CARTESIAN_POINT('Ctrl Pts',(-13.1087390628252,8.5,-3.98132643509178));
#8563=CARTESIAN_POINT('Ctrl Pts',(-13.1820471970176,8.5,-3.73995531971673));
#8564=CARTESIAN_POINT('Ctrl Pts',(-13.2529124725259,8.45037086861789,-3.48017587351819));
#8565=CARTESIAN_POINT('Ctrl Pts',(-13.3132411184916,8.34541627624221,-3.23228515767128));
#8566=CARTESIAN_POINT('Ctrl Pts',(-13.3150068373461,8.34228059679155,-3.22500368435079));
#8567=CARTESIAN_POINT('Ctrl Pts',(-13.3167619838614,8.33909963117728,-3.21773993125365));
#8568=CARTESIAN_POINT('',(-12.5181001449445,7.5,-2.14176767207395));
#8569=CARTESIAN_POINT('Ctrl Pts',(-13.3167619838614,8.33909963117728,-3.21773993125366));
#8570=CARTESIAN_POINT('Ctrl Pts',(-13.306677626569,8.32313208448419,-3.17845411622612));
#8571=CARTESIAN_POINT('Ctrl Pts',(-13.2950589910574,8.30613712843363,-3.1397050745901));
#8572=CARTESIAN_POINT('Ctrl Pts',(-13.2309546851794,8.21795386566834,-2.95207865041185));
#8573=CARTESIAN_POINT('Ctrl Pts',(-13.1580470865523,8.13388228872176,-2.81491473772855));
#8574=CARTESIAN_POINT('Ctrl Pts',(-12.9306430376644,7.88981835248819,-2.47780700323476));
#8575=CARTESIAN_POINT('Ctrl Pts',(-12.7357462275977,7.7012376105124,-2.29177004656344));
#8576=CARTESIAN_POINT('Ctrl Pts',(-12.5181001449445,7.5,-2.14176767207395));
#8577=CARTESIAN_POINT('',(-12.5605014646963,6.5,-1.87717952134606));
#8578=CARTESIAN_POINT('Ctrl Pts',(-12.5181001449445,7.5,-2.14176767207395));
#8579=CARTESIAN_POINT('Ctrl Pts',(-12.5254305053822,7.42473022179438,-2.09892353577754));
#8580=CARTESIAN_POINT('Ctrl Pts',(-12.5317510683158,7.34617732144172,-2.06066341151063));
#8581=CARTESIAN_POINT('Ctrl Pts',(-12.5533880511954,7.01906563019328,-1.92688041447333));
#8582=CARTESIAN_POINT('Ctrl Pts',(-12.5605014646963,6.7511661410921,-1.87717952134606));
#8583=CARTESIAN_POINT('Ctrl Pts',(-12.5605014646963,6.5,-1.87717952134606));
#8584=CARTESIAN_POINT('',(0.,6.5,2.77555756156289E-16));
#8585=CARTESIAN_POINT('Origin',(0.,0.,0.));
#8586=CARTESIAN_POINT('',(-13.5495173280583,6.5,-2.02498893247567));
#8587=CARTESIAN_POINT('',(0.,6.5,0.));
#8588=CARTESIAN_POINT('',(-13.5495173280583,6.33909963117728,-2.02498893247567));
#8589=CARTESIAN_POINT('',(-13.5495173280583,6.5,-2.02498893247567));
#8590=CARTESIAN_POINT('',(-12.5605014646963,5.5,-1.87717952134606));
#8591=CARTESIAN_POINT('',(-13.0550093963773,5.91954981558864,-1.95108422691086));
#8592=CARTESIAN_POINT('',(-12.5605014646963,4.5,-1.87717952134606));
#8593=CARTESIAN_POINT('',(-12.5605014646963,0.,-1.87717952134606));
#8594=CARTESIAN_POINT('',(-13.5495173280583,4.5,-2.02498893247567));
#8595=CARTESIAN_POINT('',(0.,4.5,0.));
#8596=CARTESIAN_POINT('',(-13.5495173280583,4.33909963117728,-2.02498893247567));
#8597=CARTESIAN_POINT('',(-13.5495173280583,4.5,-2.02498893247567));
#8598=CARTESIAN_POINT('',(-12.5605014646963,3.5,-1.87717952134606));
#8599=CARTESIAN_POINT('',(-13.0550093963773,3.91954981558864,-1.95108422691086));
#8600=CARTESIAN_POINT('',(-12.5605014646963,2.5,-1.87717952134606));
#8601=CARTESIAN_POINT('',(-12.5605014646963,0.,-1.87717952134606));
#8602=CARTESIAN_POINT('',(-13.5495173280583,2.5,-2.02498893247567));
#8603=CARTESIAN_POINT('',(0.,2.5,0.));
#8604=CARTESIAN_POINT('',(-13.5495173280583,2.33909963117728,-2.02498893247567));
#8605=CARTESIAN_POINT('',(-13.5495173280583,2.5,-2.02498893247567));
#8606=CARTESIAN_POINT('',(-13.0550093963773,1.91954981558864,-1.95108422691086));
#8607=CARTESIAN_POINT('',(0.,0.,0.));
#8608=CARTESIAN_POINT('Origin',(0.,0.,0.));
#8609=CARTESIAN_POINT('',(-9.5848116688292,7.5,-8.33194966817945));
#8610=CARTESIAN_POINT('Origin',(0.,7.5,0.));
#8611=CARTESIAN_POINT('',(-9.5848116688292,6.5,-8.33194966817945));
#8612=CARTESIAN_POINT('',(-9.5848116688292,0.,-8.33194966817945));
#8613=CARTESIAN_POINT('Origin',(0.,6.5,0.));
#8614=CARTESIAN_POINT('Origin',(-0.295618822259222,6.5,1.97803172672383));
#8615=CARTESIAN_POINT('',(13.1087390628252,8.5,3.98132643509178));
#8616=CARTESIAN_POINT('',(-0.295618822259222,8.5,1.97803172672383));
#8617=CARTESIAN_POINT('',(13.3167619838614,8.33909963117728,3.21773993125365));
#8618=CARTESIAN_POINT('Ctrl Pts',(13.1087390628252,8.5,3.98132643509178));
#8619=CARTESIAN_POINT('Ctrl Pts',(13.1820471970176,8.5,3.73995531971673));
#8620=CARTESIAN_POINT('Ctrl Pts',(13.2529124725259,8.45037086861789,3.48017587351819));
#8621=CARTESIAN_POINT('Ctrl Pts',(13.3132411184916,8.34541627624221,3.23228515767128));
#8622=CARTESIAN_POINT('Ctrl Pts',(13.3150068373461,8.34228059679155,3.22500368435078));
#8623=CARTESIAN_POINT('Ctrl Pts',(13.3167619838614,8.33909963117728,3.21773993125365));
#8624=CARTESIAN_POINT('',(12.5181001449445,7.5,2.14176767207395));
#8625=CARTESIAN_POINT('Ctrl Pts',(13.3167619838614,8.33909963117728,3.21773993125365));
#8626=CARTESIAN_POINT('Ctrl Pts',(13.306677626569,8.32313208448419,3.17845411622611));
#8627=CARTESIAN_POINT('Ctrl Pts',(13.2950589910574,8.30613712843363,3.13970507459009));
#8628=CARTESIAN_POINT('Ctrl Pts',(13.2309546851794,8.21795386566833,2.95207865041185));
#8629=CARTESIAN_POINT('Ctrl Pts',(13.1580470865523,8.13388228872176,2.81491473772855));
#8630=CARTESIAN_POINT('Ctrl Pts',(12.9306430376644,7.88981835248819,2.47780700323476));
#8631=CARTESIAN_POINT('Ctrl Pts',(12.7357462275977,7.7012376105124,2.29177004656344));
#8632=CARTESIAN_POINT('Ctrl Pts',(12.5181001449445,7.5,2.14176767207395));
#8633=CARTESIAN_POINT('',(12.5605014646963,6.5,1.87717952134606));
#8634=CARTESIAN_POINT('Ctrl Pts',(12.5181001449445,7.5,2.14176767207395));
#8635=CARTESIAN_POINT('Ctrl Pts',(12.5254305053822,7.42473022179438,2.09892353577754));
#8636=CARTESIAN_POINT('Ctrl Pts',(12.5317510683158,7.34617732144172,2.06066341151063));
#8637=CARTESIAN_POINT('Ctrl Pts',(12.5533880511954,7.01906563019328,1.92688041447333));
#8638=CARTESIAN_POINT('Ctrl Pts',(12.5605014646963,6.7511661410921,1.87717952134606));
#8639=CARTESIAN_POINT('Ctrl Pts',(12.5605014646963,6.5,1.87717952134606));
#8640=CARTESIAN_POINT('',(0.,6.5,0.));
#8641=CARTESIAN_POINT('Origin',(0.,8.5,0.));
#8642=CARTESIAN_POINT('',(10.339521249052,8.5,8.98800869716995));
#8643=CARTESIAN_POINT('Origin',(0.,8.5,0.));
#8644=CARTESIAN_POINT('',(10.339521249052,8.33909963117728,8.98800869716995));
#8645=CARTESIAN_POINT('',(10.339521249052,8.5,8.98800869716995));
#8646=CARTESIAN_POINT('Origin',(0.,8.33909963117728,0.));
#8647=CARTESIAN_POINT('Origin',(0.,8.5,0.));
#8648=CARTESIAN_POINT('',(5.16976062452599,8.5,4.49400434858498));
#8649=CARTESIAN_POINT('Origin',(6.47913984176991,6.5,-2.99052619296167));
#8650=CARTESIAN_POINT('',(12.5605014646963,6.5,-1.87717952134606));
#8651=CARTESIAN_POINT('',(6.77475866402913,6.5,-1.01249446623783));
#8652=CARTESIAN_POINT('',(12.5181001449445,7.5,-2.14176767207395));
#8653=CARTESIAN_POINT('Ctrl Pts',(12.5605014646963,6.5,-1.87717952134606));
#8654=CARTESIAN_POINT('Ctrl Pts',(12.5605014646963,6.7511661410921,-1.87717952134605));
#8655=CARTESIAN_POINT('Ctrl Pts',(12.5533880511954,7.01906563019328,-1.92688041447333));
#8656=CARTESIAN_POINT('Ctrl Pts',(12.5317510683158,7.34617732144172,-2.06066341151063));
#8657=CARTESIAN_POINT('Ctrl Pts',(12.5254305053822,7.42473022179438,-2.09892353577753));
#8658=CARTESIAN_POINT('Ctrl Pts',(12.5181001449445,7.5,-2.14176767207395));
#8659=CARTESIAN_POINT('',(13.3167619838614,8.33909963117728,-3.21773993125366));
#8660=CARTESIAN_POINT('Ctrl Pts',(12.5181001449445,7.5,-2.14176767207395));
#8661=CARTESIAN_POINT('Ctrl Pts',(12.7357462275977,7.70123761051241,-2.29177004656343));
#8662=CARTESIAN_POINT('Ctrl Pts',(12.9306430376644,7.88981835248819,-2.47780700323476));
#8663=CARTESIAN_POINT('Ctrl Pts',(13.1580470865523,8.13388228872176,-2.81491473772855));
#8664=CARTESIAN_POINT('Ctrl Pts',(13.2309546851794,8.21795386566833,-2.95207865041185));
#8665=CARTESIAN_POINT('Ctrl Pts',(13.2950589910574,8.30613712843363,-3.1397050745901));
#8666=CARTESIAN_POINT('Ctrl Pts',(13.306677626569,8.32313208448419,-3.17845411622612));
#8667=CARTESIAN_POINT('Ctrl Pts',(13.3167619838614,8.33909963117728,-3.21773993125366));
#8668=CARTESIAN_POINT('',(13.1087390628252,8.5,-3.98132643509178));
#8669=CARTESIAN_POINT('Ctrl Pts',(13.3167619838614,8.33909963117728,-3.21773993125366));
#8670=CARTESIAN_POINT('Ctrl Pts',(13.3150068373461,8.34228059679155,-3.22500368435079));
#8671=CARTESIAN_POINT('Ctrl Pts',(13.3132411184916,8.34541627624221,-3.23228515767128));
#8672=CARTESIAN_POINT('Ctrl Pts',(13.2529124725259,8.45037086861789,-3.48017587351818));
#8673=CARTESIAN_POINT('Ctrl Pts',(13.1820471970176,8.5,-3.73995531971672));
#8674=CARTESIAN_POINT('Ctrl Pts',(13.1087390628252,8.5,-3.98132643509178));
#8675=CARTESIAN_POINT('',(6.47913984176991,8.5,-2.99052619296167));
#8676=CARTESIAN_POINT('Origin',(0.,7.91954981558864,0.));
#8677=CARTESIAN_POINT('',(9.58481166882921,7.5,-8.33194966817944));
#8678=CARTESIAN_POINT('Origin',(0.,7.5,0.));
#8679=CARTESIAN_POINT('',(10.339521249052,8.33909963117729,-8.98800869716995));
#8680=CARTESIAN_POINT('',(9.96216645894059,7.91954981558864,-8.65997918267469));
#8681=CARTESIAN_POINT('Origin',(0.,8.33909963117728,0.));
#8682=CARTESIAN_POINT('Origin',(0.,0.,0.));
#8683=CARTESIAN_POINT('',(9.58481166882921,6.5,-8.33194966817944));
#8684=CARTESIAN_POINT('Origin',(0.,6.5,0.));
#8685=CARTESIAN_POINT('',(9.58481166882921,0.,-8.33194966817944));
#8686=CARTESIAN_POINT('Origin',(13.5495173280583,0.,-2.02498893247566));
#8687=CARTESIAN_POINT('',(0.,0.,0.));
#8688=CARTESIAN_POINT('',(13.5495173280583,2.33909963117728,-2.02498893247567));
#8689=CARTESIAN_POINT('',(13.0550093963773,1.91954981558864,-1.95108422691086));
#8690=CARTESIAN_POINT('',(13.5495173280583,2.5,-2.02498893247567));
#8691=CARTESIAN_POINT('',(13.5495173280583,2.5,-2.02498893247567));
#8692=CARTESIAN_POINT('',(12.5605014646963,2.5,-1.87717952134606));
#8693=CARTESIAN_POINT('',(6.77475866402913,2.5,-1.01249446623783));
#8694=CARTESIAN_POINT('',(12.5605014646963,3.5,-1.87717952134606));
#8695=CARTESIAN_POINT('',(12.5605014646963,0.,-1.87717952134606));
#8696=CARTESIAN_POINT('',(13.5495173280583,4.33909963117728,-2.02498893247567));
#8697=CARTESIAN_POINT('',(13.0550093963773,3.91954981558864,-1.95108422691086));
#8698=CARTESIAN_POINT('',(13.5495173280583,4.5,-2.02498893247567));
#8699=CARTESIAN_POINT('',(13.5495173280583,4.5,-2.02498893247567));
#8700=CARTESIAN_POINT('',(12.5605014646963,4.5,-1.87717952134606));
#8701=CARTESIAN_POINT('',(6.77475866402913,4.5,-1.01249446623783));
#8702=CARTESIAN_POINT('',(12.5605014646963,5.5,-1.87717952134606));
#8703=CARTESIAN_POINT('',(12.5605014646963,0.,-1.87717952134606));
#8704=CARTESIAN_POINT('',(13.5495173280583,6.33909963117728,-2.02498893247567));
#8705=CARTESIAN_POINT('',(13.0550093963773,5.91954981558864,-1.95108422691086));
#8706=CARTESIAN_POINT('',(13.5495173280583,6.5,-2.02498893247567));
#8707=CARTESIAN_POINT('',(13.5495173280583,6.5,-2.02498893247567));
#8708=CARTESIAN_POINT('',(6.77475866402913,6.5,-1.01249446623783));
#8709=CARTESIAN_POINT('Origin',(-2.99052619296167,6.5,-6.47913984176991));
#8710=CARTESIAN_POINT('',(-1.87717952134605,6.5,-12.5605014646963));
#8711=CARTESIAN_POINT('',(-1.01249446623783,6.5,-6.77475866402913));
#8712=CARTESIAN_POINT('',(-2.14176767207395,7.5,-12.5181001449445));
#8713=CARTESIAN_POINT('Ctrl Pts',(-1.87717952134605,6.5,-12.5605014646963));
#8714=CARTESIAN_POINT('Ctrl Pts',(-1.87717952134605,6.7511661410921,-12.5605014646963));
#8715=CARTESIAN_POINT('Ctrl Pts',(-1.92688041447333,7.01906563019328,-12.5533880511954));
#8716=CARTESIAN_POINT('Ctrl Pts',(-2.06066341151062,7.34617732144172,-12.5317510683158));
#8717=CARTESIAN_POINT('Ctrl Pts',(-2.09892353577753,7.42473022179438,-12.5254305053822));
#8718=CARTESIAN_POINT('Ctrl Pts',(-2.14176767207395,7.5,-12.5181001449445));
#8719=CARTESIAN_POINT('',(-3.21773993125365,8.33909963117728,-13.3167619838614));
#8720=CARTESIAN_POINT('Ctrl Pts',(-2.14176767207395,7.5,-12.5181001449445));
#8721=CARTESIAN_POINT('Ctrl Pts',(-2.29177004656343,7.7012376105124,-12.7357462275977));
#8722=CARTESIAN_POINT('Ctrl Pts',(-2.47780700323476,7.88981835248819,-12.9306430376644));
#8723=CARTESIAN_POINT('Ctrl Pts',(-2.81491473772855,8.13388228872176,-13.1580470865523));
#8724=CARTESIAN_POINT('Ctrl Pts',(-2.95207865041185,8.21795386566834,-13.2309546851794));
#8725=CARTESIAN_POINT('Ctrl Pts',(-3.1397050745901,8.30613712843363,-13.2950589910574));
#8726=CARTESIAN_POINT('Ctrl Pts',(-3.17845411622611,8.32313208448419,-13.306677626569));
#8727=CARTESIAN_POINT('Ctrl Pts',(-3.21773993125365,8.33909963117728,-13.3167619838614));
#8728=CARTESIAN_POINT('',(-3.98132643509178,8.5,-13.1087390628252));
#8729=CARTESIAN_POINT('Ctrl Pts',(-3.21773993125365,8.33909963117728,-13.3167619838614));
#8730=CARTESIAN_POINT('Ctrl Pts',(-3.22500368435078,8.34228059679155,-13.3150068373461));
#8731=CARTESIAN_POINT('Ctrl Pts',(-3.23228515767128,8.34541627624221,-13.3132411184916));
#8732=CARTESIAN_POINT('Ctrl Pts',(-3.48017587351818,8.45037086861789,-13.2529124725259));
#8733=CARTESIAN_POINT('Ctrl Pts',(-3.73995531971672,8.5,-13.1820471970176));
#8734=CARTESIAN_POINT('Ctrl Pts',(-3.98132643509178,8.5,-13.1087390628252));
#8735=CARTESIAN_POINT('',(-2.99052619296167,8.5,-6.47913984176991));
#8736=CARTESIAN_POINT('Origin',(0.,8.5,0.));
#8737=CARTESIAN_POINT('',(-8.98800869716995,8.33909963117728,-10.339521249052));
#8738=CARTESIAN_POINT('Origin',(0.,8.33909963117728,0.));
#8739=CARTESIAN_POINT('',(-8.98800869716995,8.5,-10.339521249052));
#8740=CARTESIAN_POINT('',(-8.98800869716995,8.5,-10.339521249052));
#8741=CARTESIAN_POINT('Origin',(0.,8.5,0.));
#8742=CARTESIAN_POINT('Origin',(0.,7.91954981558864,0.));
#8743=CARTESIAN_POINT('',(-8.33194966817944,7.5,-9.58481166882921));
#8744=CARTESIAN_POINT('Origin',(0.,7.5,0.));
#8745=CARTESIAN_POINT('',(-8.65997918267469,7.91954981558864,-9.96216645894059));
#8746=CARTESIAN_POINT('Origin',(0.,0.,0.));
#8747=CARTESIAN_POINT('',(-8.33194966817944,6.5,-9.58481166882921));
#8748=CARTESIAN_POINT('Origin',(0.,6.5,0.));
#8749=CARTESIAN_POINT('',(-8.33194966817944,0.,-9.58481166882921));
#8750=CARTESIAN_POINT('Origin',(1.97803172672383,6.5,0.295618822259222));
#8751=CARTESIAN_POINT('',(3.98132643509178,8.5,-13.1087390628252));
#8752=CARTESIAN_POINT('',(1.97803172672383,8.5,0.295618822259222));
#8753=CARTESIAN_POINT('',(3.21773993125366,8.33909963117728,-13.3167619838614));
#8754=CARTESIAN_POINT('Ctrl Pts',(3.98132643509178,8.5,-13.1087390628252));
#8755=CARTESIAN_POINT('Ctrl Pts',(3.73995531971673,8.5,-13.1820471970176));
#8756=CARTESIAN_POINT('Ctrl Pts',(3.48017587351819,8.45037086861789,-13.2529124725259));
#8757=CARTESIAN_POINT('Ctrl Pts',(3.23228515767128,8.34541627624221,-13.3132411184916));
#8758=CARTESIAN_POINT('Ctrl Pts',(3.22500368435079,8.34228059679155,-13.3150068373461));
#8759=CARTESIAN_POINT('Ctrl Pts',(3.21773993125366,8.33909963117728,-13.3167619838614));
#8760=CARTESIAN_POINT('',(2.14176767207395,7.5,-12.5181001449445));
#8761=CARTESIAN_POINT('Ctrl Pts',(3.21773993125366,8.33909963117728,-13.3167619838614));
#8762=CARTESIAN_POINT('Ctrl Pts',(3.17845411622612,8.32313208448419,-13.306677626569));
#8763=CARTESIAN_POINT('Ctrl Pts',(3.1397050745901,8.30613712843363,-13.2950589910574));
#8764=CARTESIAN_POINT('Ctrl Pts',(2.95207865041185,8.21795386566833,-13.2309546851794));
#8765=CARTESIAN_POINT('Ctrl Pts',(2.81491473772855,8.13388228872176,-13.1580470865523));
#8766=CARTESIAN_POINT('Ctrl Pts',(2.47780700323476,7.88981835248819,-12.9306430376644));
#8767=CARTESIAN_POINT('Ctrl Pts',(2.29177004656344,7.7012376105124,-12.7357462275977));
#8768=CARTESIAN_POINT('Ctrl Pts',(2.14176767207395,7.5,-12.5181001449445));
#8769=CARTESIAN_POINT('',(1.87717952134606,6.5,-12.5605014646963));
#8770=CARTESIAN_POINT('Ctrl Pts',(2.14176767207395,7.5,-12.5181001449445));
#8771=CARTESIAN_POINT('Ctrl Pts',(2.09892353577754,7.42473022179438,-12.5254305053822));
#8772=CARTESIAN_POINT('Ctrl Pts',(2.06066341151063,7.34617732144172,-12.5317510683158));
#8773=CARTESIAN_POINT('Ctrl Pts',(1.92688041447333,7.01906563019328,-12.5533880511954));
#8774=CARTESIAN_POINT('Ctrl Pts',(1.87717952134606,6.7511661410921,-12.5605014646963));
#8775=CARTESIAN_POINT('Ctrl Pts',(1.87717952134606,6.5,-12.5605014646963));
#8776=CARTESIAN_POINT('',(-2.77555756156289E-16,6.5,-6.93889390390723E-17));
#8777=CARTESIAN_POINT('Origin',(0.,8.5,0.));
#8778=CARTESIAN_POINT('',(8.98800869716995,8.5,-10.339521249052));
#8779=CARTESIAN_POINT('Origin',(0.,8.5,0.));
#8780=CARTESIAN_POINT('',(8.98800869716995,8.33909963117728,-10.339521249052));
#8781=CARTESIAN_POINT('',(8.98800869716995,8.5,-10.339521249052));
#8782=CARTESIAN_POINT('Origin',(0.,8.33909963117728,0.));
#8783=CARTESIAN_POINT('Origin',(0.,8.5,0.));
#8784=CARTESIAN_POINT('',(4.49400434858498,8.5,-5.16976062452599));
#8785=CARTESIAN_POINT('Origin',(-1.97803172672383,6.5,-0.295618822259221));
#8786=CARTESIAN_POINT('',(-3.98132643509178,8.5,13.1087390628252));
#8787=CARTESIAN_POINT('',(-1.97803172672383,8.5,-0.295618822259221));
#8788=CARTESIAN_POINT('',(-3.21773993125365,8.33909963117728,13.3167619838614));
#8789=CARTESIAN_POINT('Ctrl Pts',(-3.98132643509178,8.5,13.1087390628252));
#8790=CARTESIAN_POINT('Ctrl Pts',(-3.73995531971673,8.5,13.1820471970176));
#8791=CARTESIAN_POINT('Ctrl Pts',(-3.48017587351819,8.45037086861789,13.2529124725259));
#8792=CARTESIAN_POINT('Ctrl Pts',(-3.23228515767128,8.34541627624221,13.3132411184916));
#8793=CARTESIAN_POINT('Ctrl Pts',(-3.22500368435079,8.34228059679155,13.3150068373461));
#8794=CARTESIAN_POINT('Ctrl Pts',(-3.21773993125365,8.33909963117728,13.3167619838614));
#8795=CARTESIAN_POINT('',(-2.14176767207395,7.5,12.5181001449445));
#8796=CARTESIAN_POINT('Ctrl Pts',(-3.21773993125365,8.33909963117728,13.3167619838614));
#8797=CARTESIAN_POINT('Ctrl Pts',(-3.17845411622612,8.32313208448419,13.306677626569));
#8798=CARTESIAN_POINT('Ctrl Pts',(-3.1397050745901,8.30613712843363,13.2950589910574));
#8799=CARTESIAN_POINT('Ctrl Pts',(-2.95207865041185,8.21795386566834,13.2309546851794));
#8800=CARTESIAN_POINT('Ctrl Pts',(-2.81491473772855,8.13388228872176,13.1580470865523));
#8801=CARTESIAN_POINT('Ctrl Pts',(-2.47780700323476,7.88981835248819,12.9306430376644));
#8802=CARTESIAN_POINT('Ctrl Pts',(-2.29177004656343,7.7012376105124,12.7357462275977));
#8803=CARTESIAN_POINT('Ctrl Pts',(-2.14176767207395,7.5,12.5181001449445));
#8804=CARTESIAN_POINT('',(-1.87717952134606,6.5,12.5605014646963));
#8805=CARTESIAN_POINT('Ctrl Pts',(-2.14176767207395,7.5,12.5181001449445));
#8806=CARTESIAN_POINT('Ctrl Pts',(-2.09892353577753,7.42473022179438,12.5254305053822));
#8807=CARTESIAN_POINT('Ctrl Pts',(-2.06066341151063,7.34617732144172,12.5317510683158));
#8808=CARTESIAN_POINT('Ctrl Pts',(-1.92688041447333,7.01906563019328,12.5533880511954));
#8809=CARTESIAN_POINT('Ctrl Pts',(-1.87717952134606,6.7511661410921,12.5605014646963));
#8810=CARTESIAN_POINT('Ctrl Pts',(-1.87717952134606,6.5,12.5605014646963));
#8811=CARTESIAN_POINT('',(0.,6.5,0.));
#8812=CARTESIAN_POINT('Origin',(0.,0.,0.));
#8813=CARTESIAN_POINT('',(-2.02498893247566,6.5,13.5495173280583));
#8814=CARTESIAN_POINT('',(0.,6.5,0.));
#8815=CARTESIAN_POINT('',(-2.02498893247567,6.33909963117728,13.5495173280583));
#8816=CARTESIAN_POINT('',(-2.02498893247567,6.5,13.5495173280583));
#8817=CARTESIAN_POINT('',(-1.87717952134606,5.5,12.5605014646963));
#8818=CARTESIAN_POINT('',(-1.95108422691086,5.91954981558864,13.0550093963773));
#8819=CARTESIAN_POINT('',(-1.87717952134606,4.5,12.5605014646963));
#8820=CARTESIAN_POINT('',(-1.87717952134606,0.,12.5605014646963));
#8821=CARTESIAN_POINT('',(-2.02498893247566,4.5,13.5495173280583));
#8822=CARTESIAN_POINT('',(0.,4.5,0.));
#8823=CARTESIAN_POINT('',(-2.02498893247567,4.33909963117728,13.5495173280583));
#8824=CARTESIAN_POINT('',(-2.02498893247567,4.5,13.5495173280583));
#8825=CARTESIAN_POINT('',(-1.87717952134606,3.5,12.5605014646963));
#8826=CARTESIAN_POINT('',(-1.95108422691086,3.91954981558864,13.0550093963773));
#8827=CARTESIAN_POINT('',(-1.87717952134606,2.5,12.5605014646963));
#8828=CARTESIAN_POINT('',(-1.87717952134606,0.,12.5605014646963));
#8829=CARTESIAN_POINT('',(-2.02498893247566,2.5,13.5495173280583));
#8830=CARTESIAN_POINT('',(0.,2.5,0.));
#8831=CARTESIAN_POINT('',(-2.02498893247567,2.33909963117728,13.5495173280583));
#8832=CARTESIAN_POINT('',(-2.02498893247567,2.5,13.5495173280583));
#8833=CARTESIAN_POINT('',(-1.95108422691086,1.91954981558864,13.0550093963773));
#8834=CARTESIAN_POINT('',(0.,0.,0.));
#8835=CARTESIAN_POINT('Origin',(0.,0.,0.));
#8836=CARTESIAN_POINT('',(-8.33194966817945,7.5,9.5848116688292));
#8837=CARTESIAN_POINT('Origin',(0.,7.5,0.));
#8838=CARTESIAN_POINT('',(-8.33194966817945,6.5,9.5848116688292));
#8839=CARTESIAN_POINT('',(-8.33194966817945,0.,9.5848116688292));
#8840=CARTESIAN_POINT('Origin',(0.,6.5,0.));
#8841=CARTESIAN_POINT('Origin',(2.99052619296167,6.5,6.47913984176991));
#8842=CARTESIAN_POINT('',(1.87717952134606,6.5,12.5605014646963));
#8843=CARTESIAN_POINT('',(1.01249446623783,6.5,6.77475866402913));
#8844=CARTESIAN_POINT('',(2.14176767207395,7.5,12.5181001449445));
#8845=CARTESIAN_POINT('Ctrl Pts',(1.87717952134606,6.5,12.5605014646963));
#8846=CARTESIAN_POINT('Ctrl Pts',(1.87717952134606,6.7511661410921,12.5605014646963));
#8847=CARTESIAN_POINT('Ctrl Pts',(1.92688041447333,7.01906563019328,12.5533880511954));
#8848=CARTESIAN_POINT('Ctrl Pts',(2.06066341151063,7.34617732144172,12.5317510683158));
#8849=CARTESIAN_POINT('Ctrl Pts',(2.09892353577753,7.42473022179438,12.5254305053822));
#8850=CARTESIAN_POINT('Ctrl Pts',(2.14176767207395,7.5,12.5181001449445));
#8851=CARTESIAN_POINT('',(3.21773993125365,8.33909963117728,13.3167619838614));
#8852=CARTESIAN_POINT('Ctrl Pts',(2.14176767207395,7.5,12.5181001449445));
#8853=CARTESIAN_POINT('Ctrl Pts',(2.29177004656343,7.7012376105124,12.7357462275977));
#8854=CARTESIAN_POINT('Ctrl Pts',(2.47780700323476,7.88981835248819,12.9306430376644));
#8855=CARTESIAN_POINT('Ctrl Pts',(2.81491473772855,8.13388228872176,13.1580470865523));
#8856=CARTESIAN_POINT('Ctrl Pts',(2.95207865041185,8.21795386566833,13.2309546851794));
#8857=CARTESIAN_POINT('Ctrl Pts',(3.1397050745901,8.30613712843363,13.2950589910574));
#8858=CARTESIAN_POINT('Ctrl Pts',(3.17845411622612,8.32313208448419,13.306677626569));
#8859=CARTESIAN_POINT('Ctrl Pts',(3.21773993125365,8.33909963117728,13.3167619838614));
#8860=CARTESIAN_POINT('',(3.98132643509178,8.5,13.1087390628252));
#8861=CARTESIAN_POINT('Ctrl Pts',(3.21773993125365,8.33909963117728,13.3167619838614));
#8862=CARTESIAN_POINT('Ctrl Pts',(3.22500368435078,8.34228059679155,13.3150068373461));
#8863=CARTESIAN_POINT('Ctrl Pts',(3.23228515767128,8.34541627624221,13.3132411184916));
#8864=CARTESIAN_POINT('Ctrl Pts',(3.48017587351818,8.45037086861788,13.2529124725259));
#8865=CARTESIAN_POINT('Ctrl Pts',(3.73995531971672,8.5,13.1820471970176));
#8866=CARTESIAN_POINT('Ctrl Pts',(3.98132643509178,8.5,13.1087390628252));
#8867=CARTESIAN_POINT('',(2.99052619296167,8.5,6.47913984176991));
#8868=CARTESIAN_POINT('Origin',(0.,8.5,0.));
#8869=CARTESIAN_POINT('',(8.98800869716995,8.33909963117729,10.339521249052));
#8870=CARTESIAN_POINT('Origin',(0.,8.33909963117728,0.));
#8871=CARTESIAN_POINT('',(8.98800869716995,8.5,10.339521249052));
#8872=CARTESIAN_POINT('',(8.98800869716995,8.5,10.339521249052));
#8873=CARTESIAN_POINT('Origin',(0.,8.5,0.));
#8874=CARTESIAN_POINT('Origin',(0.,7.91954981558864,0.));
#8875=CARTESIAN_POINT('',(8.33194966817944,7.5,9.58481166882921));
#8876=CARTESIAN_POINT('Origin',(0.,7.5,0.));
#8877=CARTESIAN_POINT('',(8.65997918267469,7.91954981558864,9.96216645894059));
#8878=CARTESIAN_POINT('Origin',(0.,0.,0.));
#8879=CARTESIAN_POINT('',(8.33194966817944,6.5,9.58481166882921));
#8880=CARTESIAN_POINT('Origin',(0.,6.5,0.));
#8881=CARTESIAN_POINT('',(8.33194966817944,0.,9.58481166882921));
#8882=CARTESIAN_POINT('Origin',(2.22044604925031E-15,0.,-1.11022302462516E-15));
#8883=CARTESIAN_POINT('',(2.22044604925031E-15,0.,-1.11022302462516E-15));
#8884=CARTESIAN_POINT('',(2.0174457301019E-15,8.5,-1.34374817842927E-15));
#8885=CARTESIAN_POINT('',(-8.98800869716995,6.5,-10.339521249052));
#8886=CARTESIAN_POINT('',(2.0174457301019E-15,6.5,-1.34374817842927E-15));
#8887=CARTESIAN_POINT('',(-8.98800869716995,6.33909963117728,-10.339521249052));
#8888=CARTESIAN_POINT('',(-8.98800869716995,6.5,-10.339521249052));
#8889=CARTESIAN_POINT('',(-8.33194966817944,5.5,-9.58481166882921));
#8890=CARTESIAN_POINT('',(-8.65997918267469,5.91954981558864,-9.96216645894059));
#8891=CARTESIAN_POINT('',(-8.33194966817944,4.5,-9.58481166882921));
#8892=CARTESIAN_POINT('',(-8.33194966817944,0.,-9.58481166882921));
#8893=CARTESIAN_POINT('',(-8.98800869716995,4.5,-10.339521249052));
#8894=CARTESIAN_POINT('',(2.0174457301019E-15,4.5,-1.34374817842927E-15));
#8895=CARTESIAN_POINT('',(-8.98800869716995,4.33909963117729,-10.339521249052));
#8896=CARTESIAN_POINT('',(-8.98800869716995,4.5,-10.339521249052));
#8897=CARTESIAN_POINT('',(-8.33194966817944,3.5,-9.58481166882921));
#8898=CARTESIAN_POINT('',(-8.65997918267469,3.91954981558864,-9.96216645894059));
#8899=CARTESIAN_POINT('',(-8.33194966817944,2.5,-9.58481166882921));
#8900=CARTESIAN_POINT('',(-8.33194966817944,0.,-9.58481166882921));
#8901=CARTESIAN_POINT('',(-8.98800869716995,2.5,-10.339521249052));
#8902=CARTESIAN_POINT('',(2.0174457301019E-15,2.5,-1.34374817842927E-15));
#8903=CARTESIAN_POINT('',(-8.98800869716995,2.33909963117728,-10.339521249052));
#8904=CARTESIAN_POINT('',(-8.98800869716995,2.5,-10.339521249052));
#8905=CARTESIAN_POINT('',(-8.65997918267469,1.91954981558864,-9.96216645894059));
#8906=CARTESIAN_POINT('Origin',(-1.11022302462516E-15,0.,-2.22044604925031E-15));
#8907=CARTESIAN_POINT('',(-1.11022302462516E-15,0.,-2.22044604925031E-15));
#8908=CARTESIAN_POINT('',(-1.34374817842927E-15,8.5,-2.0174457301019E-15));
#8909=CARTESIAN_POINT('',(-10.339521249052,6.5,8.98800869716994));
#8910=CARTESIAN_POINT('',(-1.34374817842927E-15,6.5,-2.0174457301019E-15));
#8911=CARTESIAN_POINT('',(-10.339521249052,6.33909963117728,8.98800869716995));
#8912=CARTESIAN_POINT('',(-10.339521249052,6.5,8.98800869716994));
#8913=CARTESIAN_POINT('',(-9.58481166882921,5.5,8.33194966817944));
#8914=CARTESIAN_POINT('',(-9.96216645894059,5.91954981558864,8.65997918267469));
#8915=CARTESIAN_POINT('',(-9.58481166882921,4.5,8.33194966817944));
#8916=CARTESIAN_POINT('',(-9.58481166882921,0.,8.33194966817944));
#8917=CARTESIAN_POINT('',(-10.339521249052,4.5,8.98800869716994));
#8918=CARTESIAN_POINT('',(-1.34374817842927E-15,4.5,-2.0174457301019E-15));
#8919=CARTESIAN_POINT('',(-10.339521249052,4.33909963117729,8.98800869716995));
#8920=CARTESIAN_POINT('',(-10.339521249052,4.5,8.98800869716994));
#8921=CARTESIAN_POINT('',(-9.58481166882921,3.5,8.33194966817944));
#8922=CARTESIAN_POINT('',(-9.96216645894059,3.91954981558864,8.65997918267469));
#8923=CARTESIAN_POINT('',(-9.58481166882921,2.5,8.33194966817944));
#8924=CARTESIAN_POINT('',(-9.58481166882921,0.,8.33194966817944));
#8925=CARTESIAN_POINT('',(-10.339521249052,2.5,8.98800869716994));
#8926=CARTESIAN_POINT('',(-1.34374817842927E-15,2.5,-2.0174457301019E-15));
#8927=CARTESIAN_POINT('',(-10.339521249052,2.33909963117728,8.98800869716995));
#8928=CARTESIAN_POINT('',(-10.339521249052,2.5,8.98800869716994));
#8929=CARTESIAN_POINT('',(-9.96216645894059,1.91954981558864,8.65997918267469));
#8930=CARTESIAN_POINT('Origin',(8.98800869716996,0.,-10.339521249052));
#8931=CARTESIAN_POINT('',(1.11022302462516E-15,0.,2.22044604925031E-15));
#8932=CARTESIAN_POINT('',(8.98800869716995,2.33909963117728,-10.339521249052));
#8933=CARTESIAN_POINT('',(8.6599791826747,1.91954981558864,-9.96216645894059));
#8934=CARTESIAN_POINT('',(8.98800869716995,2.5,-10.339521249052));
#8935=CARTESIAN_POINT('',(8.98800869716995,2.5,-10.339521249052));
#8936=CARTESIAN_POINT('',(8.33194966817945,2.5,-9.5848116688292));
#8937=CARTESIAN_POINT('',(4.49400434858498,2.5,-5.16976062452599));
#8938=CARTESIAN_POINT('',(8.33194966817945,3.5,-9.5848116688292));
#8939=CARTESIAN_POINT('',(8.33194966817945,0.,-9.5848116688292));
#8940=CARTESIAN_POINT('',(8.98800869716995,4.33909963117728,-10.339521249052));
#8941=CARTESIAN_POINT('',(8.6599791826747,3.91954981558864,-9.96216645894059));
#8942=CARTESIAN_POINT('',(8.98800869716995,4.5,-10.339521249052));
#8943=CARTESIAN_POINT('',(8.98800869716995,4.5,-10.339521249052));
#8944=CARTESIAN_POINT('',(8.33194966817945,4.5,-9.5848116688292));
#8945=CARTESIAN_POINT('',(4.49400434858498,4.5,-5.16976062452599));
#8946=CARTESIAN_POINT('',(8.33194966817945,5.5,-9.5848116688292));
#8947=CARTESIAN_POINT('',(8.33194966817945,0.,-9.5848116688292));
#8948=CARTESIAN_POINT('',(8.98800869716995,6.33909963117728,-10.339521249052));
#8949=CARTESIAN_POINT('',(8.6599791826747,5.91954981558864,-9.96216645894059));
#8950=CARTESIAN_POINT('',(8.98800869716995,6.5,-10.339521249052));
#8951=CARTESIAN_POINT('',(8.98800869716995,6.5,-10.339521249052));
#8952=CARTESIAN_POINT('',(8.33194966817945,6.5,-9.5848116688292));
#8953=CARTESIAN_POINT('',(4.49400434858498,6.5,-5.16976062452599));
#8954=CARTESIAN_POINT('',(8.33194966817945,7.5,-9.5848116688292));
#8955=CARTESIAN_POINT('',(8.33194966817945,0.,-9.5848116688292));
#8956=CARTESIAN_POINT('',(8.6599791826747,7.91954981558864,-9.96216645894059));
#8957=CARTESIAN_POINT('Origin',(-8.98800869716996,0.,10.339521249052));
#8958=CARTESIAN_POINT('',(-8.98800869716995,2.33909963117729,10.339521249052));
#8959=CARTESIAN_POINT('',(-8.6599791826747,1.91954981558864,9.96216645894058));
#8960=CARTESIAN_POINT('',(-8.98800869716995,2.5,10.339521249052));
#8961=CARTESIAN_POINT('',(-8.98800869716995,2.5,10.339521249052));
#8962=CARTESIAN_POINT('',(-8.33194966817945,2.5,9.5848116688292));
#8963=CARTESIAN_POINT('',(-4.49400434858498,2.5,5.16976062452599));
#8964=CARTESIAN_POINT('',(-8.33194966817945,3.5,9.5848116688292));
#8965=CARTESIAN_POINT('',(-8.33194966817945,0.,9.5848116688292));
#8966=CARTESIAN_POINT('',(-8.98800869716995,4.33909963117729,10.339521249052));
#8967=CARTESIAN_POINT('',(-8.6599791826747,3.91954981558864,9.96216645894058));
#8968=CARTESIAN_POINT('',(-8.98800869716995,4.5,10.339521249052));
#8969=CARTESIAN_POINT('',(-8.98800869716995,4.5,10.339521249052));
#8970=CARTESIAN_POINT('',(-8.33194966817945,4.5,9.5848116688292));
#8971=CARTESIAN_POINT('',(-4.49400434858498,4.5,5.16976062452599));
#8972=CARTESIAN_POINT('',(-8.33194966817945,5.5,9.5848116688292));
#8973=CARTESIAN_POINT('',(-8.33194966817945,0.,9.5848116688292));
#8974=CARTESIAN_POINT('',(-8.98800869716995,6.33909963117729,10.339521249052));
#8975=CARTESIAN_POINT('',(-8.6599791826747,5.91954981558864,9.96216645894058));
#8976=CARTESIAN_POINT('',(-8.98800869716995,6.5,10.339521249052));
#8977=CARTESIAN_POINT('',(-8.98800869716995,6.5,10.339521249052));
#8978=CARTESIAN_POINT('',(-4.49400434858498,6.5,5.16976062452599));
#8979=CARTESIAN_POINT('',(-8.98800869716995,8.33909963117729,10.339521249052));
#8980=CARTESIAN_POINT('',(-8.6599791826747,7.91954981558864,9.96216645894058));
#8981=CARTESIAN_POINT('',(-8.98800869716995,8.5,10.339521249052));
#8982=CARTESIAN_POINT('',(-8.98800869716995,8.5,10.339521249052));
#8983=CARTESIAN_POINT('',(-4.49400434858498,8.5,5.16976062452599));
#8984=CARTESIAN_POINT('',(-1.11022302462516E-15,0.,-2.22044604925031E-15));
#8985=CARTESIAN_POINT('Origin',(-10.339521249052,0.,-8.98800869716996));
#8986=CARTESIAN_POINT('',(-10.339521249052,2.33909963117729,-8.98800869716995));
#8987=CARTESIAN_POINT('',(-9.96216645894058,1.91954981558864,-8.6599791826747));
#8988=CARTESIAN_POINT('',(-10.339521249052,2.5,-8.98800869716995));
#8989=CARTESIAN_POINT('',(-10.339521249052,2.5,-8.98800869716995));
#8990=CARTESIAN_POINT('',(-9.5848116688292,2.5,-8.33194966817945));
#8991=CARTESIAN_POINT('',(-5.16976062452599,2.5,-4.49400434858498));
#8992=CARTESIAN_POINT('',(-9.5848116688292,3.5,-8.33194966817945));
#8993=CARTESIAN_POINT('',(-9.5848116688292,0.,-8.33194966817945));
#8994=CARTESIAN_POINT('',(-10.339521249052,4.33909963117729,-8.98800869716995));
#8995=CARTESIAN_POINT('',(-9.96216645894058,3.91954981558864,-8.6599791826747));
#8996=CARTESIAN_POINT('',(-10.339521249052,4.5,-8.98800869716995));
#8997=CARTESIAN_POINT('',(-10.339521249052,4.5,-8.98800869716995));
#8998=CARTESIAN_POINT('',(-9.5848116688292,4.5,-8.33194966817945));
#8999=CARTESIAN_POINT('',(-5.16976062452599,4.5,-4.49400434858498));
#9000=CARTESIAN_POINT('',(-9.5848116688292,5.5,-8.33194966817945));
#9001=CARTESIAN_POINT('',(-9.5848116688292,0.,-8.33194966817945));
#9002=CARTESIAN_POINT('',(-10.339521249052,6.33909963117729,-8.98800869716995));
#9003=CARTESIAN_POINT('',(-9.96216645894058,5.91954981558864,-8.6599791826747));
#9004=CARTESIAN_POINT('',(-10.339521249052,6.5,-8.98800869716995));
#9005=CARTESIAN_POINT('',(-10.339521249052,6.5,-8.98800869716995));
#9006=CARTESIAN_POINT('',(-5.16976062452599,6.5,-4.49400434858498));
#9007=CARTESIAN_POINT('',(-10.339521249052,8.33909963117729,-8.98800869716995));
#9008=CARTESIAN_POINT('',(-9.96216645894058,7.91954981558864,-8.6599791826747));
#9009=CARTESIAN_POINT('',(-10.339521249052,8.5,-8.98800869716995));
#9010=CARTESIAN_POINT('',(-10.339521249052,8.5,-8.98800869716995));
#9011=CARTESIAN_POINT('',(-5.16976062452599,8.5,-4.49400434858498));
#9012=CARTESIAN_POINT('',(2.22044604925031E-15,0.,-1.11022302462516E-15));
#9013=CARTESIAN_POINT('Origin',(1.11022302462516E-15,0.,2.22044604925031E-15));
#9014=CARTESIAN_POINT('',(10.339521249052,8.5,-8.98800869716995));
#9015=CARTESIAN_POINT('',(1.34374817842927E-15,8.5,2.0174457301019E-15));
#9016=CARTESIAN_POINT('',(10.339521249052,8.5,-8.98800869716995));
#9017=CARTESIAN_POINT('',(10.339521249052,6.5,-8.98800869716995));
#9018=CARTESIAN_POINT('',(1.34374817842927E-15,6.5,2.0174457301019E-15));
#9019=CARTESIAN_POINT('',(10.339521249052,6.33909963117729,-8.98800869716995));
#9020=CARTESIAN_POINT('',(10.339521249052,6.5,-8.98800869716995));
#9021=CARTESIAN_POINT('',(9.58481166882921,5.5,-8.33194966817944));
#9022=CARTESIAN_POINT('',(9.96216645894059,5.91954981558864,-8.65997918267469));
#9023=CARTESIAN_POINT('',(9.58481166882921,4.5,-8.33194966817944));
#9024=CARTESIAN_POINT('',(9.58481166882921,0.,-8.33194966817944));
#9025=CARTESIAN_POINT('',(10.339521249052,4.5,-8.98800869716995));
#9026=CARTESIAN_POINT('',(1.34374817842927E-15,4.5,2.0174457301019E-15));
#9027=CARTESIAN_POINT('',(10.339521249052,4.33909963117729,-8.98800869716995));
#9028=CARTESIAN_POINT('',(10.339521249052,4.5,-8.98800869716995));
#9029=CARTESIAN_POINT('',(9.58481166882921,3.5,-8.33194966817944));
#9030=CARTESIAN_POINT('',(9.96216645894059,3.91954981558864,-8.65997918267469));
#9031=CARTESIAN_POINT('',(9.58481166882921,2.5,-8.33194966817944));
#9032=CARTESIAN_POINT('',(9.58481166882921,0.,-8.33194966817944));
#9033=CARTESIAN_POINT('',(10.339521249052,2.5,-8.98800869716995));
#9034=CARTESIAN_POINT('',(1.34374817842927E-15,2.5,2.0174457301019E-15));
#9035=CARTESIAN_POINT('',(10.339521249052,2.33909963117729,-8.98800869716995));
#9036=CARTESIAN_POINT('',(10.339521249052,2.5,-8.98800869716995));
#9037=CARTESIAN_POINT('',(9.96216645894059,1.91954981558864,-8.65997918267469));
#9038=CARTESIAN_POINT('',(1.11022302462516E-15,0.,2.22044604925031E-15));
#9039=CARTESIAN_POINT('Origin',(0.,1.91954981558864,0.));
#9040=CARTESIAN_POINT('Origin',(0.,2.33909963117728,0.));
#9041=CARTESIAN_POINT('Origin',(0.,1.91954981558864,0.));
#9042=CARTESIAN_POINT('',(-2.02498893247566,2.33909963117728,-13.5495173280583));
#9043=CARTESIAN_POINT('Origin',(0.,2.33909963117728,0.));
#9044=CARTESIAN_POINT('',(-1.95108422691086,1.91954981558864,-13.0550093963773));
#9045=CARTESIAN_POINT('Origin',(0.,1.91954981558864,0.));
#9046=CARTESIAN_POINT('',(-13.5495173280583,2.33909963117728,2.02498893247566));
#9047=CARTESIAN_POINT('Origin',(0.,2.33909963117728,0.));
#9048=CARTESIAN_POINT('',(-13.0550093963773,1.91954981558864,1.95108422691086));
#9049=CARTESIAN_POINT('Origin',(0.,2.5,0.));
#9050=CARTESIAN_POINT('Origin',(0.,2.5,0.));
#9051=CARTESIAN_POINT('Origin',(0.,2.5,0.));
#9052=CARTESIAN_POINT('',(-2.02498893247566,2.5,-13.5495173280583));
#9053=CARTESIAN_POINT('Origin',(0.,2.5,0.));
#9054=CARTESIAN_POINT('',(-2.02498893247566,2.5,-13.5495173280583));
#9055=CARTESIAN_POINT('Origin',(0.,2.5,0.));
#9056=CARTESIAN_POINT('',(-13.5495173280583,2.5,2.02498893247566));
#9057=CARTESIAN_POINT('Origin',(0.,2.5,0.));
#9058=CARTESIAN_POINT('',(-13.5495173280583,2.5,2.02498893247566));
#9059=CARTESIAN_POINT('Origin',(0.,2.5,0.));
#9060=CARTESIAN_POINT('Origin',(0.,2.5,0.));
#9061=CARTESIAN_POINT('Origin',(0.,2.5,0.));
#9062=CARTESIAN_POINT('',(-1.87717952134605,2.5,-12.5605014646963));
#9063=CARTESIAN_POINT('Origin',(0.,2.5,0.));
#9064=CARTESIAN_POINT('',(-1.01249446623783,2.5,-6.77475866402913));
#9065=CARTESIAN_POINT('Origin',(0.,2.5,0.));
#9066=CARTESIAN_POINT('',(-12.5605014646963,2.5,1.87717952134605));
#9067=CARTESIAN_POINT('Origin',(0.,2.5,0.));
#9068=CARTESIAN_POINT('',(-6.77475866402913,2.5,1.01249446623783));
#9069=CARTESIAN_POINT('Origin',(0.,0.,0.));
#9070=CARTESIAN_POINT('Origin',(0.,3.5,0.));
#9071=CARTESIAN_POINT('Origin',(0.,0.,0.));
#9072=CARTESIAN_POINT('',(-1.87717952134605,3.5,-12.5605014646963));
#9073=CARTESIAN_POINT('Origin',(0.,3.5,0.));
#9074=CARTESIAN_POINT('',(-1.87717952134605,0.,-12.5605014646963));
#9075=CARTESIAN_POINT('Origin',(0.,0.,0.));
#9076=CARTESIAN_POINT('',(-12.5605014646963,3.5,1.87717952134605));
#9077=CARTESIAN_POINT('Origin',(0.,3.5,0.));
#9078=CARTESIAN_POINT('',(-12.5605014646963,0.,1.87717952134605));
#9079=CARTESIAN_POINT('Origin',(0.,3.91954981558864,0.));
#9080=CARTESIAN_POINT('Origin',(0.,4.33909963117728,0.));
#9081=CARTESIAN_POINT('Origin',(0.,3.91954981558864,0.));
#9082=CARTESIAN_POINT('',(-2.02498893247566,4.33909963117728,-13.5495173280583));
#9083=CARTESIAN_POINT('Origin',(0.,4.33909963117728,0.));
#9084=CARTESIAN_POINT('',(-1.95108422691086,3.91954981558864,-13.0550093963773));
#9085=CARTESIAN_POINT('Origin',(0.,3.91954981558864,0.));
#9086=CARTESIAN_POINT('',(-13.5495173280583,4.33909963117728,2.02498893247566));
#9087=CARTESIAN_POINT('Origin',(0.,4.33909963117728,0.));
#9088=CARTESIAN_POINT('',(-13.0550093963773,3.91954981558864,1.95108422691086));
#9089=CARTESIAN_POINT('Origin',(0.,4.5,0.));
#9090=CARTESIAN_POINT('Origin',(0.,4.5,0.));
#9091=CARTESIAN_POINT('Origin',(0.,4.5,0.));
#9092=CARTESIAN_POINT('',(-2.02498893247566,4.5,-13.5495173280583));
#9093=CARTESIAN_POINT('Origin',(0.,4.5,0.));
#9094=CARTESIAN_POINT('',(-2.02498893247566,4.5,-13.5495173280583));
#9095=CARTESIAN_POINT('Origin',(0.,4.5,0.));
#9096=CARTESIAN_POINT('',(-13.5495173280583,4.5,2.02498893247566));
#9097=CARTESIAN_POINT('Origin',(0.,4.5,0.));
#9098=CARTESIAN_POINT('',(-13.5495173280583,4.5,2.02498893247566));
#9099=CARTESIAN_POINT('Origin',(0.,4.5,0.));
#9100=CARTESIAN_POINT('Origin',(0.,4.5,0.));
#9101=CARTESIAN_POINT('Origin',(0.,4.5,0.));
#9102=CARTESIAN_POINT('',(-1.87717952134605,4.5,-12.5605014646963));
#9103=CARTESIAN_POINT('Origin',(0.,4.5,0.));
#9104=CARTESIAN_POINT('',(-1.01249446623783,4.5,-6.77475866402913));
#9105=CARTESIAN_POINT('Origin',(0.,4.5,0.));
#9106=CARTESIAN_POINT('',(-12.5605014646963,4.5,1.87717952134605));
#9107=CARTESIAN_POINT('Origin',(0.,4.5,0.));
#9108=CARTESIAN_POINT('',(-6.77475866402913,4.5,1.01249446623783));
#9109=CARTESIAN_POINT('Origin',(0.,0.,0.));
#9110=CARTESIAN_POINT('Origin',(0.,5.5,0.));
#9111=CARTESIAN_POINT('Origin',(0.,0.,0.));
#9112=CARTESIAN_POINT('',(-1.87717952134605,5.5,-12.5605014646963));
#9113=CARTESIAN_POINT('Origin',(0.,5.5,0.));
#9114=CARTESIAN_POINT('',(-1.87717952134605,0.,-12.5605014646963));
#9115=CARTESIAN_POINT('Origin',(0.,0.,0.));
#9116=CARTESIAN_POINT('',(-12.5605014646963,5.5,1.87717952134605));
#9117=CARTESIAN_POINT('Origin',(0.,5.5,0.));
#9118=CARTESIAN_POINT('',(-12.5605014646963,0.,1.87717952134605));
#9119=CARTESIAN_POINT('Origin',(0.,5.91954981558864,0.));
#9120=CARTESIAN_POINT('Origin',(0.,6.33909963117728,0.));
#9121=CARTESIAN_POINT('Origin',(0.,5.91954981558864,0.));
#9122=CARTESIAN_POINT('',(-2.02498893247566,6.33909963117728,-13.5495173280583));
#9123=CARTESIAN_POINT('Origin',(0.,6.33909963117728,0.));
#9124=CARTESIAN_POINT('',(-1.95108422691086,5.91954981558864,-13.0550093963773));
#9125=CARTESIAN_POINT('Origin',(0.,5.91954981558864,0.));
#9126=CARTESIAN_POINT('',(-13.5495173280583,6.33909963117728,2.02498893247566));
#9127=CARTESIAN_POINT('Origin',(0.,6.33909963117728,0.));
#9128=CARTESIAN_POINT('',(-13.0550093963773,5.91954981558864,1.95108422691086));
#9129=CARTESIAN_POINT('Origin',(0.,6.5,0.));
#9130=CARTESIAN_POINT('Origin',(0.,6.5,0.));
#9131=CARTESIAN_POINT('Origin',(0.,6.5,0.));
#9132=CARTESIAN_POINT('',(-2.02498893247566,6.5,-13.5495173280583));
#9133=CARTESIAN_POINT('Origin',(0.,6.5,0.));
#9134=CARTESIAN_POINT('',(-2.02498893247566,6.5,-13.5495173280583));
#9135=CARTESIAN_POINT('Origin',(0.,6.5,0.));
#9136=CARTESIAN_POINT('',(-13.5495173280583,6.5,2.02498893247566));
#9137=CARTESIAN_POINT('Origin',(0.,6.5,0.));
#9138=CARTESIAN_POINT('',(-13.5495173280583,6.5,2.02498893247566));
#9139=CARTESIAN_POINT('Origin',(0.,6.5,0.));
#9140=CARTESIAN_POINT('Origin',(0.,6.5,0.));
#9141=CARTESIAN_POINT('',(-1.01249446623783,6.5,-6.77475866402913));
#9142=CARTESIAN_POINT('Origin',(0.,6.5,0.));
#9143=CARTESIAN_POINT('',(-6.77475866402913,6.5,1.01249446623783));
#9144=CARTESIAN_POINT('Origin',(0.,7.91954981558864,0.));
#9145=CARTESIAN_POINT('Origin',(0.,8.33909963117728,0.));
#9146=CARTESIAN_POINT('Origin',(0.,8.5,0.));
#9147=CARTESIAN_POINT('Origin',(0.,8.5,0.));
#9148=CARTESIAN_POINT('Origin',(0.,8.5,0.));
#9149=CARTESIAN_POINT('Origin',(0.,8.5,0.));
#9150=CARTESIAN_POINT('Origin',(0.,8.5,0.));
#9151=CARTESIAN_POINT('Origin',(0.,0.,0.));
#9152=CARTESIAN_POINT('',(-2.22044604925031E-15,0.,1.11022302462516E-15));
#9153=CARTESIAN_POINT('',(0.,0.,0.));
#9154=CARTESIAN_POINT('',(1.87717952134606,0.,12.5605014646963));
#9155=CARTESIAN_POINT('',(8.33194966817944,0.,9.58481166882921));
#9156=CARTESIAN_POINT('Origin',(0.,0.,0.));
#9157=CARTESIAN_POINT('',(0.,0.,0.));
#9158=CARTESIAN_POINT('',(-2.22044604925031E-15,0.,1.11022302462516E-15));
#9159=CARTESIAN_POINT('',(0.,0.,0.));
#9160=CARTESIAN_POINT('',(0.,0.,0.));
#9161=CARTESIAN_POINT('',(0.,0.,0.));
#9162=CARTESIAN_POINT('Origin',(0.,7.91954981558864,0.));
#9163=CARTESIAN_POINT('Origin',(0.,7.5,0.));
#9164=CARTESIAN_POINT('Origin',(0.,0.,0.));
#9165=CARTESIAN_POINT('Origin',(0.,6.5,0.));
#9166=CARTESIAN_POINT('Origin',(0.,6.5,0.));
#9167=CARTESIAN_POINT('',(2.02498893247567,6.5,-13.5495173280583));
#9168=CARTESIAN_POINT('Origin',(0.,6.5,0.));
#9169=CARTESIAN_POINT('',(0.,6.5,0.));
#9170=CARTESIAN_POINT('Origin',(0.,6.5,0.));
#9171=CARTESIAN_POINT('',(2.02498893247567,6.33909963117728,-13.5495173280583));
#9172=CARTESIAN_POINT('Origin',(0.,6.33909963117728,0.));
#9173=CARTESIAN_POINT('',(2.02498893247567,6.5,-13.5495173280583));
#9174=CARTESIAN_POINT('Origin',(0.,5.91954981558864,0.));
#9175=CARTESIAN_POINT('',(1.87717952134606,5.5,-12.5605014646963));
#9176=CARTESIAN_POINT('Origin',(0.,5.5,0.));
#9177=CARTESIAN_POINT('',(1.95108422691086,5.91954981558864,-13.0550093963773));
#9178=CARTESIAN_POINT('Origin',(0.,0.,0.));
#9179=CARTESIAN_POINT('',(1.87717952134606,4.5,-12.5605014646963));
#9180=CARTESIAN_POINT('Origin',(0.,4.5,0.));
#9181=CARTESIAN_POINT('',(1.87717952134606,0.,-12.5605014646963));
#9182=CARTESIAN_POINT('Origin',(0.,4.5,0.));
#9183=CARTESIAN_POINT('',(2.02498893247567,4.5,-13.5495173280583));
#9184=CARTESIAN_POINT('Origin',(0.,4.5,0.));
#9185=CARTESIAN_POINT('',(0.,4.5,0.));
#9186=CARTESIAN_POINT('Origin',(0.,4.5,0.));
#9187=CARTESIAN_POINT('',(2.02498893247567,4.33909963117728,-13.5495173280583));
#9188=CARTESIAN_POINT('Origin',(0.,4.33909963117728,0.));
#9189=CARTESIAN_POINT('',(2.02498893247567,4.5,-13.5495173280583));
#9190=CARTESIAN_POINT('Origin',(0.,3.91954981558864,0.));
#9191=CARTESIAN_POINT('',(1.87717952134606,3.5,-12.5605014646963));
#9192=CARTESIAN_POINT('Origin',(0.,3.5,0.));
#9193=CARTESIAN_POINT('',(1.95108422691086,3.91954981558864,-13.0550093963773));
#9194=CARTESIAN_POINT('Origin',(0.,0.,0.));
#9195=CARTESIAN_POINT('',(1.87717952134606,2.5,-12.5605014646963));
#9196=CARTESIAN_POINT('Origin',(0.,2.5,0.));
#9197=CARTESIAN_POINT('',(1.87717952134606,0.,-12.5605014646963));
#9198=CARTESIAN_POINT('Origin',(0.,2.5,0.));
#9199=CARTESIAN_POINT('',(2.02498893247567,2.5,-13.5495173280583));
#9200=CARTESIAN_POINT('Origin',(0.,2.5,0.));
#9201=CARTESIAN_POINT('',(0.,2.5,0.));
#9202=CARTESIAN_POINT('Origin',(0.,2.5,0.));
#9203=CARTESIAN_POINT('',(2.02498893247567,2.33909963117728,-13.5495173280583));
#9204=CARTESIAN_POINT('Origin',(0.,2.33909963117728,0.));
#9205=CARTESIAN_POINT('',(2.02498893247567,2.5,-13.5495173280583));
#9206=CARTESIAN_POINT('Origin',(0.,1.91954981558864,0.));
#9207=CARTESIAN_POINT('',(1.95108422691086,1.91954981558864,-13.0550093963773));
#9208=CARTESIAN_POINT('Origin',(0.,1.91954981558864,0.));
#9209=CARTESIAN_POINT('Origin',(0.,2.33909963117728,0.));
#9210=CARTESIAN_POINT('Origin',(10.339521249052,0.,8.98800869716995));
#9211=CARTESIAN_POINT('',(10.339521249052,2.33909963117728,8.98800869716995));
#9212=CARTESIAN_POINT('',(9.96216645894059,1.91954981558864,8.6599791826747));
#9213=CARTESIAN_POINT('',(10.339521249052,2.5,8.98800869716995));
#9214=CARTESIAN_POINT('',(10.339521249052,2.5,8.98800869716995));
#9215=CARTESIAN_POINT('',(9.5848116688292,2.5,8.33194966817945));
#9216=CARTESIAN_POINT('',(5.16976062452599,2.5,4.49400434858498));
#9217=CARTESIAN_POINT('',(9.5848116688292,3.5,8.33194966817945));
#9218=CARTESIAN_POINT('',(9.5848116688292,0.,8.33194966817945));
#9219=CARTESIAN_POINT('',(10.339521249052,4.33909963117728,8.98800869716995));
#9220=CARTESIAN_POINT('',(9.96216645894059,3.91954981558864,8.6599791826747));
#9221=CARTESIAN_POINT('',(10.339521249052,4.5,8.98800869716995));
#9222=CARTESIAN_POINT('',(10.339521249052,4.5,8.98800869716995));
#9223=CARTESIAN_POINT('',(9.5848116688292,4.5,8.33194966817945));
#9224=CARTESIAN_POINT('',(5.16976062452599,4.5,4.49400434858498));
#9225=CARTESIAN_POINT('',(9.5848116688292,5.5,8.33194966817945));
#9226=CARTESIAN_POINT('',(9.5848116688292,0.,8.33194966817945));
#9227=CARTESIAN_POINT('',(10.339521249052,6.33909963117728,8.98800869716995));
#9228=CARTESIAN_POINT('',(9.96216645894059,5.91954981558864,8.6599791826747));
#9229=CARTESIAN_POINT('',(10.339521249052,6.5,8.98800869716995));
#9230=CARTESIAN_POINT('',(10.339521249052,6.5,8.98800869716995));
#9231=CARTESIAN_POINT('',(9.5848116688292,6.5,8.33194966817945));
#9232=CARTESIAN_POINT('',(5.16976062452599,6.5,4.49400434858498));
#9233=CARTESIAN_POINT('',(9.5848116688292,7.5,8.33194966817945));
#9234=CARTESIAN_POINT('',(9.5848116688292,0.,8.33194966817945));
#9235=CARTESIAN_POINT('',(9.96216645894059,7.91954981558864,8.6599791826747));
#9236=CARTESIAN_POINT('Origin',(-2.22044604925031E-15,0.,1.11022302462516E-15));
#9237=CARTESIAN_POINT('',(-2.0174457301019E-15,8.5,1.34374817842927E-15));
#9238=CARTESIAN_POINT('',(8.98800869716995,6.5,10.339521249052));
#9239=CARTESIAN_POINT('',(-2.0174457301019E-15,6.5,1.34374817842927E-15));
#9240=CARTESIAN_POINT('',(8.98800869716995,6.33909963117729,10.339521249052));
#9241=CARTESIAN_POINT('',(8.98800869716995,6.5,10.339521249052));
#9242=CARTESIAN_POINT('',(8.33194966817944,5.5,9.58481166882921));
#9243=CARTESIAN_POINT('',(8.65997918267469,5.91954981558864,9.96216645894059));
#9244=CARTESIAN_POINT('',(8.33194966817944,4.5,9.58481166882921));
#9245=CARTESIAN_POINT('',(8.33194966817944,0.,9.58481166882921));
#9246=CARTESIAN_POINT('',(8.98800869716995,4.5,10.339521249052));
#9247=CARTESIAN_POINT('',(-2.0174457301019E-15,4.5,1.34374817842927E-15));
#9248=CARTESIAN_POINT('',(8.98800869716995,4.33909963117729,10.339521249052));
#9249=CARTESIAN_POINT('',(8.98800869716995,4.5,10.339521249052));
#9250=CARTESIAN_POINT('',(8.33194966817944,3.5,9.58481166882921));
#9251=CARTESIAN_POINT('',(8.65997918267469,3.91954981558864,9.96216645894059));
#9252=CARTESIAN_POINT('',(8.33194966817944,2.5,9.58481166882921));
#9253=CARTESIAN_POINT('',(8.33194966817944,0.,9.58481166882921));
#9254=CARTESIAN_POINT('',(8.98800869716995,2.5,10.339521249052));
#9255=CARTESIAN_POINT('',(-2.0174457301019E-15,2.5,1.34374817842927E-15));
#9256=CARTESIAN_POINT('',(8.98800869716995,2.33909963117729,10.339521249052));
#9257=CARTESIAN_POINT('',(8.98800869716995,2.5,10.339521249052));
#9258=CARTESIAN_POINT('',(8.33194966817944,1.5,9.58481166882921));
#9259=CARTESIAN_POINT('',(8.65997918267469,1.91954981558864,9.96216645894059));
#9260=CARTESIAN_POINT('',(8.33194966817944,0.,9.58481166882921));
#9261=CARTESIAN_POINT('Origin',(0.,7.91954981558864,0.));
#9262=CARTESIAN_POINT('Origin',(0.,7.5,0.));
#9263=CARTESIAN_POINT('Origin',(0.,0.,0.));
#9264=CARTESIAN_POINT('Origin',(0.,6.5,0.));
#9265=CARTESIAN_POINT('Origin',(0.,6.5,0.));
#9266=CARTESIAN_POINT('',(13.5495173280583,6.5,2.02498893247567));
#9267=CARTESIAN_POINT('Origin',(0.,6.5,0.));
#9268=CARTESIAN_POINT('',(0.,6.5,0.));
#9269=CARTESIAN_POINT('Origin',(0.,6.5,0.));
#9270=CARTESIAN_POINT('',(13.5495173280583,6.33909963117728,2.02498893247567));
#9271=CARTESIAN_POINT('Origin',(0.,6.33909963117728,0.));
#9272=CARTESIAN_POINT('',(13.5495173280583,6.5,2.02498893247567));
#9273=CARTESIAN_POINT('Origin',(0.,5.91954981558864,0.));
#9274=CARTESIAN_POINT('',(12.5605014646963,5.5,1.87717952134606));
#9275=CARTESIAN_POINT('Origin',(0.,5.5,0.));
#9276=CARTESIAN_POINT('',(13.0550093963773,5.91954981558864,1.95108422691086));
#9277=CARTESIAN_POINT('Origin',(0.,0.,0.));
#9278=CARTESIAN_POINT('',(12.5605014646963,4.5,1.87717952134606));
#9279=CARTESIAN_POINT('Origin',(0.,4.5,0.));
#9280=CARTESIAN_POINT('',(12.5605014646963,0.,1.87717952134606));
#9281=CARTESIAN_POINT('Origin',(0.,4.5,0.));
#9282=CARTESIAN_POINT('',(13.5495173280583,4.5,2.02498893247567));
#9283=CARTESIAN_POINT('Origin',(0.,4.5,0.));
#9284=CARTESIAN_POINT('',(0.,4.5,0.));
#9285=CARTESIAN_POINT('Origin',(0.,4.5,0.));
#9286=CARTESIAN_POINT('',(13.5495173280583,4.33909963117728,2.02498893247567));
#9287=CARTESIAN_POINT('Origin',(0.,4.33909963117728,0.));
#9288=CARTESIAN_POINT('',(13.5495173280583,4.5,2.02498893247567));
#9289=CARTESIAN_POINT('Origin',(0.,3.91954981558864,0.));
#9290=CARTESIAN_POINT('',(12.5605014646963,3.5,1.87717952134606));
#9291=CARTESIAN_POINT('Origin',(0.,3.5,0.));
#9292=CARTESIAN_POINT('',(13.0550093963773,3.91954981558864,1.95108422691086));
#9293=CARTESIAN_POINT('Origin',(0.,0.,0.));
#9294=CARTESIAN_POINT('',(12.5605014646963,2.5,1.87717952134606));
#9295=CARTESIAN_POINT('Origin',(0.,2.5,0.));
#9296=CARTESIAN_POINT('',(12.5605014646963,0.,1.87717952134606));
#9297=CARTESIAN_POINT('Origin',(0.,2.5,0.));
#9298=CARTESIAN_POINT('',(13.5495173280583,2.5,2.02498893247567));
#9299=CARTESIAN_POINT('Origin',(0.,2.5,0.));
#9300=CARTESIAN_POINT('',(0.,2.5,0.));
#9301=CARTESIAN_POINT('Origin',(0.,2.5,0.));
#9302=CARTESIAN_POINT('',(13.5495173280583,2.33909963117728,2.02498893247567));
#9303=CARTESIAN_POINT('Origin',(0.,2.33909963117728,0.));
#9304=CARTESIAN_POINT('',(13.5495173280583,2.5,2.02498893247567));
#9305=CARTESIAN_POINT('Origin',(0.,1.91954981558864,0.));
#9306=CARTESIAN_POINT('',(13.0550093963773,1.91954981558864,1.95108422691086));
#9307=CARTESIAN_POINT('Origin',(0.,1.91954981558864,0.));
#9308=CARTESIAN_POINT('',(2.02498893247567,2.33909963117728,13.5495173280583));
#9309=CARTESIAN_POINT('Origin',(0.,2.33909963117728,0.));
#9310=CARTESIAN_POINT('',(1.87717952134606,1.5,12.5605014646963));
#9311=CARTESIAN_POINT('',(1.95108422691086,1.91954981558864,13.0550093963773));
#9312=CARTESIAN_POINT('Origin',(0.,1.5,0.));
#9313=CARTESIAN_POINT('Origin',(0.,0.,0.));
#9314=CARTESIAN_POINT('Origin',(0.,0.,0.));
#9315=CARTESIAN_POINT('Origin',(-13.5495173280583,0.,2.02498893247566));
#9316=CARTESIAN_POINT('Origin',(-2.02498893247566,0.,-13.5495173280583));
#9317=CARTESIAN_POINT('Origin',(0.,0.,0.));
#9318=CARTESIAN_POINT('',(1.87717952134606,0.,12.5605014646963));
#9319=CARTESIAN_POINT('Origin',(0.,1.91954981558864,0.));
#9320=CARTESIAN_POINT('Origin',(0.,2.33909963117728,0.));
#9321=CARTESIAN_POINT('Origin',(0.,2.5,0.));
#9322=CARTESIAN_POINT('',(2.02498893247567,2.5,13.5495173280583));
#9323=CARTESIAN_POINT('Origin',(0.,2.5,0.));
#9324=CARTESIAN_POINT('',(2.02498893247567,2.5,13.5495173280583));
#9325=CARTESIAN_POINT('Origin',(0.,2.5,0.));
#9326=CARTESIAN_POINT('Origin',(0.,2.5,0.));
#9327=CARTESIAN_POINT('Origin',(0.,2.5,0.));
#9328=CARTESIAN_POINT('Origin',(0.,2.5,0.));
#9329=CARTESIAN_POINT('Origin',(0.,2.5,0.));
#9330=CARTESIAN_POINT('',(1.87717952134606,2.5,12.5605014646963));
#9331=CARTESIAN_POINT('Origin',(0.,2.5,0.));
#9332=CARTESIAN_POINT('',(1.01249446623783,2.5,6.77475866402913));
#9333=CARTESIAN_POINT('Origin',(0.,2.5,0.));
#9334=CARTESIAN_POINT('Origin',(0.,2.5,0.));
#9335=CARTESIAN_POINT('Origin',(0.,2.5,0.));
#9336=CARTESIAN_POINT('Origin',(0.,2.5,0.));
#9337=CARTESIAN_POINT('Origin',(0.,0.,0.));
#9338=CARTESIAN_POINT('',(1.87717952134606,3.5,12.5605014646963));
#9339=CARTESIAN_POINT('Origin',(0.,3.5,0.));
#9340=CARTESIAN_POINT('',(1.87717952134606,0.,12.5605014646963));
#9341=CARTESIAN_POINT('Origin',(0.,0.,0.));
#9342=CARTESIAN_POINT('Origin',(0.,3.5,0.));
#9343=CARTESIAN_POINT('Origin',(0.,0.,0.));
#9344=CARTESIAN_POINT('Origin',(0.,3.5,0.));
#9345=CARTESIAN_POINT('Origin',(0.,3.91954981558864,0.));
#9346=CARTESIAN_POINT('',(2.02498893247567,4.33909963117728,13.5495173280583));
#9347=CARTESIAN_POINT('Origin',(0.,4.33909963117728,0.));
#9348=CARTESIAN_POINT('',(1.95108422691086,3.91954981558864,13.0550093963773));
#9349=CARTESIAN_POINT('Origin',(0.,3.91954981558864,0.));
#9350=CARTESIAN_POINT('Origin',(0.,4.33909963117728,0.));
#9351=CARTESIAN_POINT('Origin',(0.,3.91954981558864,0.));
#9352=CARTESIAN_POINT('Origin',(0.,4.33909963117728,0.));
#9353=CARTESIAN_POINT('Origin',(0.,4.5,0.));
#9354=CARTESIAN_POINT('',(2.02498893247567,4.5,13.5495173280583));
#9355=CARTESIAN_POINT('Origin',(0.,4.5,0.));
#9356=CARTESIAN_POINT('',(2.02498893247567,4.5,13.5495173280583));
#9357=CARTESIAN_POINT('Origin',(0.,4.5,0.));
#9358=CARTESIAN_POINT('Origin',(0.,4.5,0.));
#9359=CARTESIAN_POINT('Origin',(0.,4.5,0.));
#9360=CARTESIAN_POINT('Origin',(0.,4.5,0.));
#9361=CARTESIAN_POINT('Origin',(0.,4.5,0.));
#9362=CARTESIAN_POINT('',(1.87717952134606,4.5,12.5605014646963));
#9363=CARTESIAN_POINT('Origin',(0.,4.5,0.));
#9364=CARTESIAN_POINT('',(1.01249446623783,4.5,6.77475866402913));
#9365=CARTESIAN_POINT('Origin',(0.,4.5,0.));
#9366=CARTESIAN_POINT('Origin',(0.,4.5,0.));
#9367=CARTESIAN_POINT('Origin',(0.,4.5,0.));
#9368=CARTESIAN_POINT('Origin',(0.,4.5,0.));
#9369=CARTESIAN_POINT('Origin',(0.,0.,0.));
#9370=CARTESIAN_POINT('',(1.87717952134606,5.5,12.5605014646963));
#9371=CARTESIAN_POINT('Origin',(0.,5.5,0.));
#9372=CARTESIAN_POINT('',(1.87717952134606,0.,12.5605014646963));
#9373=CARTESIAN_POINT('Origin',(0.,0.,0.));
#9374=CARTESIAN_POINT('Origin',(0.,5.5,0.));
#9375=CARTESIAN_POINT('Origin',(0.,0.,0.));
#9376=CARTESIAN_POINT('Origin',(0.,5.5,0.));
#9377=CARTESIAN_POINT('Origin',(0.,5.91954981558864,0.));
#9378=CARTESIAN_POINT('',(2.02498893247567,6.33909963117728,13.5495173280583));
#9379=CARTESIAN_POINT('Origin',(0.,6.33909963117728,0.));
#9380=CARTESIAN_POINT('',(1.95108422691086,5.91954981558864,13.0550093963773));
#9381=CARTESIAN_POINT('Origin',(0.,5.91954981558864,0.));
#9382=CARTESIAN_POINT('Origin',(0.,6.33909963117728,0.));
#9383=CARTESIAN_POINT('Origin',(0.,5.91954981558864,0.));
#9384=CARTESIAN_POINT('Origin',(0.,6.33909963117728,0.));
#9385=CARTESIAN_POINT('Origin',(0.,6.5,0.));
#9386=CARTESIAN_POINT('',(2.02498893247567,6.5,13.5495173280583));
#9387=CARTESIAN_POINT('Origin',(0.,6.5,0.));
#9388=CARTESIAN_POINT('',(2.02498893247567,6.5,13.5495173280583));
#9389=CARTESIAN_POINT('Origin',(0.,6.5,0.));
#9390=CARTESIAN_POINT('Origin',(0.,6.5,0.));
#9391=CARTESIAN_POINT('Origin',(0.,6.5,0.));
#9392=CARTESIAN_POINT('Origin',(0.,6.5,0.));
#9393=CARTESIAN_POINT('Origin',(0.,6.5,0.));
#9394=CARTESIAN_POINT('',(1.01249446623783,6.5,6.77475866402913));
#9395=CARTESIAN_POINT('Origin',(0.,6.5,0.));
#9396=CARTESIAN_POINT('Origin',(0.,6.5,0.));
#9397=CARTESIAN_POINT('Origin',(0.,7.91954981558864,0.));
#9398=CARTESIAN_POINT('Origin',(0.,8.33909963117728,0.));
#9399=CARTESIAN_POINT('Origin',(0.,8.5,0.));
#9400=CARTESIAN_POINT('Origin',(0.,8.5,0.));
#9401=CARTESIAN_POINT('Origin',(0.,8.5,0.));
#9402=CARTESIAN_POINT('Origin',(0.,8.5,0.));
#9403=CARTESIAN_POINT('Origin',(0.,8.5,0.));
#9404=CARTESIAN_POINT('Origin',(0.,8.5,0.));
#9405=CARTESIAN_POINT('Origin',(0.,8.5,0.));
#9406=CARTESIAN_POINT('Origin',(2.02498893247567,0.,13.5495173280583));
#9407=CARTESIAN_POINT('Origin',(0.,-1.,0.));
#9408=UNCERTAINTY_MEASURE_WITH_UNIT(LENGTH_MEASURE(0.01),#9412,
'DISTANCE_ACCURACY_VALUE',
'Maximum model space distance between geometric entities at asserted c
onnectivities');
#9409=UNCERTAINTY_MEASURE_WITH_UNIT(LENGTH_MEASURE(0.01),#9412,
'DISTANCE_ACCURACY_VALUE',
'Maximum model space distance between geometric entities at asserted c
onnectivities');
#9410=(
GEOMETRIC_REPRESENTATION_CONTEXT(3)
GLOBAL_UNCERTAINTY_ASSIGNED_CONTEXT((#9408))
GLOBAL_UNIT_ASSIGNED_CONTEXT((#9412,#9414,#9415))
REPRESENTATION_CONTEXT('','3D')
);
#9411=(
GEOMETRIC_REPRESENTATION_CONTEXT(3)
GLOBAL_UNCERTAINTY_ASSIGNED_CONTEXT((#9409))
GLOBAL_UNIT_ASSIGNED_CONTEXT((#9412,#9414,#9415))
REPRESENTATION_CONTEXT('','3D')
);
#9412=(
LENGTH_UNIT()
NAMED_UNIT(*)
SI_UNIT(.MILLI.,.METRE.)
);
#9413=(
LENGTH_UNIT()
NAMED_UNIT(*)
SI_UNIT($,.METRE.)
);
#9414=(
NAMED_UNIT(*)
PLANE_ANGLE_UNIT()
SI_UNIT($,.RADIAN.)
);
#9415=(
NAMED_UNIT(*)
SI_UNIT($,.STERADIAN.)
SOLID_ANGLE_UNIT()
);
#9416=SHAPE_DEFINITION_REPRESENTATION(#9417,#9418);
#9417=PRODUCT_DEFINITION_SHAPE('',$,#9420);
#9418=SHAPE_REPRESENTATION('',(#5010),#9410);
#9419=PRODUCT_DEFINITION_CONTEXT('part definition',#9424,'design');
#9420=PRODUCT_DEFINITION('2026-07-11-17-09-13-929','MP1-XAH Plug',#9421,
#9419);
#9421=PRODUCT_DEFINITION_FORMATION('',$,#9426);
#9422=PRODUCT_RELATED_PRODUCT_CATEGORY('MP1-XAH Plug','MP1-XAH Plug',(#9426));
#9423=APPLICATION_PROTOCOL_DEFINITION('international standard',
'automotive_design',2009,#9424);
#9424=APPLICATION_CONTEXT(
'Core Data for Automotive Mechanical Design Process');
#9425=PRODUCT_CONTEXT('part definition',#9424,'mechanical');
#9426=PRODUCT('2026-07-11-17-09-13-929','MP1-XAH Plug',$,(#9425));
#9427=PRESENTATION_STYLE_ASSIGNMENT((#9429));
#9428=PRESENTATION_STYLE_ASSIGNMENT((#9430));
#9429=SURFACE_STYLE_USAGE(.BOTH.,#9431);
#9430=SURFACE_STYLE_USAGE(.BOTH.,#9432);
#9431=SURFACE_SIDE_STYLE('',(#9433));
#9432=SURFACE_SIDE_STYLE('',(#9434));
#9433=SURFACE_STYLE_FILL_AREA(#9435);
#9434=SURFACE_STYLE_FILL_AREA(#9436);
#9435=FILL_AREA_STYLE('Steel - Satin',(#9437));
#9436=FILL_AREA_STYLE('Nylon 12 (with Formlabs Fuse 1 3D Printer)',(#9438));
#9437=FILL_AREA_STYLE_COLOUR('Steel - Satin',#9439);
#9438=FILL_AREA_STYLE_COLOUR(
'Nylon 12 (with Formlabs Fuse 1 3D Printer)',#9440);
#9439=COLOUR_RGB('Steel - Satin',0.627450980392157,0.627450980392157,0.627450980392157);
#9440=COLOUR_RGB('Nylon 12 (with Formlabs Fuse 1 3D Printer)',0.247058823529412,
0.247058823529412,0.247058823529412);
ENDSEC;
END-ISO-10303-21;
