ISO-10303-21;
HEADER;
/* Generated by software containing ST-Developer
 * from STEP Tools, Inc. (www.steptools.com) 
 */

FILE_DESCRIPTION(
/* description */ (''),
/* implementation_level */ '2;1');

FILE_NAME(
/* name */ 'AlignmentKey.step',
/* time_stamp */ '2026-07-09T09:10:35-07:00',
/* author */ (''),
/* organization */ (''),
/* preprocessor_version */ 'ST-DEVELOPER v20.1',
/* originating_system */ 'Autodesk Translation Framework v15.8.0.0',
/* authorisation */ '');

FILE_SCHEMA (('AUTOMOTIVE_DESIGN { 1 0 10303 214 3 1 1 }'));
ENDSEC;

DATA;
#10=MECHANICAL_DESIGN_GEOMETRIC_PRESENTATION_REPRESENTATION('',(#13),#2609);
#11=SHAPE_REPRESENTATION_RELATIONSHIP('SRR','None',#2616,#12);
#12=ADVANCED_BREP_SHAPE_REPRESENTATION('',(#14),#2608);
#13=STYLED_ITEM('',(#2625),#14);
#14=MANIFOLD_SOLID_BREP('Body1',#1341);
#15=ELLIPSE('',#1464,0.505553063932031,0.5);
#16=ELLIPSE('',#1465,0.505553063932031,0.5);
#17=ELLIPSE('',#1467,2.02221225572812,2.);
#18=ELLIPSE('',#1469,2.02221225572812,2.);
#19=ELLIPSE('',#1477,0.505553063932031,0.5);
#20=ELLIPSE('',#1478,0.505553063932031,0.5);
#21=ELLIPSE('',#1480,2.02221225572812,2.);
#22=ELLIPSE('',#1482,2.02221225572812,2.);
#23=ELLIPSE('',#1493,0.505553063932031,0.5);
#24=ELLIPSE('',#1494,0.505553063932031,0.5);
#25=ELLIPSE('',#1496,2.02221225572812,2.);
#26=ELLIPSE('',#1498,2.02221225572812,2.);
#27=ELLIPSE('',#1506,0.505553063932031,0.5);
#28=ELLIPSE('',#1507,0.505553063932031,0.5);
#29=ELLIPSE('',#1512,2.02221225572812,2.);
#30=ELLIPSE('',#1514,2.02221225572812,2.);
#31=SPHERICAL_SURFACE('',#1432,2.);
#32=SPHERICAL_SURFACE('',#1434,2.);
#33=SPHERICAL_SURFACE('',#1446,2.);
#34=SPHERICAL_SURFACE('',#1447,2.);
#35=B_SPLINE_SURFACE_WITH_KNOTS('',3,3,((#2027,#2028,#2029,#2030,#2031),
(#2032,#2033,#2034,#2035,#2036),(#2037,#2038,#2039,#2040,#2041),(#2042,
#2043,#2044,#2045,#2046),(#2047,#2048,#2049,#2050,#2051),(#2052,#2053,#2054,
#2055,#2056)),.UNSPECIFIED.,.F.,.F.,.F.,(4,1,1,4),(4,1,4),(0.,0.285714285714286,
0.571428571428571,1.),(0.,0.069366872401835,0.161856035604282),
 .UNSPECIFIED.);
#36=B_SPLINE_SURFACE_WITH_KNOTS('',3,3,((#2076,#2077,#2078,#2079,#2080),
(#2081,#2082,#2083,#2084,#2085),(#2086,#2087,#2088,#2089,#2090),(#2091,
#2092,#2093,#2094,#2095),(#2096,#2097,#2098,#2099,#2100),(#2101,#2102,#2103,
#2104,#2105)),.UNSPECIFIED.,.F.,.F.,.F.,(4,1,1,4),(4,1,4),(0.,0.285714285714286,
0.571428571428571,1.),(1.77566450087721E-17,0.0924878962842737,0.161853818497479),
 .UNSPECIFIED.);
#37=B_SPLINE_SURFACE_WITH_KNOTS('',3,3,((#2129,#2130,#2131,#2132,#2133),
(#2134,#2135,#2136,#2137,#2138),(#2139,#2140,#2141,#2142,#2143),(#2144,
#2145,#2146,#2147,#2148),(#2149,#2150,#2151,#2152,#2153),(#2154,#2155,#2156,
#2157,#2158)),.UNSPECIFIED.,.F.,.F.,.F.,(4,1,1,4),(4,1,4),(0.,0.285714285714286,
0.571428571428571,1.),(0.,0.069366872401835,0.161856035604282),
 .UNSPECIFIED.);
#38=B_SPLINE_SURFACE_WITH_KNOTS('',3,3,((#2178,#2179,#2180,#2181,#2182,
#2183),(#2184,#2185,#2186,#2187,#2188,#2189),(#2190,#2191,#2192,#2193,#2194,
#2195),(#2196,#2197,#2198,#2199,#2200,#2201),(#2202,#2203,#2204,#2205,#2206,
#2207),(#2208,#2209,#2210,#2211,#2212,#2213)),.UNSPECIFIED.,.F.,.F.,.F.,
(4,1,1,4),(4,1,1,4),(0.,0.285714285714286,0.571428571428571,1.),(0.,0.0693659222132053,
0.115609870355342,0.161853818497479),.UNSPECIFIED.);
#39=CYLINDRICAL_SURFACE('',#1366,1.);
#40=CYLINDRICAL_SURFACE('',#1369,1.);
#41=CYLINDRICAL_SURFACE('',#1372,1.);
#42=CYLINDRICAL_SURFACE('',#1374,1.);
#43=CYLINDRICAL_SURFACE('',#1377,1.);
#44=CYLINDRICAL_SURFACE('',#1380,1.);
#45=CYLINDRICAL_SURFACE('',#1382,8.95);
#46=CYLINDRICAL_SURFACE('',#1402,2.);
#47=CYLINDRICAL_SURFACE('',#1405,2.);
#48=CYLINDRICAL_SURFACE('',#1409,2.);
#49=CYLINDRICAL_SURFACE('',#1413,2.);
#50=CYLINDRICAL_SURFACE('',#1416,2.);
#51=CYLINDRICAL_SURFACE('',#1419,2.);
#52=CYLINDRICAL_SURFACE('',#1423,2.);
#53=CYLINDRICAL_SURFACE('',#1427,2.);
#54=CYLINDRICAL_SURFACE('',#1430,2.);
#55=CYLINDRICAL_SURFACE('',#1436,2.);
#56=CYLINDRICAL_SURFACE('',#1440,2.);
#57=CYLINDRICAL_SURFACE('',#1442,2.);
#58=CYLINDRICAL_SURFACE('',#1463,0.5);
#59=CYLINDRICAL_SURFACE('',#1468,2.);
#60=CYLINDRICAL_SURFACE('',#1471,1.75);
#61=CYLINDRICAL_SURFACE('',#1473,1.75);
#62=CYLINDRICAL_SURFACE('',#1476,0.5);
#63=CYLINDRICAL_SURFACE('',#1481,2.);
#64=CYLINDRICAL_SURFACE('',#1484,1.75);
#65=CYLINDRICAL_SURFACE('',#1486,1.75);
#66=CYLINDRICAL_SURFACE('',#1489,8.95);
#67=CYLINDRICAL_SURFACE('',#1492,0.5);
#68=CYLINDRICAL_SURFACE('',#1497,2.);
#69=CYLINDRICAL_SURFACE('',#1500,1.75);
#70=CYLINDRICAL_SURFACE('',#1502,1.75);
#71=CYLINDRICAL_SURFACE('',#1505,0.5);
#72=CYLINDRICAL_SURFACE('',#1513,2.);
#73=CYLINDRICAL_SURFACE('',#1516,1.75);
#74=CYLINDRICAL_SURFACE('',#1517,1.75);
#75=LINE('',#1979,#165);
#76=LINE('',#1987,#166);
#77=LINE('',#2025,#167);
#78=LINE('',#2026,#168);
#79=LINE('',#2074,#169);
#80=LINE('',#2075,#170);
#81=LINE('',#2120,#171);
#82=LINE('',#2121,#172);
#83=LINE('',#2127,#173);
#84=LINE('',#2128,#174);
#85=LINE('',#2176,#175);
#86=LINE('',#2177,#176);
#87=LINE('',#2230,#177);
#88=LINE('',#2231,#178);
#89=LINE('',#2237,#179);
#90=LINE('',#2259,#180);
#91=LINE('',#2263,#181);
#92=LINE('',#2267,#182);
#93=LINE('',#2271,#183);
#94=LINE('',#2293,#184);
#95=LINE('',#2302,#185);
#96=LINE('',#2317,#186);
#97=LINE('',#2320,#187);
#98=LINE('',#2332,#188);
#99=LINE('',#2348,#189);
#100=LINE('',#2353,#190);
#101=LINE('',#2355,#191);
#102=LINE('',#2358,#192);
#103=LINE('',#2359,#193);
#104=LINE('',#2365,#194);
#105=LINE('',#2367,#195);
#106=LINE('',#2370,#196);
#107=LINE('',#2386,#197);
#108=LINE('',#2400,#198);
#109=LINE('',#2404,#199);
#110=LINE('',#2405,#200);
#111=LINE('',#2407,#201);
#112=LINE('',#2415,#202);
#113=LINE('',#2434,#203);
#114=LINE('',#2436,#204);
#115=LINE('',#2438,#205);
#116=LINE('',#2444,#206);
#117=LINE('',#2446,#207);
#118=LINE('',#2448,#208);
#119=LINE('',#2456,#209);
#120=LINE('',#2458,#210);
#121=LINE('',#2460,#211);
#122=LINE('',#2468,#212);
#123=LINE('',#2470,#213);
#124=LINE('',#2472,#214);
#125=LINE('',#2479,#215);
#126=LINE('',#2482,#216);
#127=LINE('',#2485,#217);
#128=LINE('',#2488,#218);
#129=LINE('',#2489,#219);
#130=LINE('',#2493,#220);
#131=LINE('',#2496,#221);
#132=LINE('',#2497,#222);
#133=LINE('',#2498,#223);
#134=LINE('',#2502,#224);
#135=LINE('',#2506,#225);
#136=LINE('',#2513,#226);
#137=LINE('',#2516,#227);
#138=LINE('',#2519,#228);
#139=LINE('',#2522,#229);
#140=LINE('',#2523,#230);
#141=LINE('',#2527,#231);
#142=LINE('',#2530,#232);
#143=LINE('',#2531,#233);
#144=LINE('',#2532,#234);
#145=LINE('',#2538,#235);
#146=LINE('',#2542,#236);
#147=LINE('',#2550,#237);
#148=LINE('',#2553,#238);
#149=LINE('',#2556,#239);
#150=LINE('',#2559,#240);
#151=LINE('',#2560,#241);
#152=LINE('',#2564,#242);
#153=LINE('',#2567,#243);
#154=LINE('',#2568,#244);
#155=LINE('',#2569,#245);
#156=LINE('',#2580,#246);
#157=LINE('',#2583,#247);
#158=LINE('',#2586,#248);
#159=LINE('',#2590,#249);
#160=LINE('',#2593,#250);
#161=LINE('',#2595,#251);
#162=LINE('',#2599,#252);
#163=LINE('',#2601,#253);
#164=LINE('',#2602,#254);
#165=VECTOR('',#1531,10.);
#166=VECTOR('',#1538,10.);
#167=VECTOR('',#1549,10.);
#168=VECTOR('',#1550,10.);
#169=VECTOR('',#1557,10.);
#170=VECTOR('',#1558,10.);
#171=VECTOR('',#1563,10.);
#172=VECTOR('',#1564,10.);
#173=VECTOR('',#1571,10.);
#174=VECTOR('',#1572,10.);
#175=VECTOR('',#1579,10.);
#176=VECTOR('',#1580,10.);
#177=VECTOR('',#1585,10.);
#178=VECTOR('',#1586,10.);
#179=VECTOR('',#1593,10.);
#180=VECTOR('',#1596,10.);
#181=VECTOR('',#1599,10.);
#182=VECTOR('',#1602,10.);
#183=VECTOR('',#1605,10.);
#184=VECTOR('',#1608,10.);
#185=VECTOR('',#1621,10.);
#186=VECTOR('',#1640,10.);
#187=VECTOR('',#1643,10.);
#188=VECTOR('',#1646,10.);
#189=VECTOR('',#1657,10.);
#190=VECTOR('',#1664,10.);
#191=VECTOR('',#1667,10.);
#192=VECTOR('',#1670,10.);
#193=VECTOR('',#1671,10.);
#194=VECTOR('',#1676,10.);
#195=VECTOR('',#1679,10.);
#196=VECTOR('',#1682,10.);
#197=VECTOR('',#1693,10.);
#198=VECTOR('',#1700,10.);
#199=VECTOR('',#1705,10.);
#200=VECTOR('',#1706,10.);
#201=VECTOR('',#1709,10.);
#202=VECTOR('',#1722,10.);
#203=VECTOR('',#1751,10.);
#204=VECTOR('',#1752,10.);
#205=VECTOR('',#1753,10.);
#206=VECTOR('',#1760,10.);
#207=VECTOR('',#1761,10.);
#208=VECTOR('',#1762,10.);
#209=VECTOR('',#1771,10.);
#210=VECTOR('',#1772,10.);
#211=VECTOR('',#1773,10.);
#212=VECTOR('',#1782,10.);
#213=VECTOR('',#1783,10.);
#214=VECTOR('',#1784,10.);
#215=VECTOR('',#1791,10.);
#216=VECTOR('',#1794,10.);
#217=VECTOR('',#1797,10.);
#218=VECTOR('',#1800,10.);
#219=VECTOR('',#1801,10.);
#220=VECTOR('',#1806,10.);
#221=VECTOR('',#1809,10.);
#222=VECTOR('',#1810,10.);
#223=VECTOR('',#1811,10.);
#224=VECTOR('',#1816,10.);
#225=VECTOR('',#1821,10.);
#226=VECTOR('',#1828,10.);
#227=VECTOR('',#1831,10.);
#228=VECTOR('',#1834,10.);
#229=VECTOR('',#1837,10.);
#230=VECTOR('',#1838,10.);
#231=VECTOR('',#1843,10.);
#232=VECTOR('',#1846,10.);
#233=VECTOR('',#1847,10.);
#234=VECTOR('',#1848,10.);
#235=VECTOR('',#1857,10.);
#236=VECTOR('',#1862,10.);
#237=VECTOR('',#1871,10.);
#238=VECTOR('',#1874,10.);
#239=VECTOR('',#1877,10.);
#240=VECTOR('',#1880,10.);
#241=VECTOR('',#1881,10.);
#242=VECTOR('',#1886,10.);
#243=VECTOR('',#1889,10.);
#244=VECTOR('',#1890,10.);
#245=VECTOR('',#1891,10.);
#246=VECTOR('',#1906,10.);
#247=VECTOR('',#1909,10.);
#248=VECTOR('',#1912,10.);
#249=VECTOR('',#1917,10.);
#250=VECTOR('',#1920,10.);
#251=VECTOR('',#1923,10.);
#252=VECTOR('',#1928,10.);
#253=VECTOR('',#1931,10.);
#254=VECTOR('',#1932,10.);
#255=PLANE('',#1358);
#256=PLANE('',#1373);
#257=PLANE('',#1381);
#258=PLANE('',#1393);
#259=PLANE('',#1415);
#260=PLANE('',#1429);
#261=PLANE('',#1438);
#262=PLANE('',#1448);
#263=PLANE('',#1452);
#264=PLANE('',#1456);
#265=PLANE('',#1459);
#266=PLANE('',#1466);
#267=PLANE('',#1470);
#268=PLANE('',#1475);
#269=PLANE('',#1479);
#270=PLANE('',#1483);
#271=PLANE('',#1488);
#272=PLANE('',#1495);
#273=PLANE('',#1499);
#274=PLANE('',#1504);
#275=PLANE('',#1508);
#276=PLANE('',#1511);
#277=PLANE('',#1515);
#278=PLANE('',#1518);
#279=FACE_OUTER_BOUND('',#357,.T.);
#280=FACE_OUTER_BOUND('',#358,.T.);
#281=FACE_OUTER_BOUND('',#359,.T.);
#282=FACE_OUTER_BOUND('',#360,.T.);
#283=FACE_OUTER_BOUND('',#361,.T.);
#284=FACE_OUTER_BOUND('',#362,.T.);
#285=FACE_OUTER_BOUND('',#363,.T.);
#286=FACE_OUTER_BOUND('',#364,.T.);
#287=FACE_OUTER_BOUND('',#365,.T.);
#288=FACE_OUTER_BOUND('',#366,.T.);
#289=FACE_OUTER_BOUND('',#367,.T.);
#290=FACE_OUTER_BOUND('',#368,.T.);
#291=FACE_OUTER_BOUND('',#369,.T.);
#292=FACE_OUTER_BOUND('',#370,.T.);
#293=FACE_OUTER_BOUND('',#371,.T.);
#294=FACE_OUTER_BOUND('',#372,.T.);
#295=FACE_OUTER_BOUND('',#373,.T.);
#296=FACE_OUTER_BOUND('',#374,.T.);
#297=FACE_OUTER_BOUND('',#375,.T.);
#298=FACE_OUTER_BOUND('',#376,.T.);
#299=FACE_OUTER_BOUND('',#377,.T.);
#300=FACE_OUTER_BOUND('',#378,.T.);
#301=FACE_OUTER_BOUND('',#379,.T.);
#302=FACE_OUTER_BOUND('',#380,.T.);
#303=FACE_OUTER_BOUND('',#381,.T.);
#304=FACE_OUTER_BOUND('',#382,.T.);
#305=FACE_OUTER_BOUND('',#383,.T.);
#306=FACE_OUTER_BOUND('',#384,.T.);
#307=FACE_OUTER_BOUND('',#385,.T.);
#308=FACE_OUTER_BOUND('',#386,.T.);
#309=FACE_OUTER_BOUND('',#387,.T.);
#310=FACE_OUTER_BOUND('',#388,.T.);
#311=FACE_OUTER_BOUND('',#389,.T.);
#312=FACE_OUTER_BOUND('',#390,.T.);
#313=FACE_OUTER_BOUND('',#391,.T.);
#314=FACE_OUTER_BOUND('',#392,.T.);
#315=FACE_OUTER_BOUND('',#393,.T.);
#316=FACE_OUTER_BOUND('',#394,.T.);
#317=FACE_OUTER_BOUND('',#395,.T.);
#318=FACE_OUTER_BOUND('',#396,.T.);
#319=FACE_OUTER_BOUND('',#397,.T.);
#320=FACE_OUTER_BOUND('',#398,.T.);
#321=FACE_OUTER_BOUND('',#399,.T.);
#322=FACE_OUTER_BOUND('',#400,.T.);
#323=FACE_OUTER_BOUND('',#401,.T.);
#324=FACE_OUTER_BOUND('',#402,.T.);
#325=FACE_OUTER_BOUND('',#403,.T.);
#326=FACE_OUTER_BOUND('',#404,.T.);
#327=FACE_OUTER_BOUND('',#405,.T.);
#328=FACE_OUTER_BOUND('',#406,.T.);
#329=FACE_OUTER_BOUND('',#407,.T.);
#330=FACE_OUTER_BOUND('',#408,.T.);
#331=FACE_OUTER_BOUND('',#409,.T.);
#332=FACE_OUTER_BOUND('',#410,.T.);
#333=FACE_OUTER_BOUND('',#411,.T.);
#334=FACE_OUTER_BOUND('',#412,.T.);
#335=FACE_OUTER_BOUND('',#413,.T.);
#336=FACE_OUTER_BOUND('',#414,.T.);
#337=FACE_OUTER_BOUND('',#415,.T.);
#338=FACE_OUTER_BOUND('',#416,.T.);
#339=FACE_OUTER_BOUND('',#417,.T.);
#340=FACE_OUTER_BOUND('',#418,.T.);
#341=FACE_OUTER_BOUND('',#419,.T.);
#342=FACE_OUTER_BOUND('',#420,.T.);
#343=FACE_OUTER_BOUND('',#421,.T.);
#344=FACE_OUTER_BOUND('',#422,.T.);
#345=FACE_OUTER_BOUND('',#423,.T.);
#346=FACE_OUTER_BOUND('',#424,.T.);
#347=FACE_OUTER_BOUND('',#425,.T.);
#348=FACE_OUTER_BOUND('',#426,.T.);
#349=FACE_OUTER_BOUND('',#427,.T.);
#350=FACE_OUTER_BOUND('',#428,.T.);
#351=FACE_OUTER_BOUND('',#429,.T.);
#352=FACE_OUTER_BOUND('',#430,.T.);
#353=FACE_OUTER_BOUND('',#431,.T.);
#354=FACE_OUTER_BOUND('',#432,.T.);
#355=FACE_OUTER_BOUND('',#433,.T.);
#356=FACE_OUTER_BOUND('',#434,.T.);
#357=EDGE_LOOP('',(#853,#854,#855,#856));
#358=EDGE_LOOP('',(#857,#858,#859,#860,#861,#862,#863,#864));
#359=EDGE_LOOP('',(#865,#866,#867,#868));
#360=EDGE_LOOP('',(#869,#870,#871,#872,#873));
#361=EDGE_LOOP('',(#874,#875,#876,#877));
#362=EDGE_LOOP('',(#878,#879,#880,#881));
#363=EDGE_LOOP('',(#882,#883,#884,#885));
#364=EDGE_LOOP('',(#886,#887,#888,#889,#890));
#365=EDGE_LOOP('',(#891,#892,#893,#894,#895,#896));
#366=EDGE_LOOP('',(#897,#898,#899,#900,#901));
#367=EDGE_LOOP('',(#902,#903,#904,#905));
#368=EDGE_LOOP('',(#906,#907,#908,#909));
#369=EDGE_LOOP('',(#910,#911,#912,#913));
#370=EDGE_LOOP('',(#914,#915,#916,#917,#918));
#371=EDGE_LOOP('',(#919,#920,#921,#922,#923,#924));
#372=EDGE_LOOP('',(#925,#926,#927,#928,#929,#930,#931,#932,#933,#934,#935,
#936,#937,#938,#939,#940,#941,#942,#943,#944));
#373=EDGE_LOOP('',(#945,#946,#947,#948));
#374=EDGE_LOOP('',(#949,#950,#951,#952));
#375=EDGE_LOOP('',(#953,#954,#955,#956));
#376=EDGE_LOOP('',(#957,#958,#959,#960));
#377=EDGE_LOOP('',(#961,#962,#963,#964));
#378=EDGE_LOOP('',(#965,#966,#967,#968));
#379=EDGE_LOOP('',(#969,#970,#971));
#380=EDGE_LOOP('',(#972,#973,#974,#975));
#381=EDGE_LOOP('',(#976,#977,#978));
#382=EDGE_LOOP('',(#979,#980,#981,#982));
#383=EDGE_LOOP('',(#983,#984,#985,#986,#987,#988));
#384=EDGE_LOOP('',(#989,#990,#991,#992));
#385=EDGE_LOOP('',(#993,#994,#995,#996));
#386=EDGE_LOOP('',(#997,#998,#999));
#387=EDGE_LOOP('',(#1000,#1001,#1002,#1003));
#388=EDGE_LOOP('',(#1004,#1005,#1006));
#389=EDGE_LOOP('',(#1007,#1008,#1009,#1010));
#390=EDGE_LOOP('',(#1011,#1012,#1013,#1014,#1015,#1016));
#391=EDGE_LOOP('',(#1017,#1018,#1019,#1020));
#392=EDGE_LOOP('',(#1021,#1022,#1023));
#393=EDGE_LOOP('',(#1024,#1025,#1026));
#394=EDGE_LOOP('',(#1027,#1028,#1029,#1030));
#395=EDGE_LOOP('',(#1031,#1032,#1033,#1034));
#396=EDGE_LOOP('',(#1035,#1036,#1037,#1038));
#397=EDGE_LOOP('',(#1039,#1040,#1041,#1042));
#398=EDGE_LOOP('',(#1043,#1044,#1045,#1046));
#399=EDGE_LOOP('',(#1047,#1048,#1049));
#400=EDGE_LOOP('',(#1050,#1051,#1052));
#401=EDGE_LOOP('',(#1053,#1054,#1055,#1056,#1057,#1058));
#402=EDGE_LOOP('',(#1059,#1060,#1061,#1062,#1063,#1064,#1065,#1066));
#403=EDGE_LOOP('',(#1067,#1068,#1069,#1070,#1071,#1072));
#404=EDGE_LOOP('',(#1073,#1074,#1075,#1076,#1077,#1078,#1079,#1080));
#405=EDGE_LOOP('',(#1081,#1082,#1083,#1084));
#406=EDGE_LOOP('',(#1085,#1086,#1087,#1088,#1089,#1090));
#407=EDGE_LOOP('',(#1091,#1092,#1093,#1094));
#408=EDGE_LOOP('',(#1095,#1096,#1097,#1098,#1099,#1100));
#409=EDGE_LOOP('',(#1101,#1102,#1103,#1104));
#410=EDGE_LOOP('',(#1105,#1106,#1107,#1108));
#411=EDGE_LOOP('',(#1109,#1110,#1111,#1112));
#412=EDGE_LOOP('',(#1113,#1114,#1115,#1116));
#413=EDGE_LOOP('',(#1117,#1118,#1119,#1120,#1121,#1122));
#414=EDGE_LOOP('',(#1123,#1124,#1125,#1126));
#415=EDGE_LOOP('',(#1127,#1128,#1129,#1130,#1131,#1132));
#416=EDGE_LOOP('',(#1133,#1134,#1135,#1136));
#417=EDGE_LOOP('',(#1137,#1138,#1139,#1140));
#418=EDGE_LOOP('',(#1141,#1142,#1143,#1144));
#419=EDGE_LOOP('',(#1145,#1146,#1147,#1148,#1149,#1150,#1151,#1152,#1153,
#1154,#1155,#1156,#1157,#1158,#1159,#1160,#1161,#1162,#1163,#1164));
#420=EDGE_LOOP('',(#1165,#1166,#1167,#1168));
#421=EDGE_LOOP('',(#1169,#1170,#1171,#1172,#1173,#1174));
#422=EDGE_LOOP('',(#1175,#1176,#1177,#1178));
#423=EDGE_LOOP('',(#1179,#1180,#1181,#1182,#1183,#1184));
#424=EDGE_LOOP('',(#1185,#1186,#1187,#1188));
#425=EDGE_LOOP('',(#1189,#1190,#1191,#1192));
#426=EDGE_LOOP('',(#1193,#1194,#1195,#1196));
#427=EDGE_LOOP('',(#1197,#1198,#1199,#1200));
#428=EDGE_LOOP('',(#1201,#1202,#1203,#1204,#1205,#1206,#1207,#1208,#1209,
#1210,#1211,#1212,#1213,#1214,#1215,#1216,#1217,#1218,#1219,#1220,#1221,
#1222,#1223,#1224));
#429=EDGE_LOOP('',(#1225,#1226,#1227,#1228,#1229,#1230));
#430=EDGE_LOOP('',(#1231,#1232,#1233,#1234));
#431=EDGE_LOOP('',(#1235,#1236,#1237,#1238,#1239,#1240));
#432=EDGE_LOOP('',(#1241,#1242,#1243,#1244));
#433=EDGE_LOOP('',(#1245,#1246,#1247,#1248));
#434=EDGE_LOOP('',(#1249,#1250,#1251,#1252));
#435=CIRCLE('',#1356,7.95);
#436=CIRCLE('',#1357,8.95);
#437=CIRCLE('',#1359,1.);
#438=CIRCLE('',#1360,1.);
#439=CIRCLE('',#1361,7.95);
#440=CIRCLE('',#1362,1.);
#441=CIRCLE('',#1363,1.);
#442=CIRCLE('',#1365,8.95);
#443=CIRCLE('',#1367,1.);
#444=CIRCLE('',#1368,1.);
#445=CIRCLE('',#1370,1.);
#446=CIRCLE('',#1371,1.);
#447=CIRCLE('',#1375,1.);
#448=CIRCLE('',#1376,1.);
#449=CIRCLE('',#1378,1.);
#450=CIRCLE('',#1379,1.);
#451=CIRCLE('',#1383,8.95);
#452=CIRCLE('',#1384,8.95);
#453=CIRCLE('',#1385,8.95);
#454=CIRCLE('',#1386,8.95);
#455=CIRCLE('',#1387,8.95);
#456=CIRCLE('',#1388,8.95);
#457=CIRCLE('',#1389,8.95);
#458=CIRCLE('',#1391,6.95);
#459=CIRCLE('',#1392,2.);
#460=CIRCLE('',#1394,6.95);
#461=CIRCLE('',#1396,8.95);
#462=CIRCLE('',#1397,2.);
#463=CIRCLE('',#1399,6.95);
#464=CIRCLE('',#1400,2.);
#465=CIRCLE('',#1401,8.95);
#466=CIRCLE('',#1403,2.);
#467=CIRCLE('',#1404,2.);
#468=CIRCLE('',#1406,2.);
#469=CIRCLE('',#1408,2.);
#470=CIRCLE('',#1410,2.);
#471=CIRCLE('',#1412,2.);
#472=CIRCLE('',#1414,2.);
#473=CIRCLE('',#1417,2.);
#474=CIRCLE('',#1418,2.);
#475=CIRCLE('',#1420,2.);
#476=CIRCLE('',#1422,2.);
#477=CIRCLE('',#1424,2.);
#478=CIRCLE('',#1426,2.);
#479=CIRCLE('',#1428,2.);
#480=CIRCLE('',#1431,2.);
#481=CIRCLE('',#1433,2.);
#482=CIRCLE('',#1435,2.);
#483=CIRCLE('',#1437,2.);
#484=CIRCLE('',#1439,6.95);
#485=CIRCLE('',#1441,2.);
#486=CIRCLE('',#1443,2.);
#487=CIRCLE('',#1445,2.);
#488=CIRCLE('',#1449,8.95);
#489=CIRCLE('',#1450,1.75);
#490=CIRCLE('',#1451,1.75);
#491=CIRCLE('',#1453,1.75);
#492=CIRCLE('',#1454,1.75);
#493=CIRCLE('',#1455,8.95);
#494=CIRCLE('',#1457,1.75);
#495=CIRCLE('',#1458,1.75);
#496=CIRCLE('',#1460,8.95);
#497=CIRCLE('',#1461,1.75);
#498=CIRCLE('',#1462,1.75);
#499=CIRCLE('',#1472,1.75);
#500=CIRCLE('',#1474,1.75);
#501=CIRCLE('',#1485,1.75);
#502=CIRCLE('',#1487,1.75);
#503=CIRCLE('',#1490,8.95);
#504=CIRCLE('',#1491,8.95);
#505=CIRCLE('',#1501,1.75);
#506=CIRCLE('',#1503,1.75);
#507=CIRCLE('',#1509,1.75);
#508=CIRCLE('',#1510,1.75);
#509=B_SPLINE_CURVE_WITH_KNOTS('',3,(#1943,#1944,#1945,#1946,#1947,#1948,
#1949,#1950,#1951,#1952,#1953,#1954,#1955,#1956),.UNSPECIFIED.,.F.,.F.,
(4,2,2,2,2,2,4),(0.186192231582634,0.214756346348217,0.247908463269482,
0.291761207017509,0.335873877365101,0.382167176106272,0.382813520109043),
 .UNSPECIFIED.);
#510=B_SPLINE_CURVE_WITH_KNOTS('',3,(#1960,#1961,#1962,#1963,#1964,#1965,
#1966,#1967,#1968,#1969,#1970,#1971,#1972,#1973),.UNSPECIFIED.,.F.,.F.,
(4,2,2,2,2,2,4),(-0.000647505354349969,0.,0.046376478586543,0.0905684106241582,
0.134499949025838,0.16771163370381,0.196327072499255),.UNSPECIFIED.);
#511=B_SPLINE_CURVE_WITH_KNOTS('',3,(#1991,#1992,#1993,#1994,#1995,#1996,
#1997,#1998,#1999,#2000,#2001,#2002,#2003,#2004),.UNSPECIFIED.,.F.,.F.,
(4,2,2,2,2,2,4),(0.18619223158281,0.214756346348418,0.247908463269708,0.29176120701778,
0.335873877365405,0.382167176106621,0.382813520109354),.UNSPECIFIED.);
#512=B_SPLINE_CURVE_WITH_KNOTS('',3,(#2006,#2007,#2008,#2009,#2010,#2011,
#2012,#2013,#2014,#2015,#2016,#2017,#2018,#2019),.UNSPECIFIED.,.F.,.F.,
(4,2,2,2,2,2,4),(-0.000647505354281048,0.,0.0463764785864703,0.0905684106240818,
0.134499949025768,0.16771163370374,0.196327072499186),.UNSPECIFIED.);
#513=B_SPLINE_CURVE_WITH_KNOTS('',3,(#2060,#2061,#2062,#2063,#2064),
 .UNSPECIFIED.,.F.,.F.,(4,1,4),(-0.161856035604282,-0.069366872401835,0.),
 .UNSPECIFIED.);
#514=B_SPLINE_CURVE_WITH_KNOTS('',3,(#2065,#2066,#2067,#2068,#2069),
 .UNSPECIFIED.,.F.,.F.,(4,1,4),(0.,0.069366872401835,0.161856035604282),
 .UNSPECIFIED.);
#515=B_SPLINE_CURVE_WITH_KNOTS('',3,(#2109,#2110,#2111,#2112,#2113),
 .UNSPECIFIED.,.F.,.F.,(4,1,4),(-0.161853818497479,-0.0924878962842737,
-1.77566450087721E-17),.UNSPECIFIED.);
#516=B_SPLINE_CURVE_WITH_KNOTS('',3,(#2114,#2115,#2116,#2117,#2118),
 .UNSPECIFIED.,.F.,.F.,(4,1,4),(1.77566450087721E-17,0.0924878962842737,
0.161853818497479),.UNSPECIFIED.);
#517=B_SPLINE_CURVE_WITH_KNOTS('',3,(#2162,#2163,#2164,#2165,#2166),
 .UNSPECIFIED.,.F.,.F.,(4,1,4),(-0.161856035604282,-0.069366872401835,0.),
 .UNSPECIFIED.);
#518=B_SPLINE_CURVE_WITH_KNOTS('',3,(#2167,#2168,#2169,#2170,#2171),
 .UNSPECIFIED.,.F.,.F.,(4,1,4),(0.,0.069366872401835,0.161856035604282),
 .UNSPECIFIED.);
#519=B_SPLINE_CURVE_WITH_KNOTS('',3,(#2217,#2218,#2219,#2220,#2221,#2222),
 .UNSPECIFIED.,.F.,.F.,(4,1,1,4),(-0.161853818497479,-0.115609870355342,
-0.0693659222132053,0.),.UNSPECIFIED.);
#520=B_SPLINE_CURVE_WITH_KNOTS('',3,(#2223,#2224,#2225,#2226,#2227,#2228),
 .UNSPECIFIED.,.F.,.F.,(4,1,1,4),(0.,0.0693659222132053,0.115609870355342,
0.161853818497479),.UNSPECIFIED.);
#521=B_SPLINE_CURVE_WITH_KNOTS('',3,(#2239,#2240,#2241,#2242,#2243,#2244,
#2245,#2246),.UNSPECIFIED.,.F.,.F.,(4,2,2,4),(1.32254421382063,1.363779964004,
1.5343170739902,1.53503478434185),.UNSPECIFIED.);
#522=B_SPLINE_CURVE_WITH_KNOTS('',3,(#2248,#2249,#2250,#2251,#2252,#2253,
#2254,#2255),.UNSPECIFIED.,.F.,.F.,(4,2,2,4),(2.05362658277264,2.0976131491905,
2.24721365874045,2.25755467350553),.UNSPECIFIED.);
#523=B_SPLINE_CURVE_WITH_KNOTS('',3,(#2275,#2276,#2277,#2278,#2279,#2280,
#2281,#2282),.UNSPECIFIED.,.F.,.F.,(4,2,2,4),(1.0400685675758,1.05040958234088,
1.20001009189083,1.24399665830869),.UNSPECIFIED.);
#524=B_SPLINE_CURVE_WITH_KNOTS('',3,(#2284,#2285,#2286,#2287,#2288,#2289,
#2290,#2291),.UNSPECIFIED.,.F.,.F.,(4,2,2,4),(-0.000717710352741031,0.,
0.170537134255788,0.211772892200169),.UNSPECIFIED.);
#525=B_SPLINE_CURVE_WITH_KNOTS('',3,(#2323,#2324,#2325,#2326,#2327,#2328,
#2329,#2330),.UNSPECIFIED.,.F.,.F.,(4,2,2,4),(1.0400685675758,1.05040958234088,
1.20001009189083,1.24399665830869),.UNSPECIFIED.);
#526=B_SPLINE_CURVE_WITH_KNOTS('',3,(#2336,#2337,#2338,#2339,#2340,#2341,
#2342,#2343),.UNSPECIFIED.,.F.,.F.,(4,2,2,4),(-0.000717710353390451,0.,
0.170537151654582,0.211772915162784),.UNSPECIFIED.);
#527=B_SPLINE_CURVE_WITH_KNOTS('',3,(#2376,#2377,#2378,#2379,#2380,#2381,
#2382,#2383),.UNSPECIFIED.,.F.,.F.,(4,2,2,4),(2.05362658277264,2.0976131491905,
2.24721365874045,2.25755467350553),.UNSPECIFIED.);
#528=B_SPLINE_CURVE_WITH_KNOTS('',3,(#2389,#2390,#2391,#2392,#2393,#2394,
#2395,#2396),.UNSPECIFIED.,.F.,.F.,(4,2,2,4),(1.32254361714951,1.36377934812524,
1.53431639804659,1.53503410839602),.UNSPECIFIED.);
#529=VERTEX_POINT('',#1941);
#530=VERTEX_POINT('',#1942);
#531=VERTEX_POINT('',#1957);
#532=VERTEX_POINT('',#1959);
#533=VERTEX_POINT('',#1976);
#534=VERTEX_POINT('',#1978);
#535=VERTEX_POINT('',#1980);
#536=VERTEX_POINT('',#1982);
#537=VERTEX_POINT('',#1984);
#538=VERTEX_POINT('',#1986);
#539=VERTEX_POINT('',#1990);
#540=VERTEX_POINT('',#2005);
#541=VERTEX_POINT('',#2022);
#542=VERTEX_POINT('',#2023);
#543=VERTEX_POINT('',#2057);
#544=VERTEX_POINT('',#2058);
#545=VERTEX_POINT('',#2071);
#546=VERTEX_POINT('',#2072);
#547=VERTEX_POINT('',#2106);
#548=VERTEX_POINT('',#2107);
#549=VERTEX_POINT('',#2124);
#550=VERTEX_POINT('',#2125);
#551=VERTEX_POINT('',#2159);
#552=VERTEX_POINT('',#2160);
#553=VERTEX_POINT('',#2173);
#554=VERTEX_POINT('',#2174);
#555=VERTEX_POINT('',#2214);
#556=VERTEX_POINT('',#2215);
#557=VERTEX_POINT('',#2234);
#558=VERTEX_POINT('',#2236);
#559=VERTEX_POINT('',#2238);
#560=VERTEX_POINT('',#2247);
#561=VERTEX_POINT('',#2256);
#562=VERTEX_POINT('',#2258);
#563=VERTEX_POINT('',#2260);
#564=VERTEX_POINT('',#2262);
#565=VERTEX_POINT('',#2264);
#566=VERTEX_POINT('',#2266);
#567=VERTEX_POINT('',#2268);
#568=VERTEX_POINT('',#2270);
#569=VERTEX_POINT('',#2272);
#570=VERTEX_POINT('',#2274);
#571=VERTEX_POINT('',#2283);
#572=VERTEX_POINT('',#2292);
#573=VERTEX_POINT('',#2296);
#574=VERTEX_POINT('',#2300);
#575=VERTEX_POINT('',#2304);
#576=VERTEX_POINT('',#2308);
#577=VERTEX_POINT('',#2310);
#578=VERTEX_POINT('',#2314);
#579=VERTEX_POINT('',#2316);
#580=VERTEX_POINT('',#2318);
#581=VERTEX_POINT('',#2322);
#582=VERTEX_POINT('',#2331);
#583=VERTEX_POINT('',#2335);
#584=VERTEX_POINT('',#2346);
#585=VERTEX_POINT('',#2352);
#586=VERTEX_POINT('',#2357);
#587=VERTEX_POINT('',#2361);
#588=VERTEX_POINT('',#2362);
#589=VERTEX_POINT('',#2364);
#590=VERTEX_POINT('',#2369);
#591=VERTEX_POINT('',#2375);
#592=VERTEX_POINT('',#2384);
#593=VERTEX_POINT('',#2388);
#594=VERTEX_POINT('',#2399);
#595=VERTEX_POINT('',#2403);
#596=VERTEX_POINT('',#2414);
#597=VERTEX_POINT('',#2428);
#598=VERTEX_POINT('',#2429);
#599=VERTEX_POINT('',#2431);
#600=VERTEX_POINT('',#2433);
#601=VERTEX_POINT('',#2435);
#602=VERTEX_POINT('',#2437);
#603=VERTEX_POINT('',#2441);
#604=VERTEX_POINT('',#2443);
#605=VERTEX_POINT('',#2445);
#606=VERTEX_POINT('',#2447);
#607=VERTEX_POINT('',#2449);
#608=VERTEX_POINT('',#2453);
#609=VERTEX_POINT('',#2455);
#610=VERTEX_POINT('',#2457);
#611=VERTEX_POINT('',#2459);
#612=VERTEX_POINT('',#2463);
#613=VERTEX_POINT('',#2465);
#614=VERTEX_POINT('',#2467);
#615=VERTEX_POINT('',#2469);
#616=VERTEX_POINT('',#2471);
#617=VERTEX_POINT('',#2475);
#618=VERTEX_POINT('',#2476);
#619=VERTEX_POINT('',#2478);
#620=VERTEX_POINT('',#2480);
#621=VERTEX_POINT('',#2484);
#622=VERTEX_POINT('',#2487);
#623=VERTEX_POINT('',#2491);
#624=VERTEX_POINT('',#2495);
#625=VERTEX_POINT('',#2500);
#626=VERTEX_POINT('',#2504);
#627=VERTEX_POINT('',#2509);
#628=VERTEX_POINT('',#2510);
#629=VERTEX_POINT('',#2512);
#630=VERTEX_POINT('',#2514);
#631=VERTEX_POINT('',#2518);
#632=VERTEX_POINT('',#2521);
#633=VERTEX_POINT('',#2525);
#634=VERTEX_POINT('',#2529);
#635=VERTEX_POINT('',#2536);
#636=VERTEX_POINT('',#2541);
#637=VERTEX_POINT('',#2546);
#638=VERTEX_POINT('',#2547);
#639=VERTEX_POINT('',#2549);
#640=VERTEX_POINT('',#2551);
#641=VERTEX_POINT('',#2555);
#642=VERTEX_POINT('',#2558);
#643=VERTEX_POINT('',#2562);
#644=VERTEX_POINT('',#2566);
#645=VERTEX_POINT('',#2576);
#646=VERTEX_POINT('',#2577);
#647=VERTEX_POINT('',#2579);
#648=VERTEX_POINT('',#2581);
#649=VERTEX_POINT('',#2585);
#650=VERTEX_POINT('',#2588);
#651=VERTEX_POINT('',#2592);
#652=VERTEX_POINT('',#2597);
#653=EDGE_CURVE('',#529,#530,#509,.F.);
#654=EDGE_CURVE('',#530,#531,#435,.T.);
#655=EDGE_CURVE('',#531,#532,#510,.F.);
#656=EDGE_CURVE('',#532,#529,#436,.T.);
#657=EDGE_CURVE('',#533,#530,#437,.F.);
#658=EDGE_CURVE('',#534,#533,#75,.T.);
#659=EDGE_CURVE('',#535,#534,#438,.F.);
#660=EDGE_CURVE('',#536,#535,#439,.T.);
#661=EDGE_CURVE('',#537,#536,#440,.F.);
#662=EDGE_CURVE('',#538,#537,#76,.T.);
#663=EDGE_CURVE('',#531,#538,#441,.F.);
#664=EDGE_CURVE('',#539,#536,#511,.F.);
#665=EDGE_CURVE('',#535,#540,#512,.F.);
#666=EDGE_CURVE('',#540,#539,#442,.T.);
#667=EDGE_CURVE('',#541,#542,#443,.T.);
#668=EDGE_CURVE('',#542,#540,#77,.T.);
#669=EDGE_CURVE('',#534,#541,#78,.T.);
#670=EDGE_CURVE('',#543,#544,#444,.T.);
#671=EDGE_CURVE('',#544,#542,#513,.T.);
#672=EDGE_CURVE('',#541,#543,#514,.T.);
#673=EDGE_CURVE('',#545,#546,#445,.T.);
#674=EDGE_CURVE('',#546,#544,#79,.T.);
#675=EDGE_CURVE('',#543,#545,#80,.T.);
#676=EDGE_CURVE('',#547,#548,#446,.T.);
#677=EDGE_CURVE('',#548,#546,#515,.T.);
#678=EDGE_CURVE('',#545,#547,#516,.T.);
#679=EDGE_CURVE('',#529,#548,#81,.T.);
#680=EDGE_CURVE('',#547,#533,#82,.T.);
#681=EDGE_CURVE('',#549,#550,#447,.T.);
#682=EDGE_CURVE('',#550,#532,#83,.T.);
#683=EDGE_CURVE('',#538,#549,#84,.T.);
#684=EDGE_CURVE('',#551,#552,#448,.T.);
#685=EDGE_CURVE('',#552,#550,#517,.T.);
#686=EDGE_CURVE('',#549,#551,#518,.T.);
#687=EDGE_CURVE('',#553,#554,#449,.T.);
#688=EDGE_CURVE('',#554,#552,#85,.T.);
#689=EDGE_CURVE('',#551,#553,#86,.T.);
#690=EDGE_CURVE('',#555,#556,#450,.T.);
#691=EDGE_CURVE('',#556,#554,#519,.T.);
#692=EDGE_CURVE('',#553,#555,#520,.T.);
#693=EDGE_CURVE('',#539,#556,#87,.T.);
#694=EDGE_CURVE('',#555,#537,#88,.T.);
#695=EDGE_CURVE('',#557,#542,#451,.T.);
#696=EDGE_CURVE('',#558,#557,#89,.T.);
#697=EDGE_CURVE('',#558,#559,#521,.F.);
#698=EDGE_CURVE('',#559,#560,#522,.F.);
#699=EDGE_CURVE('',#561,#560,#452,.T.);
#700=EDGE_CURVE('',#562,#561,#90,.T.);
#701=EDGE_CURVE('',#562,#563,#453,.T.);
#702=EDGE_CURVE('',#564,#563,#91,.T.);
#703=EDGE_CURVE('',#565,#564,#454,.T.);
#704=EDGE_CURVE('',#566,#565,#92,.T.);
#705=EDGE_CURVE('',#566,#567,#455,.T.);
#706=EDGE_CURVE('',#568,#567,#93,.T.);
#707=EDGE_CURVE('',#569,#568,#456,.T.);
#708=EDGE_CURVE('',#570,#569,#523,.T.);
#709=EDGE_CURVE('',#571,#570,#524,.T.);
#710=EDGE_CURVE('',#572,#571,#94,.T.);
#711=EDGE_CURVE('',#556,#572,#457,.T.);
#712=EDGE_CURVE('',#544,#573,#458,.T.);
#713=EDGE_CURVE('',#573,#557,#459,.T.);
#714=EDGE_CURVE('',#574,#546,#460,.T.);
#715=EDGE_CURVE('',#573,#574,#95,.T.);
#716=EDGE_CURVE('',#548,#575,#461,.T.);
#717=EDGE_CURVE('',#575,#574,#462,.T.);
#718=EDGE_CURVE('',#552,#576,#463,.T.);
#719=EDGE_CURVE('',#576,#577,#464,.T.);
#720=EDGE_CURVE('',#577,#550,#465,.T.);
#721=EDGE_CURVE('',#560,#578,#466,.T.);
#722=EDGE_CURVE('',#578,#579,#96,.T.);
#723=EDGE_CURVE('',#579,#580,#467,.T.);
#724=EDGE_CURVE('',#580,#560,#97,.T.);
#725=EDGE_CURVE('',#581,#580,#525,.T.);
#726=EDGE_CURVE('',#579,#582,#98,.T.);
#727=EDGE_CURVE('',#582,#581,#468,.T.);
#728=EDGE_CURVE('',#583,#581,#526,.T.);
#729=EDGE_CURVE('',#582,#583,#469,.T.);
#730=EDGE_CURVE('',#559,#584,#470,.T.);
#731=EDGE_CURVE('',#584,#578,#99,.T.);
#732=EDGE_CURVE('',#558,#584,#471,.T.);
#733=EDGE_CURVE('',#582,#585,#100,.T.);
#734=EDGE_CURVE('',#585,#575,#472,.T.);
#735=EDGE_CURVE('',#575,#583,#101,.T.);
#736=EDGE_CURVE('',#586,#584,#102,.T.);
#737=EDGE_CURVE('',#585,#586,#103,.T.);
#738=EDGE_CURVE('',#587,#588,#473,.T.);
#739=EDGE_CURVE('',#588,#589,#104,.T.);
#740=EDGE_CURVE('',#589,#569,#474,.T.);
#741=EDGE_CURVE('',#569,#587,#105,.T.);
#742=EDGE_CURVE('',#589,#590,#106,.T.);
#743=EDGE_CURVE('',#590,#570,#475,.T.);
#744=EDGE_CURVE('',#590,#571,#476,.T.);
#745=EDGE_CURVE('',#591,#587,#527,.F.);
#746=EDGE_CURVE('',#591,#592,#477,.T.);
#747=EDGE_CURVE('',#592,#588,#107,.T.);
#748=EDGE_CURVE('',#593,#591,#528,.F.);
#749=EDGE_CURVE('',#593,#592,#478,.T.);
#750=EDGE_CURVE('',#590,#594,#108,.T.);
#751=EDGE_CURVE('',#594,#572,#479,.T.);
#752=EDGE_CURVE('',#595,#592,#109,.T.);
#753=EDGE_CURVE('',#594,#595,#110,.T.);
#754=EDGE_CURVE('',#593,#577,#111,.T.);
#755=EDGE_CURVE('',#577,#595,#480,.T.);
#756=EDGE_CURVE('',#576,#595,#481,.T.);
#757=EDGE_CURVE('',#585,#574,#482,.T.);
#758=EDGE_CURVE('',#576,#596,#112,.T.);
#759=EDGE_CURVE('',#594,#596,#483,.T.);
#760=EDGE_CURVE('',#596,#554,#484,.T.);
#761=EDGE_CURVE('',#573,#586,#485,.T.);
#762=EDGE_CURVE('',#557,#586,#486,.T.);
#763=EDGE_CURVE('',#572,#596,#487,.T.);
#764=EDGE_CURVE('',#597,#598,#488,.T.);
#765=EDGE_CURVE('',#599,#598,#489,.T.);
#766=EDGE_CURVE('',#599,#600,#113,.T.);
#767=EDGE_CURVE('',#601,#600,#114,.T.);
#768=EDGE_CURVE('',#601,#602,#115,.T.);
#769=EDGE_CURVE('',#597,#602,#490,.T.);
#770=EDGE_CURVE('',#603,#568,#491,.T.);
#771=EDGE_CURVE('',#603,#604,#116,.T.);
#772=EDGE_CURVE('',#605,#604,#117,.T.);
#773=EDGE_CURVE('',#605,#606,#118,.T.);
#774=EDGE_CURVE('',#607,#606,#492,.T.);
#775=EDGE_CURVE('',#607,#587,#493,.T.);
#776=EDGE_CURVE('',#608,#564,#494,.T.);
#777=EDGE_CURVE('',#608,#609,#119,.T.);
#778=EDGE_CURVE('',#610,#609,#120,.T.);
#779=EDGE_CURVE('',#610,#611,#121,.T.);
#780=EDGE_CURVE('',#565,#611,#495,.T.);
#781=EDGE_CURVE('',#580,#612,#496,.T.);
#782=EDGE_CURVE('',#613,#612,#497,.T.);
#783=EDGE_CURVE('',#613,#614,#122,.T.);
#784=EDGE_CURVE('',#615,#614,#123,.T.);
#785=EDGE_CURVE('',#615,#616,#124,.T.);
#786=EDGE_CURVE('',#561,#616,#498,.T.);
#787=EDGE_CURVE('',#617,#618,#15,.T.);
#788=EDGE_CURVE('',#618,#619,#125,.T.);
#789=EDGE_CURVE('',#619,#620,#16,.T.);
#790=EDGE_CURVE('',#620,#617,#126,.T.);
#791=EDGE_CURVE('',#619,#621,#127,.T.);
#792=EDGE_CURVE('',#600,#621,#17,.T.);
#793=EDGE_CURVE('',#622,#599,#128,.T.);
#794=EDGE_CURVE('',#620,#622,#129,.T.);
#795=EDGE_CURVE('',#623,#601,#18,.T.);
#796=EDGE_CURVE('',#621,#623,#130,.T.);
#797=EDGE_CURVE('',#617,#624,#131,.T.);
#798=EDGE_CURVE('',#602,#624,#132,.T.);
#799=EDGE_CURVE('',#618,#623,#133,.T.);
#800=EDGE_CURVE('',#624,#625,#499,.T.);
#801=EDGE_CURVE('',#625,#597,#134,.T.);
#802=EDGE_CURVE('',#626,#622,#500,.T.);
#803=EDGE_CURVE('',#598,#626,#135,.T.);
#804=EDGE_CURVE('',#627,#628,#19,.T.);
#805=EDGE_CURVE('',#628,#629,#136,.T.);
#806=EDGE_CURVE('',#629,#630,#20,.T.);
#807=EDGE_CURVE('',#630,#627,#137,.T.);
#808=EDGE_CURVE('',#629,#631,#138,.T.);
#809=EDGE_CURVE('',#614,#631,#21,.T.);
#810=EDGE_CURVE('',#632,#613,#139,.T.);
#811=EDGE_CURVE('',#630,#632,#140,.T.);
#812=EDGE_CURVE('',#633,#615,#22,.T.);
#813=EDGE_CURVE('',#631,#633,#141,.T.);
#814=EDGE_CURVE('',#627,#634,#142,.T.);
#815=EDGE_CURVE('',#616,#634,#143,.T.);
#816=EDGE_CURVE('',#628,#633,#144,.T.);
#817=EDGE_CURVE('',#634,#562,#501,.T.);
#818=EDGE_CURVE('',#635,#632,#502,.T.);
#819=EDGE_CURVE('',#612,#635,#145,.T.);
#820=EDGE_CURVE('',#636,#607,#146,.T.);
#821=EDGE_CURVE('',#636,#626,#503,.T.);
#822=EDGE_CURVE('',#625,#635,#504,.T.);
#823=EDGE_CURVE('',#637,#638,#23,.T.);
#824=EDGE_CURVE('',#638,#639,#147,.T.);
#825=EDGE_CURVE('',#639,#640,#24,.T.);
#826=EDGE_CURVE('',#640,#637,#148,.T.);
#827=EDGE_CURVE('',#639,#641,#149,.T.);
#828=EDGE_CURVE('',#609,#641,#25,.T.);
#829=EDGE_CURVE('',#642,#608,#150,.T.);
#830=EDGE_CURVE('',#640,#642,#151,.T.);
#831=EDGE_CURVE('',#643,#610,#26,.T.);
#832=EDGE_CURVE('',#641,#643,#152,.T.);
#833=EDGE_CURVE('',#637,#644,#153,.T.);
#834=EDGE_CURVE('',#611,#644,#154,.T.);
#835=EDGE_CURVE('',#638,#643,#155,.T.);
#836=EDGE_CURVE('',#644,#566,#505,.T.);
#837=EDGE_CURVE('',#563,#642,#506,.T.);
#838=EDGE_CURVE('',#645,#646,#27,.T.);
#839=EDGE_CURVE('',#646,#647,#156,.T.);
#840=EDGE_CURVE('',#647,#648,#28,.T.);
#841=EDGE_CURVE('',#648,#645,#157,.T.);
#842=EDGE_CURVE('',#648,#649,#158,.T.);
#843=EDGE_CURVE('',#567,#649,#507,.T.);
#844=EDGE_CURVE('',#650,#636,#508,.T.);
#845=EDGE_CURVE('',#645,#650,#159,.T.);
#846=EDGE_CURVE('',#647,#651,#160,.T.);
#847=EDGE_CURVE('',#604,#651,#29,.T.);
#848=EDGE_CURVE('',#649,#603,#161,.T.);
#849=EDGE_CURVE('',#652,#605,#30,.T.);
#850=EDGE_CURVE('',#651,#652,#162,.T.);
#851=EDGE_CURVE('',#606,#650,#163,.T.);
#852=EDGE_CURVE('',#646,#652,#164,.T.);
#853=ORIENTED_EDGE('',*,*,#653,.T.);
#854=ORIENTED_EDGE('',*,*,#654,.T.);
#855=ORIENTED_EDGE('',*,*,#655,.T.);
#856=ORIENTED_EDGE('',*,*,#656,.T.);
#857=ORIENTED_EDGE('',*,*,#654,.F.);
#858=ORIENTED_EDGE('',*,*,#657,.F.);
#859=ORIENTED_EDGE('',*,*,#658,.F.);
#860=ORIENTED_EDGE('',*,*,#659,.F.);
#861=ORIENTED_EDGE('',*,*,#660,.F.);
#862=ORIENTED_EDGE('',*,*,#661,.F.);
#863=ORIENTED_EDGE('',*,*,#662,.F.);
#864=ORIENTED_EDGE('',*,*,#663,.F.);
#865=ORIENTED_EDGE('',*,*,#664,.T.);
#866=ORIENTED_EDGE('',*,*,#660,.T.);
#867=ORIENTED_EDGE('',*,*,#665,.T.);
#868=ORIENTED_EDGE('',*,*,#666,.T.);
#869=ORIENTED_EDGE('',*,*,#667,.T.);
#870=ORIENTED_EDGE('',*,*,#668,.T.);
#871=ORIENTED_EDGE('',*,*,#665,.F.);
#872=ORIENTED_EDGE('',*,*,#659,.T.);
#873=ORIENTED_EDGE('',*,*,#669,.T.);
#874=ORIENTED_EDGE('',*,*,#670,.T.);
#875=ORIENTED_EDGE('',*,*,#671,.T.);
#876=ORIENTED_EDGE('',*,*,#667,.F.);
#877=ORIENTED_EDGE('',*,*,#672,.T.);
#878=ORIENTED_EDGE('',*,*,#673,.T.);
#879=ORIENTED_EDGE('',*,*,#674,.T.);
#880=ORIENTED_EDGE('',*,*,#670,.F.);
#881=ORIENTED_EDGE('',*,*,#675,.T.);
#882=ORIENTED_EDGE('',*,*,#676,.T.);
#883=ORIENTED_EDGE('',*,*,#677,.T.);
#884=ORIENTED_EDGE('',*,*,#673,.F.);
#885=ORIENTED_EDGE('',*,*,#678,.T.);
#886=ORIENTED_EDGE('',*,*,#657,.T.);
#887=ORIENTED_EDGE('',*,*,#653,.F.);
#888=ORIENTED_EDGE('',*,*,#679,.T.);
#889=ORIENTED_EDGE('',*,*,#676,.F.);
#890=ORIENTED_EDGE('',*,*,#680,.T.);
#891=ORIENTED_EDGE('',*,*,#680,.F.);
#892=ORIENTED_EDGE('',*,*,#678,.F.);
#893=ORIENTED_EDGE('',*,*,#675,.F.);
#894=ORIENTED_EDGE('',*,*,#672,.F.);
#895=ORIENTED_EDGE('',*,*,#669,.F.);
#896=ORIENTED_EDGE('',*,*,#658,.T.);
#897=ORIENTED_EDGE('',*,*,#681,.T.);
#898=ORIENTED_EDGE('',*,*,#682,.T.);
#899=ORIENTED_EDGE('',*,*,#655,.F.);
#900=ORIENTED_EDGE('',*,*,#663,.T.);
#901=ORIENTED_EDGE('',*,*,#683,.T.);
#902=ORIENTED_EDGE('',*,*,#684,.T.);
#903=ORIENTED_EDGE('',*,*,#685,.T.);
#904=ORIENTED_EDGE('',*,*,#681,.F.);
#905=ORIENTED_EDGE('',*,*,#686,.T.);
#906=ORIENTED_EDGE('',*,*,#687,.T.);
#907=ORIENTED_EDGE('',*,*,#688,.T.);
#908=ORIENTED_EDGE('',*,*,#684,.F.);
#909=ORIENTED_EDGE('',*,*,#689,.T.);
#910=ORIENTED_EDGE('',*,*,#690,.T.);
#911=ORIENTED_EDGE('',*,*,#691,.T.);
#912=ORIENTED_EDGE('',*,*,#687,.F.);
#913=ORIENTED_EDGE('',*,*,#692,.T.);
#914=ORIENTED_EDGE('',*,*,#661,.T.);
#915=ORIENTED_EDGE('',*,*,#664,.F.);
#916=ORIENTED_EDGE('',*,*,#693,.T.);
#917=ORIENTED_EDGE('',*,*,#690,.F.);
#918=ORIENTED_EDGE('',*,*,#694,.T.);
#919=ORIENTED_EDGE('',*,*,#694,.F.);
#920=ORIENTED_EDGE('',*,*,#692,.F.);
#921=ORIENTED_EDGE('',*,*,#689,.F.);
#922=ORIENTED_EDGE('',*,*,#686,.F.);
#923=ORIENTED_EDGE('',*,*,#683,.F.);
#924=ORIENTED_EDGE('',*,*,#662,.T.);
#925=ORIENTED_EDGE('',*,*,#668,.F.);
#926=ORIENTED_EDGE('',*,*,#695,.F.);
#927=ORIENTED_EDGE('',*,*,#696,.F.);
#928=ORIENTED_EDGE('',*,*,#697,.T.);
#929=ORIENTED_EDGE('',*,*,#698,.T.);
#930=ORIENTED_EDGE('',*,*,#699,.F.);
#931=ORIENTED_EDGE('',*,*,#700,.F.);
#932=ORIENTED_EDGE('',*,*,#701,.T.);
#933=ORIENTED_EDGE('',*,*,#702,.F.);
#934=ORIENTED_EDGE('',*,*,#703,.F.);
#935=ORIENTED_EDGE('',*,*,#704,.F.);
#936=ORIENTED_EDGE('',*,*,#705,.T.);
#937=ORIENTED_EDGE('',*,*,#706,.F.);
#938=ORIENTED_EDGE('',*,*,#707,.F.);
#939=ORIENTED_EDGE('',*,*,#708,.F.);
#940=ORIENTED_EDGE('',*,*,#709,.F.);
#941=ORIENTED_EDGE('',*,*,#710,.F.);
#942=ORIENTED_EDGE('',*,*,#711,.F.);
#943=ORIENTED_EDGE('',*,*,#693,.F.);
#944=ORIENTED_EDGE('',*,*,#666,.F.);
#945=ORIENTED_EDGE('',*,*,#671,.F.);
#946=ORIENTED_EDGE('',*,*,#712,.T.);
#947=ORIENTED_EDGE('',*,*,#713,.T.);
#948=ORIENTED_EDGE('',*,*,#695,.T.);
#949=ORIENTED_EDGE('',*,*,#674,.F.);
#950=ORIENTED_EDGE('',*,*,#714,.F.);
#951=ORIENTED_EDGE('',*,*,#715,.F.);
#952=ORIENTED_EDGE('',*,*,#712,.F.);
#953=ORIENTED_EDGE('',*,*,#677,.F.);
#954=ORIENTED_EDGE('',*,*,#716,.T.);
#955=ORIENTED_EDGE('',*,*,#717,.T.);
#956=ORIENTED_EDGE('',*,*,#714,.T.);
#957=ORIENTED_EDGE('',*,*,#685,.F.);
#958=ORIENTED_EDGE('',*,*,#718,.T.);
#959=ORIENTED_EDGE('',*,*,#719,.T.);
#960=ORIENTED_EDGE('',*,*,#720,.T.);
#961=ORIENTED_EDGE('',*,*,#721,.T.);
#962=ORIENTED_EDGE('',*,*,#722,.T.);
#963=ORIENTED_EDGE('',*,*,#723,.T.);
#964=ORIENTED_EDGE('',*,*,#724,.T.);
#965=ORIENTED_EDGE('',*,*,#725,.T.);
#966=ORIENTED_EDGE('',*,*,#723,.F.);
#967=ORIENTED_EDGE('',*,*,#726,.T.);
#968=ORIENTED_EDGE('',*,*,#727,.T.);
#969=ORIENTED_EDGE('',*,*,#728,.T.);
#970=ORIENTED_EDGE('',*,*,#727,.F.);
#971=ORIENTED_EDGE('',*,*,#729,.T.);
#972=ORIENTED_EDGE('',*,*,#698,.F.);
#973=ORIENTED_EDGE('',*,*,#730,.T.);
#974=ORIENTED_EDGE('',*,*,#731,.T.);
#975=ORIENTED_EDGE('',*,*,#721,.F.);
#976=ORIENTED_EDGE('',*,*,#697,.F.);
#977=ORIENTED_EDGE('',*,*,#732,.T.);
#978=ORIENTED_EDGE('',*,*,#730,.F.);
#979=ORIENTED_EDGE('',*,*,#729,.F.);
#980=ORIENTED_EDGE('',*,*,#733,.T.);
#981=ORIENTED_EDGE('',*,*,#734,.T.);
#982=ORIENTED_EDGE('',*,*,#735,.T.);
#983=ORIENTED_EDGE('',*,*,#726,.F.);
#984=ORIENTED_EDGE('',*,*,#722,.F.);
#985=ORIENTED_EDGE('',*,*,#731,.F.);
#986=ORIENTED_EDGE('',*,*,#736,.F.);
#987=ORIENTED_EDGE('',*,*,#737,.F.);
#988=ORIENTED_EDGE('',*,*,#733,.F.);
#989=ORIENTED_EDGE('',*,*,#738,.T.);
#990=ORIENTED_EDGE('',*,*,#739,.T.);
#991=ORIENTED_EDGE('',*,*,#740,.T.);
#992=ORIENTED_EDGE('',*,*,#741,.T.);
#993=ORIENTED_EDGE('',*,*,#708,.T.);
#994=ORIENTED_EDGE('',*,*,#740,.F.);
#995=ORIENTED_EDGE('',*,*,#742,.T.);
#996=ORIENTED_EDGE('',*,*,#743,.T.);
#997=ORIENTED_EDGE('',*,*,#709,.T.);
#998=ORIENTED_EDGE('',*,*,#743,.F.);
#999=ORIENTED_EDGE('',*,*,#744,.T.);
#1000=ORIENTED_EDGE('',*,*,#745,.F.);
#1001=ORIENTED_EDGE('',*,*,#746,.T.);
#1002=ORIENTED_EDGE('',*,*,#747,.T.);
#1003=ORIENTED_EDGE('',*,*,#738,.F.);
#1004=ORIENTED_EDGE('',*,*,#748,.F.);
#1005=ORIENTED_EDGE('',*,*,#749,.T.);
#1006=ORIENTED_EDGE('',*,*,#746,.F.);
#1007=ORIENTED_EDGE('',*,*,#744,.F.);
#1008=ORIENTED_EDGE('',*,*,#750,.T.);
#1009=ORIENTED_EDGE('',*,*,#751,.T.);
#1010=ORIENTED_EDGE('',*,*,#710,.T.);
#1011=ORIENTED_EDGE('',*,*,#742,.F.);
#1012=ORIENTED_EDGE('',*,*,#739,.F.);
#1013=ORIENTED_EDGE('',*,*,#747,.F.);
#1014=ORIENTED_EDGE('',*,*,#752,.F.);
#1015=ORIENTED_EDGE('',*,*,#753,.F.);
#1016=ORIENTED_EDGE('',*,*,#750,.F.);
#1017=ORIENTED_EDGE('',*,*,#749,.F.);
#1018=ORIENTED_EDGE('',*,*,#754,.T.);
#1019=ORIENTED_EDGE('',*,*,#755,.T.);
#1020=ORIENTED_EDGE('',*,*,#752,.T.);
#1021=ORIENTED_EDGE('',*,*,#719,.F.);
#1022=ORIENTED_EDGE('',*,*,#756,.T.);
#1023=ORIENTED_EDGE('',*,*,#755,.F.);
#1024=ORIENTED_EDGE('',*,*,#734,.F.);
#1025=ORIENTED_EDGE('',*,*,#757,.T.);
#1026=ORIENTED_EDGE('',*,*,#717,.F.);
#1027=ORIENTED_EDGE('',*,*,#756,.F.);
#1028=ORIENTED_EDGE('',*,*,#758,.T.);
#1029=ORIENTED_EDGE('',*,*,#759,.F.);
#1030=ORIENTED_EDGE('',*,*,#753,.T.);
#1031=ORIENTED_EDGE('',*,*,#688,.F.);
#1032=ORIENTED_EDGE('',*,*,#760,.F.);
#1033=ORIENTED_EDGE('',*,*,#758,.F.);
#1034=ORIENTED_EDGE('',*,*,#718,.F.);
#1035=ORIENTED_EDGE('',*,*,#757,.F.);
#1036=ORIENTED_EDGE('',*,*,#737,.T.);
#1037=ORIENTED_EDGE('',*,*,#761,.F.);
#1038=ORIENTED_EDGE('',*,*,#715,.T.);
#1039=ORIENTED_EDGE('',*,*,#732,.F.);
#1040=ORIENTED_EDGE('',*,*,#696,.T.);
#1041=ORIENTED_EDGE('',*,*,#762,.T.);
#1042=ORIENTED_EDGE('',*,*,#736,.T.);
#1043=ORIENTED_EDGE('',*,*,#691,.F.);
#1044=ORIENTED_EDGE('',*,*,#711,.T.);
#1045=ORIENTED_EDGE('',*,*,#763,.T.);
#1046=ORIENTED_EDGE('',*,*,#760,.T.);
#1047=ORIENTED_EDGE('',*,*,#713,.F.);
#1048=ORIENTED_EDGE('',*,*,#761,.T.);
#1049=ORIENTED_EDGE('',*,*,#762,.F.);
#1050=ORIENTED_EDGE('',*,*,#751,.F.);
#1051=ORIENTED_EDGE('',*,*,#759,.T.);
#1052=ORIENTED_EDGE('',*,*,#763,.F.);
#1053=ORIENTED_EDGE('',*,*,#764,.T.);
#1054=ORIENTED_EDGE('',*,*,#765,.F.);
#1055=ORIENTED_EDGE('',*,*,#766,.T.);
#1056=ORIENTED_EDGE('',*,*,#767,.F.);
#1057=ORIENTED_EDGE('',*,*,#768,.T.);
#1058=ORIENTED_EDGE('',*,*,#769,.F.);
#1059=ORIENTED_EDGE('',*,*,#741,.F.);
#1060=ORIENTED_EDGE('',*,*,#707,.T.);
#1061=ORIENTED_EDGE('',*,*,#770,.F.);
#1062=ORIENTED_EDGE('',*,*,#771,.T.);
#1063=ORIENTED_EDGE('',*,*,#772,.F.);
#1064=ORIENTED_EDGE('',*,*,#773,.T.);
#1065=ORIENTED_EDGE('',*,*,#774,.F.);
#1066=ORIENTED_EDGE('',*,*,#775,.T.);
#1067=ORIENTED_EDGE('',*,*,#703,.T.);
#1068=ORIENTED_EDGE('',*,*,#776,.F.);
#1069=ORIENTED_EDGE('',*,*,#777,.T.);
#1070=ORIENTED_EDGE('',*,*,#778,.F.);
#1071=ORIENTED_EDGE('',*,*,#779,.T.);
#1072=ORIENTED_EDGE('',*,*,#780,.F.);
#1073=ORIENTED_EDGE('',*,*,#724,.F.);
#1074=ORIENTED_EDGE('',*,*,#781,.T.);
#1075=ORIENTED_EDGE('',*,*,#782,.F.);
#1076=ORIENTED_EDGE('',*,*,#783,.T.);
#1077=ORIENTED_EDGE('',*,*,#784,.F.);
#1078=ORIENTED_EDGE('',*,*,#785,.T.);
#1079=ORIENTED_EDGE('',*,*,#786,.F.);
#1080=ORIENTED_EDGE('',*,*,#699,.T.);
#1081=ORIENTED_EDGE('',*,*,#787,.T.);
#1082=ORIENTED_EDGE('',*,*,#788,.T.);
#1083=ORIENTED_EDGE('',*,*,#789,.T.);
#1084=ORIENTED_EDGE('',*,*,#790,.T.);
#1085=ORIENTED_EDGE('',*,*,#789,.F.);
#1086=ORIENTED_EDGE('',*,*,#791,.T.);
#1087=ORIENTED_EDGE('',*,*,#792,.F.);
#1088=ORIENTED_EDGE('',*,*,#766,.F.);
#1089=ORIENTED_EDGE('',*,*,#793,.F.);
#1090=ORIENTED_EDGE('',*,*,#794,.F.);
#1091=ORIENTED_EDGE('',*,*,#795,.T.);
#1092=ORIENTED_EDGE('',*,*,#767,.T.);
#1093=ORIENTED_EDGE('',*,*,#792,.T.);
#1094=ORIENTED_EDGE('',*,*,#796,.T.);
#1095=ORIENTED_EDGE('',*,*,#787,.F.);
#1096=ORIENTED_EDGE('',*,*,#797,.T.);
#1097=ORIENTED_EDGE('',*,*,#798,.F.);
#1098=ORIENTED_EDGE('',*,*,#768,.F.);
#1099=ORIENTED_EDGE('',*,*,#795,.F.);
#1100=ORIENTED_EDGE('',*,*,#799,.F.);
#1101=ORIENTED_EDGE('',*,*,#800,.T.);
#1102=ORIENTED_EDGE('',*,*,#801,.T.);
#1103=ORIENTED_EDGE('',*,*,#769,.T.);
#1104=ORIENTED_EDGE('',*,*,#798,.T.);
#1105=ORIENTED_EDGE('',*,*,#802,.T.);
#1106=ORIENTED_EDGE('',*,*,#793,.T.);
#1107=ORIENTED_EDGE('',*,*,#765,.T.);
#1108=ORIENTED_EDGE('',*,*,#803,.T.);
#1109=ORIENTED_EDGE('',*,*,#788,.F.);
#1110=ORIENTED_EDGE('',*,*,#799,.T.);
#1111=ORIENTED_EDGE('',*,*,#796,.F.);
#1112=ORIENTED_EDGE('',*,*,#791,.F.);
#1113=ORIENTED_EDGE('',*,*,#804,.T.);
#1114=ORIENTED_EDGE('',*,*,#805,.T.);
#1115=ORIENTED_EDGE('',*,*,#806,.T.);
#1116=ORIENTED_EDGE('',*,*,#807,.T.);
#1117=ORIENTED_EDGE('',*,*,#806,.F.);
#1118=ORIENTED_EDGE('',*,*,#808,.T.);
#1119=ORIENTED_EDGE('',*,*,#809,.F.);
#1120=ORIENTED_EDGE('',*,*,#783,.F.);
#1121=ORIENTED_EDGE('',*,*,#810,.F.);
#1122=ORIENTED_EDGE('',*,*,#811,.F.);
#1123=ORIENTED_EDGE('',*,*,#812,.T.);
#1124=ORIENTED_EDGE('',*,*,#784,.T.);
#1125=ORIENTED_EDGE('',*,*,#809,.T.);
#1126=ORIENTED_EDGE('',*,*,#813,.T.);
#1127=ORIENTED_EDGE('',*,*,#804,.F.);
#1128=ORIENTED_EDGE('',*,*,#814,.T.);
#1129=ORIENTED_EDGE('',*,*,#815,.F.);
#1130=ORIENTED_EDGE('',*,*,#785,.F.);
#1131=ORIENTED_EDGE('',*,*,#812,.F.);
#1132=ORIENTED_EDGE('',*,*,#816,.F.);
#1133=ORIENTED_EDGE('',*,*,#817,.T.);
#1134=ORIENTED_EDGE('',*,*,#700,.T.);
#1135=ORIENTED_EDGE('',*,*,#786,.T.);
#1136=ORIENTED_EDGE('',*,*,#815,.T.);
#1137=ORIENTED_EDGE('',*,*,#818,.T.);
#1138=ORIENTED_EDGE('',*,*,#810,.T.);
#1139=ORIENTED_EDGE('',*,*,#782,.T.);
#1140=ORIENTED_EDGE('',*,*,#819,.T.);
#1141=ORIENTED_EDGE('',*,*,#805,.F.);
#1142=ORIENTED_EDGE('',*,*,#816,.T.);
#1143=ORIENTED_EDGE('',*,*,#813,.F.);
#1144=ORIENTED_EDGE('',*,*,#808,.F.);
#1145=ORIENTED_EDGE('',*,*,#682,.F.);
#1146=ORIENTED_EDGE('',*,*,#720,.F.);
#1147=ORIENTED_EDGE('',*,*,#754,.F.);
#1148=ORIENTED_EDGE('',*,*,#748,.T.);
#1149=ORIENTED_EDGE('',*,*,#745,.T.);
#1150=ORIENTED_EDGE('',*,*,#775,.F.);
#1151=ORIENTED_EDGE('',*,*,#820,.F.);
#1152=ORIENTED_EDGE('',*,*,#821,.T.);
#1153=ORIENTED_EDGE('',*,*,#803,.F.);
#1154=ORIENTED_EDGE('',*,*,#764,.F.);
#1155=ORIENTED_EDGE('',*,*,#801,.F.);
#1156=ORIENTED_EDGE('',*,*,#822,.T.);
#1157=ORIENTED_EDGE('',*,*,#819,.F.);
#1158=ORIENTED_EDGE('',*,*,#781,.F.);
#1159=ORIENTED_EDGE('',*,*,#725,.F.);
#1160=ORIENTED_EDGE('',*,*,#728,.F.);
#1161=ORIENTED_EDGE('',*,*,#735,.F.);
#1162=ORIENTED_EDGE('',*,*,#716,.F.);
#1163=ORIENTED_EDGE('',*,*,#679,.F.);
#1164=ORIENTED_EDGE('',*,*,#656,.F.);
#1165=ORIENTED_EDGE('',*,*,#823,.T.);
#1166=ORIENTED_EDGE('',*,*,#824,.T.);
#1167=ORIENTED_EDGE('',*,*,#825,.T.);
#1168=ORIENTED_EDGE('',*,*,#826,.T.);
#1169=ORIENTED_EDGE('',*,*,#825,.F.);
#1170=ORIENTED_EDGE('',*,*,#827,.T.);
#1171=ORIENTED_EDGE('',*,*,#828,.F.);
#1172=ORIENTED_EDGE('',*,*,#777,.F.);
#1173=ORIENTED_EDGE('',*,*,#829,.F.);
#1174=ORIENTED_EDGE('',*,*,#830,.F.);
#1175=ORIENTED_EDGE('',*,*,#831,.T.);
#1176=ORIENTED_EDGE('',*,*,#778,.T.);
#1177=ORIENTED_EDGE('',*,*,#828,.T.);
#1178=ORIENTED_EDGE('',*,*,#832,.T.);
#1179=ORIENTED_EDGE('',*,*,#823,.F.);
#1180=ORIENTED_EDGE('',*,*,#833,.T.);
#1181=ORIENTED_EDGE('',*,*,#834,.F.);
#1182=ORIENTED_EDGE('',*,*,#779,.F.);
#1183=ORIENTED_EDGE('',*,*,#831,.F.);
#1184=ORIENTED_EDGE('',*,*,#835,.F.);
#1185=ORIENTED_EDGE('',*,*,#836,.T.);
#1186=ORIENTED_EDGE('',*,*,#704,.T.);
#1187=ORIENTED_EDGE('',*,*,#780,.T.);
#1188=ORIENTED_EDGE('',*,*,#834,.T.);
#1189=ORIENTED_EDGE('',*,*,#837,.T.);
#1190=ORIENTED_EDGE('',*,*,#829,.T.);
#1191=ORIENTED_EDGE('',*,*,#776,.T.);
#1192=ORIENTED_EDGE('',*,*,#702,.T.);
#1193=ORIENTED_EDGE('',*,*,#824,.F.);
#1194=ORIENTED_EDGE('',*,*,#835,.T.);
#1195=ORIENTED_EDGE('',*,*,#832,.F.);
#1196=ORIENTED_EDGE('',*,*,#827,.F.);
#1197=ORIENTED_EDGE('',*,*,#838,.T.);
#1198=ORIENTED_EDGE('',*,*,#839,.T.);
#1199=ORIENTED_EDGE('',*,*,#840,.T.);
#1200=ORIENTED_EDGE('',*,*,#841,.T.);
#1201=ORIENTED_EDGE('',*,*,#841,.F.);
#1202=ORIENTED_EDGE('',*,*,#842,.T.);
#1203=ORIENTED_EDGE('',*,*,#843,.F.);
#1204=ORIENTED_EDGE('',*,*,#705,.F.);
#1205=ORIENTED_EDGE('',*,*,#836,.F.);
#1206=ORIENTED_EDGE('',*,*,#833,.F.);
#1207=ORIENTED_EDGE('',*,*,#826,.F.);
#1208=ORIENTED_EDGE('',*,*,#830,.T.);
#1209=ORIENTED_EDGE('',*,*,#837,.F.);
#1210=ORIENTED_EDGE('',*,*,#701,.F.);
#1211=ORIENTED_EDGE('',*,*,#817,.F.);
#1212=ORIENTED_EDGE('',*,*,#814,.F.);
#1213=ORIENTED_EDGE('',*,*,#807,.F.);
#1214=ORIENTED_EDGE('',*,*,#811,.T.);
#1215=ORIENTED_EDGE('',*,*,#818,.F.);
#1216=ORIENTED_EDGE('',*,*,#822,.F.);
#1217=ORIENTED_EDGE('',*,*,#800,.F.);
#1218=ORIENTED_EDGE('',*,*,#797,.F.);
#1219=ORIENTED_EDGE('',*,*,#790,.F.);
#1220=ORIENTED_EDGE('',*,*,#794,.T.);
#1221=ORIENTED_EDGE('',*,*,#802,.F.);
#1222=ORIENTED_EDGE('',*,*,#821,.F.);
#1223=ORIENTED_EDGE('',*,*,#844,.F.);
#1224=ORIENTED_EDGE('',*,*,#845,.F.);
#1225=ORIENTED_EDGE('',*,*,#840,.F.);
#1226=ORIENTED_EDGE('',*,*,#846,.T.);
#1227=ORIENTED_EDGE('',*,*,#847,.F.);
#1228=ORIENTED_EDGE('',*,*,#771,.F.);
#1229=ORIENTED_EDGE('',*,*,#848,.F.);
#1230=ORIENTED_EDGE('',*,*,#842,.F.);
#1231=ORIENTED_EDGE('',*,*,#849,.T.);
#1232=ORIENTED_EDGE('',*,*,#772,.T.);
#1233=ORIENTED_EDGE('',*,*,#847,.T.);
#1234=ORIENTED_EDGE('',*,*,#850,.T.);
#1235=ORIENTED_EDGE('',*,*,#838,.F.);
#1236=ORIENTED_EDGE('',*,*,#845,.T.);
#1237=ORIENTED_EDGE('',*,*,#851,.F.);
#1238=ORIENTED_EDGE('',*,*,#773,.F.);
#1239=ORIENTED_EDGE('',*,*,#849,.F.);
#1240=ORIENTED_EDGE('',*,*,#852,.F.);
#1241=ORIENTED_EDGE('',*,*,#844,.T.);
#1242=ORIENTED_EDGE('',*,*,#820,.T.);
#1243=ORIENTED_EDGE('',*,*,#774,.T.);
#1244=ORIENTED_EDGE('',*,*,#851,.T.);
#1245=ORIENTED_EDGE('',*,*,#843,.T.);
#1246=ORIENTED_EDGE('',*,*,#848,.T.);
#1247=ORIENTED_EDGE('',*,*,#770,.T.);
#1248=ORIENTED_EDGE('',*,*,#706,.T.);
#1249=ORIENTED_EDGE('',*,*,#839,.F.);
#1250=ORIENTED_EDGE('',*,*,#852,.T.);
#1251=ORIENTED_EDGE('',*,*,#850,.F.);
#1252=ORIENTED_EDGE('',*,*,#846,.F.);
#1253=TOROIDAL_SURFACE('',#1355,7.95,1.);
#1254=TOROIDAL_SURFACE('',#1364,7.95,1.);
#1255=TOROIDAL_SURFACE('',#1390,6.95,2.);
#1256=TOROIDAL_SURFACE('',#1395,6.95,2.);
#1257=TOROIDAL_SURFACE('',#1398,6.95,2.);
#1258=TOROIDAL_SURFACE('',#1407,4.,2.);
#1259=TOROIDAL_SURFACE('',#1411,4.,2.);
#1260=TOROIDAL_SURFACE('',#1421,4.,2.);
#1261=TOROIDAL_SURFACE('',#1425,4.,2.);
#1262=TOROIDAL_SURFACE('',#1444,6.95,2.);
#1263=ADVANCED_FACE('',(#279),#1253,.T.);
#1264=ADVANCED_FACE('',(#280),#255,.F.);
#1265=ADVANCED_FACE('',(#281),#1254,.T.);
#1266=ADVANCED_FACE('',(#282),#39,.T.);
#1267=ADVANCED_FACE('',(#283),#35,.F.);
#1268=ADVANCED_FACE('',(#284),#40,.T.);
#1269=ADVANCED_FACE('',(#285),#36,.F.);
#1270=ADVANCED_FACE('',(#286),#41,.T.);
#1271=ADVANCED_FACE('',(#287),#256,.F.);
#1272=ADVANCED_FACE('',(#288),#42,.T.);
#1273=ADVANCED_FACE('',(#289),#37,.F.);
#1274=ADVANCED_FACE('',(#290),#43,.T.);
#1275=ADVANCED_FACE('',(#291),#38,.F.);
#1276=ADVANCED_FACE('',(#292),#44,.T.);
#1277=ADVANCED_FACE('',(#293),#257,.F.);
#1278=ADVANCED_FACE('',(#294),#45,.T.);
#1279=ADVANCED_FACE('',(#295),#1255,.T.);
#1280=ADVANCED_FACE('',(#296),#258,.T.);
#1281=ADVANCED_FACE('',(#297),#1256,.T.);
#1282=ADVANCED_FACE('',(#298),#1257,.T.);
#1283=ADVANCED_FACE('',(#299),#46,.F.);
#1284=ADVANCED_FACE('',(#300),#47,.F.);
#1285=ADVANCED_FACE('',(#301),#1258,.F.);
#1286=ADVANCED_FACE('',(#302),#48,.F.);
#1287=ADVANCED_FACE('',(#303),#1259,.F.);
#1288=ADVANCED_FACE('',(#304),#49,.T.);
#1289=ADVANCED_FACE('',(#305),#259,.T.);
#1290=ADVANCED_FACE('',(#306),#50,.F.);
#1291=ADVANCED_FACE('',(#307),#51,.F.);
#1292=ADVANCED_FACE('',(#308),#1260,.F.);
#1293=ADVANCED_FACE('',(#309),#52,.F.);
#1294=ADVANCED_FACE('',(#310),#1261,.F.);
#1295=ADVANCED_FACE('',(#311),#53,.T.);
#1296=ADVANCED_FACE('',(#312),#260,.T.);
#1297=ADVANCED_FACE('',(#313),#54,.T.);
#1298=ADVANCED_FACE('',(#314),#31,.T.);
#1299=ADVANCED_FACE('',(#315),#32,.T.);
#1300=ADVANCED_FACE('',(#316),#55,.T.);
#1301=ADVANCED_FACE('',(#317),#261,.T.);
#1302=ADVANCED_FACE('',(#318),#56,.T.);
#1303=ADVANCED_FACE('',(#319),#57,.T.);
#1304=ADVANCED_FACE('',(#320),#1262,.T.);
#1305=ADVANCED_FACE('',(#321),#33,.T.);
#1306=ADVANCED_FACE('',(#322),#34,.T.);
#1307=ADVANCED_FACE('',(#323),#262,.T.);
#1308=ADVANCED_FACE('',(#324),#263,.T.);
#1309=ADVANCED_FACE('',(#325),#264,.T.);
#1310=ADVANCED_FACE('',(#326),#265,.T.);
#1311=ADVANCED_FACE('',(#327),#58,.T.);
#1312=ADVANCED_FACE('',(#328),#266,.T.);
#1313=ADVANCED_FACE('',(#329),#59,.T.);
#1314=ADVANCED_FACE('',(#330),#267,.T.);
#1315=ADVANCED_FACE('',(#331),#60,.F.);
#1316=ADVANCED_FACE('',(#332),#61,.F.);
#1317=ADVANCED_FACE('',(#333),#268,.T.);
#1318=ADVANCED_FACE('',(#334),#62,.T.);
#1319=ADVANCED_FACE('',(#335),#269,.T.);
#1320=ADVANCED_FACE('',(#336),#63,.T.);
#1321=ADVANCED_FACE('',(#337),#270,.T.);
#1322=ADVANCED_FACE('',(#338),#64,.F.);
#1323=ADVANCED_FACE('',(#339),#65,.F.);
#1324=ADVANCED_FACE('',(#340),#271,.T.);
#1325=ADVANCED_FACE('',(#341),#66,.T.);
#1326=ADVANCED_FACE('',(#342),#67,.T.);
#1327=ADVANCED_FACE('',(#343),#272,.T.);
#1328=ADVANCED_FACE('',(#344),#68,.T.);
#1329=ADVANCED_FACE('',(#345),#273,.T.);
#1330=ADVANCED_FACE('',(#346),#69,.F.);
#1331=ADVANCED_FACE('',(#347),#70,.F.);
#1332=ADVANCED_FACE('',(#348),#274,.T.);
#1333=ADVANCED_FACE('',(#349),#71,.T.);
#1334=ADVANCED_FACE('',(#350),#275,.F.);
#1335=ADVANCED_FACE('',(#351),#276,.T.);
#1336=ADVANCED_FACE('',(#352),#72,.T.);
#1337=ADVANCED_FACE('',(#353),#277,.T.);
#1338=ADVANCED_FACE('',(#354),#73,.F.);
#1339=ADVANCED_FACE('',(#355),#74,.F.);
#1340=ADVANCED_FACE('',(#356),#278,.T.);
#1341=CLOSED_SHELL('',(#1263,#1264,#1265,#1266,#1267,#1268,#1269,#1270,
#1271,#1272,#1273,#1274,#1275,#1276,#1277,#1278,#1279,#1280,#1281,#1282,
#1283,#1284,#1285,#1286,#1287,#1288,#1289,#1290,#1291,#1292,#1293,#1294,
#1295,#1296,#1297,#1298,#1299,#1300,#1301,#1302,#1303,#1304,#1305,#1306,
#1307,#1308,#1309,#1310,#1311,#1312,#1313,#1314,#1315,#1316,#1317,#1318,
#1319,#1320,#1321,#1322,#1323,#1324,#1325,#1326,#1327,#1328,#1329,#1330,
#1331,#1332,#1333,#1334,#1335,#1336,#1337,#1338,#1339,#1340));
#1342=DERIVED_UNIT_ELEMENT(#1344,1.);
#1343=DERIVED_UNIT_ELEMENT(#2611,-3.);
#1344=(
MASS_UNIT()
NAMED_UNIT(*)
SI_UNIT(.KILO.,.GRAM.)
);
#1345=DERIVED_UNIT((#1342,#1343));
#1346=MEASURE_REPRESENTATION_ITEM('density measure',
POSITIVE_RATIO_MEASURE(7850.),#1345);
#1347=PROPERTY_DEFINITION_REPRESENTATION(#1352,#1349);
#1348=PROPERTY_DEFINITION_REPRESENTATION(#1353,#1350);
#1349=REPRESENTATION('material name',(#1351),#2608);
#1350=REPRESENTATION('density',(#1346),#2608);
#1351=DESCRIPTIVE_REPRESENTATION_ITEM('Steel','Steel');
#1352=PROPERTY_DEFINITION('material property','material name',#2618);
#1353=PROPERTY_DEFINITION('material property','density of part',#2618);
#1354=AXIS2_PLACEMENT_3D('',#1939,#1519,#1520);
#1355=AXIS2_PLACEMENT_3D('',#1940,#1521,#1522);
#1356=AXIS2_PLACEMENT_3D('',#1958,#1523,#1524);
#1357=AXIS2_PLACEMENT_3D('',#1974,#1525,#1526);
#1358=AXIS2_PLACEMENT_3D('',#1975,#1527,#1528);
#1359=AXIS2_PLACEMENT_3D('',#1977,#1529,#1530);
#1360=AXIS2_PLACEMENT_3D('',#1981,#1532,#1533);
#1361=AXIS2_PLACEMENT_3D('',#1983,#1534,#1535);
#1362=AXIS2_PLACEMENT_3D('',#1985,#1536,#1537);
#1363=AXIS2_PLACEMENT_3D('',#1988,#1539,#1540);
#1364=AXIS2_PLACEMENT_3D('',#1989,#1541,#1542);
#1365=AXIS2_PLACEMENT_3D('',#2020,#1543,#1544);
#1366=AXIS2_PLACEMENT_3D('',#2021,#1545,#1546);
#1367=AXIS2_PLACEMENT_3D('',#2024,#1547,#1548);
#1368=AXIS2_PLACEMENT_3D('',#2059,#1551,#1552);
#1369=AXIS2_PLACEMENT_3D('',#2070,#1553,#1554);
#1370=AXIS2_PLACEMENT_3D('',#2073,#1555,#1556);
#1371=AXIS2_PLACEMENT_3D('',#2108,#1559,#1560);
#1372=AXIS2_PLACEMENT_3D('',#2119,#1561,#1562);
#1373=AXIS2_PLACEMENT_3D('',#2122,#1565,#1566);
#1374=AXIS2_PLACEMENT_3D('',#2123,#1567,#1568);
#1375=AXIS2_PLACEMENT_3D('',#2126,#1569,#1570);
#1376=AXIS2_PLACEMENT_3D('',#2161,#1573,#1574);
#1377=AXIS2_PLACEMENT_3D('',#2172,#1575,#1576);
#1378=AXIS2_PLACEMENT_3D('',#2175,#1577,#1578);
#1379=AXIS2_PLACEMENT_3D('',#2216,#1581,#1582);
#1380=AXIS2_PLACEMENT_3D('',#2229,#1583,#1584);
#1381=AXIS2_PLACEMENT_3D('',#2232,#1587,#1588);
#1382=AXIS2_PLACEMENT_3D('',#2233,#1589,#1590);
#1383=AXIS2_PLACEMENT_3D('',#2235,#1591,#1592);
#1384=AXIS2_PLACEMENT_3D('',#2257,#1594,#1595);
#1385=AXIS2_PLACEMENT_3D('',#2261,#1597,#1598);
#1386=AXIS2_PLACEMENT_3D('',#2265,#1600,#1601);
#1387=AXIS2_PLACEMENT_3D('',#2269,#1603,#1604);
#1388=AXIS2_PLACEMENT_3D('',#2273,#1606,#1607);
#1389=AXIS2_PLACEMENT_3D('',#2294,#1609,#1610);
#1390=AXIS2_PLACEMENT_3D('',#2295,#1611,#1612);
#1391=AXIS2_PLACEMENT_3D('',#2297,#1613,#1614);
#1392=AXIS2_PLACEMENT_3D('',#2298,#1615,#1616);
#1393=AXIS2_PLACEMENT_3D('',#2299,#1617,#1618);
#1394=AXIS2_PLACEMENT_3D('',#2301,#1619,#1620);
#1395=AXIS2_PLACEMENT_3D('',#2303,#1622,#1623);
#1396=AXIS2_PLACEMENT_3D('',#2305,#1624,#1625);
#1397=AXIS2_PLACEMENT_3D('',#2306,#1626,#1627);
#1398=AXIS2_PLACEMENT_3D('',#2307,#1628,#1629);
#1399=AXIS2_PLACEMENT_3D('',#2309,#1630,#1631);
#1400=AXIS2_PLACEMENT_3D('',#2311,#1632,#1633);
#1401=AXIS2_PLACEMENT_3D('',#2312,#1634,#1635);
#1402=AXIS2_PLACEMENT_3D('',#2313,#1636,#1637);
#1403=AXIS2_PLACEMENT_3D('',#2315,#1638,#1639);
#1404=AXIS2_PLACEMENT_3D('',#2319,#1641,#1642);
#1405=AXIS2_PLACEMENT_3D('',#2321,#1644,#1645);
#1406=AXIS2_PLACEMENT_3D('',#2333,#1647,#1648);
#1407=AXIS2_PLACEMENT_3D('',#2334,#1649,#1650);
#1408=AXIS2_PLACEMENT_3D('',#2344,#1651,#1652);
#1409=AXIS2_PLACEMENT_3D('',#2345,#1653,#1654);
#1410=AXIS2_PLACEMENT_3D('',#2347,#1655,#1656);
#1411=AXIS2_PLACEMENT_3D('',#2349,#1658,#1659);
#1412=AXIS2_PLACEMENT_3D('',#2350,#1660,#1661);
#1413=AXIS2_PLACEMENT_3D('',#2351,#1662,#1663);
#1414=AXIS2_PLACEMENT_3D('',#2354,#1665,#1666);
#1415=AXIS2_PLACEMENT_3D('',#2356,#1668,#1669);
#1416=AXIS2_PLACEMENT_3D('',#2360,#1672,#1673);
#1417=AXIS2_PLACEMENT_3D('',#2363,#1674,#1675);
#1418=AXIS2_PLACEMENT_3D('',#2366,#1677,#1678);
#1419=AXIS2_PLACEMENT_3D('',#2368,#1680,#1681);
#1420=AXIS2_PLACEMENT_3D('',#2371,#1683,#1684);
#1421=AXIS2_PLACEMENT_3D('',#2372,#1685,#1686);
#1422=AXIS2_PLACEMENT_3D('',#2373,#1687,#1688);
#1423=AXIS2_PLACEMENT_3D('',#2374,#1689,#1690);
#1424=AXIS2_PLACEMENT_3D('',#2385,#1691,#1692);
#1425=AXIS2_PLACEMENT_3D('',#2387,#1694,#1695);
#1426=AXIS2_PLACEMENT_3D('',#2397,#1696,#1697);
#1427=AXIS2_PLACEMENT_3D('',#2398,#1698,#1699);
#1428=AXIS2_PLACEMENT_3D('',#2401,#1701,#1702);
#1429=AXIS2_PLACEMENT_3D('',#2402,#1703,#1704);
#1430=AXIS2_PLACEMENT_3D('',#2406,#1707,#1708);
#1431=AXIS2_PLACEMENT_3D('',#2408,#1710,#1711);
#1432=AXIS2_PLACEMENT_3D('',#2409,#1712,#1713);
#1433=AXIS2_PLACEMENT_3D('',#2410,#1714,#1715);
#1434=AXIS2_PLACEMENT_3D('',#2411,#1716,#1717);
#1435=AXIS2_PLACEMENT_3D('',#2412,#1718,#1719);
#1436=AXIS2_PLACEMENT_3D('',#2413,#1720,#1721);
#1437=AXIS2_PLACEMENT_3D('',#2416,#1723,#1724);
#1438=AXIS2_PLACEMENT_3D('',#2417,#1725,#1726);
#1439=AXIS2_PLACEMENT_3D('',#2418,#1727,#1728);
#1440=AXIS2_PLACEMENT_3D('',#2419,#1729,#1730);
#1441=AXIS2_PLACEMENT_3D('',#2420,#1731,#1732);
#1442=AXIS2_PLACEMENT_3D('',#2421,#1733,#1734);
#1443=AXIS2_PLACEMENT_3D('',#2422,#1735,#1736);
#1444=AXIS2_PLACEMENT_3D('',#2423,#1737,#1738);
#1445=AXIS2_PLACEMENT_3D('',#2424,#1739,#1740);
#1446=AXIS2_PLACEMENT_3D('',#2425,#1741,#1742);
#1447=AXIS2_PLACEMENT_3D('',#2426,#1743,#1744);
#1448=AXIS2_PLACEMENT_3D('',#2427,#1745,#1746);
#1449=AXIS2_PLACEMENT_3D('',#2430,#1747,#1748);
#1450=AXIS2_PLACEMENT_3D('',#2432,#1749,#1750);
#1451=AXIS2_PLACEMENT_3D('',#2439,#1754,#1755);
#1452=AXIS2_PLACEMENT_3D('',#2440,#1756,#1757);
#1453=AXIS2_PLACEMENT_3D('',#2442,#1758,#1759);
#1454=AXIS2_PLACEMENT_3D('',#2450,#1763,#1764);
#1455=AXIS2_PLACEMENT_3D('',#2451,#1765,#1766);
#1456=AXIS2_PLACEMENT_3D('',#2452,#1767,#1768);
#1457=AXIS2_PLACEMENT_3D('',#2454,#1769,#1770);
#1458=AXIS2_PLACEMENT_3D('',#2461,#1774,#1775);
#1459=AXIS2_PLACEMENT_3D('',#2462,#1776,#1777);
#1460=AXIS2_PLACEMENT_3D('',#2464,#1778,#1779);
#1461=AXIS2_PLACEMENT_3D('',#2466,#1780,#1781);
#1462=AXIS2_PLACEMENT_3D('',#2473,#1785,#1786);
#1463=AXIS2_PLACEMENT_3D('',#2474,#1787,#1788);
#1464=AXIS2_PLACEMENT_3D('',#2477,#1789,#1790);
#1465=AXIS2_PLACEMENT_3D('',#2481,#1792,#1793);
#1466=AXIS2_PLACEMENT_3D('',#2483,#1795,#1796);
#1467=AXIS2_PLACEMENT_3D('',#2486,#1798,#1799);
#1468=AXIS2_PLACEMENT_3D('',#2490,#1802,#1803);
#1469=AXIS2_PLACEMENT_3D('',#2492,#1804,#1805);
#1470=AXIS2_PLACEMENT_3D('',#2494,#1807,#1808);
#1471=AXIS2_PLACEMENT_3D('',#2499,#1812,#1813);
#1472=AXIS2_PLACEMENT_3D('',#2501,#1814,#1815);
#1473=AXIS2_PLACEMENT_3D('',#2503,#1817,#1818);
#1474=AXIS2_PLACEMENT_3D('',#2505,#1819,#1820);
#1475=AXIS2_PLACEMENT_3D('',#2507,#1822,#1823);
#1476=AXIS2_PLACEMENT_3D('',#2508,#1824,#1825);
#1477=AXIS2_PLACEMENT_3D('',#2511,#1826,#1827);
#1478=AXIS2_PLACEMENT_3D('',#2515,#1829,#1830);
#1479=AXIS2_PLACEMENT_3D('',#2517,#1832,#1833);
#1480=AXIS2_PLACEMENT_3D('',#2520,#1835,#1836);
#1481=AXIS2_PLACEMENT_3D('',#2524,#1839,#1840);
#1482=AXIS2_PLACEMENT_3D('',#2526,#1841,#1842);
#1483=AXIS2_PLACEMENT_3D('',#2528,#1844,#1845);
#1484=AXIS2_PLACEMENT_3D('',#2533,#1849,#1850);
#1485=AXIS2_PLACEMENT_3D('',#2534,#1851,#1852);
#1486=AXIS2_PLACEMENT_3D('',#2535,#1853,#1854);
#1487=AXIS2_PLACEMENT_3D('',#2537,#1855,#1856);
#1488=AXIS2_PLACEMENT_3D('',#2539,#1858,#1859);
#1489=AXIS2_PLACEMENT_3D('',#2540,#1860,#1861);
#1490=AXIS2_PLACEMENT_3D('',#2543,#1863,#1864);
#1491=AXIS2_PLACEMENT_3D('',#2544,#1865,#1866);
#1492=AXIS2_PLACEMENT_3D('',#2545,#1867,#1868);
#1493=AXIS2_PLACEMENT_3D('',#2548,#1869,#1870);
#1494=AXIS2_PLACEMENT_3D('',#2552,#1872,#1873);
#1495=AXIS2_PLACEMENT_3D('',#2554,#1875,#1876);
#1496=AXIS2_PLACEMENT_3D('',#2557,#1878,#1879);
#1497=AXIS2_PLACEMENT_3D('',#2561,#1882,#1883);
#1498=AXIS2_PLACEMENT_3D('',#2563,#1884,#1885);
#1499=AXIS2_PLACEMENT_3D('',#2565,#1887,#1888);
#1500=AXIS2_PLACEMENT_3D('',#2570,#1892,#1893);
#1501=AXIS2_PLACEMENT_3D('',#2571,#1894,#1895);
#1502=AXIS2_PLACEMENT_3D('',#2572,#1896,#1897);
#1503=AXIS2_PLACEMENT_3D('',#2573,#1898,#1899);
#1504=AXIS2_PLACEMENT_3D('',#2574,#1900,#1901);
#1505=AXIS2_PLACEMENT_3D('',#2575,#1902,#1903);
#1506=AXIS2_PLACEMENT_3D('',#2578,#1904,#1905);
#1507=AXIS2_PLACEMENT_3D('',#2582,#1907,#1908);
#1508=AXIS2_PLACEMENT_3D('',#2584,#1910,#1911);
#1509=AXIS2_PLACEMENT_3D('',#2587,#1913,#1914);
#1510=AXIS2_PLACEMENT_3D('',#2589,#1915,#1916);
#1511=AXIS2_PLACEMENT_3D('',#2591,#1918,#1919);
#1512=AXIS2_PLACEMENT_3D('',#2594,#1921,#1922);
#1513=AXIS2_PLACEMENT_3D('',#2596,#1924,#1925);
#1514=AXIS2_PLACEMENT_3D('',#2598,#1926,#1927);
#1515=AXIS2_PLACEMENT_3D('',#2600,#1929,#1930);
#1516=AXIS2_PLACEMENT_3D('',#2603,#1933,#1934);
#1517=AXIS2_PLACEMENT_3D('',#2604,#1935,#1936);
#1518=AXIS2_PLACEMENT_3D('',#2605,#1937,#1938);
#1519=DIRECTION('axis',(0.,0.,1.));
#1520=DIRECTION('refdir',(1.,0.,0.));
#1521=DIRECTION('center_axis',(0.,-1.,0.));
#1522=DIRECTION('ref_axis',(0.,0.,-1.));
#1523=DIRECTION('center_axis',(0.,-1.,0.));
#1524=DIRECTION('ref_axis',(1.83697019872103E-16,0.,-1.));
#1525=DIRECTION('center_axis',(0.,1.,0.));
#1526=DIRECTION('ref_axis',(1.83697019872103E-16,0.,-1.));
#1527=DIRECTION('center_axis',(0.,-1.,0.));
#1528=DIRECTION('ref_axis',(0.,0.,-1.));
#1529=DIRECTION('center_axis',(0.,-1.,0.));
#1530=DIRECTION('ref_axis',(0.588142797019171,0.,-0.808757102172504));
#1531=DIRECTION('',(0.,0.,-1.));
#1532=DIRECTION('center_axis',(0.,-1.,0.));
#1533=DIRECTION('ref_axis',(0.588142797019171,0.,0.808757102172504));
#1534=DIRECTION('center_axis',(0.,-1.,0.));
#1535=DIRECTION('ref_axis',(-3.06161699786838E-16,0.,1.));
#1536=DIRECTION('center_axis',(0.,-1.,0.));
#1537=DIRECTION('ref_axis',(-0.588142797019171,0.,0.808757102172504));
#1538=DIRECTION('',(0.,0.,1.));
#1539=DIRECTION('center_axis',(0.,-1.,0.));
#1540=DIRECTION('ref_axis',(-0.588142797019171,0.,-0.808757102172504));
#1541=DIRECTION('center_axis',(0.,-1.,0.));
#1542=DIRECTION('ref_axis',(1.22464679914735E-16,0.,1.));
#1543=DIRECTION('center_axis',(0.,1.,0.));
#1544=DIRECTION('ref_axis',(-3.06161699786838E-16,0.,1.));
#1545=DIRECTION('center_axis',(0.,1.,0.));
#1546=DIRECTION('ref_axis',(0.588142797019171,0.,0.808757102172504));
#1547=DIRECTION('center_axis',(0.,-1.,0.));
#1548=DIRECTION('ref_axis',(1.,0.,0.));
#1549=DIRECTION('',(0.,-1.,0.));
#1550=DIRECTION('',(0.,1.,0.));
#1551=DIRECTION('center_axis',(0.,1.11022302462516E-15,1.));
#1552=DIRECTION('ref_axis',(1.,0.,0.));
#1553=DIRECTION('center_axis',(0.,0.,-1.));
#1554=DIRECTION('ref_axis',(0.707106781186549,0.707106781186546,0.));
#1555=DIRECTION('center_axis',(0.,0.,1.));
#1556=DIRECTION('ref_axis',(1.,0.,0.));
#1557=DIRECTION('',(0.,0.,1.));
#1558=DIRECTION('',(0.,0.,-1.));
#1559=DIRECTION('center_axis',(0.,1.,-4.66809123413477E-15));
#1560=DIRECTION('ref_axis',(1.,0.,0.));
#1561=DIRECTION('center_axis',(0.,-1.,0.));
#1562=DIRECTION('ref_axis',(0.588142797019171,0.,-0.808757102172504));
#1563=DIRECTION('',(0.,1.,0.));
#1564=DIRECTION('',(0.,-1.,0.));
#1565=DIRECTION('center_axis',(-1.,0.,0.));
#1566=DIRECTION('ref_axis',(0.,0.,-1.));
#1567=DIRECTION('center_axis',(0.,1.,0.));
#1568=DIRECTION('ref_axis',(-0.588142797019171,0.,-0.808757102172504));
#1569=DIRECTION('center_axis',(0.,-1.,0.));
#1570=DIRECTION('ref_axis',(-1.,0.,0.));
#1571=DIRECTION('',(0.,-1.,0.));
#1572=DIRECTION('',(0.,1.,0.));
#1573=DIRECTION('center_axis',(0.,1.11022302462516E-15,-1.));
#1574=DIRECTION('ref_axis',(-1.,0.,0.));
#1575=DIRECTION('center_axis',(0.,0.,1.));
#1576=DIRECTION('ref_axis',(-0.707106781186549,0.707106781186546,0.));
#1577=DIRECTION('center_axis',(0.,0.,-1.));
#1578=DIRECTION('ref_axis',(-1.,0.,0.));
#1579=DIRECTION('',(0.,0.,-1.));
#1580=DIRECTION('',(0.,0.,1.));
#1581=DIRECTION('center_axis',(0.,1.,-9.33618246826953E-15));
#1582=DIRECTION('ref_axis',(-1.,0.,0.));
#1583=DIRECTION('center_axis',(0.,-1.,0.));
#1584=DIRECTION('ref_axis',(-0.588142797019171,0.,0.808757102172504));
#1585=DIRECTION('',(0.,1.,0.));
#1586=DIRECTION('',(0.,-1.,0.));
#1587=DIRECTION('center_axis',(1.,0.,0.));
#1588=DIRECTION('ref_axis',(0.,0.,1.));
#1589=DIRECTION('center_axis',(0.,1.,0.));
#1590=DIRECTION('ref_axis',(1.37927510063224E-16,0.,1.));
#1591=DIRECTION('center_axis',(0.,1.,0.));
#1592=DIRECTION('ref_axis',(-6.12323399573677E-17,0.,1.));
#1593=DIRECTION('',(0.,1.,0.));
#1594=DIRECTION('center_axis',(0.,1.,0.));
#1595=DIRECTION('ref_axis',(1.83697019872103E-16,0.,-1.));
#1596=DIRECTION('',(0.,1.,0.));
#1597=DIRECTION('center_axis',(0.,1.,0.));
#1598=DIRECTION('ref_axis',(1.83697019872103E-16,0.,-1.));
#1599=DIRECTION('',(0.,-1.,0.));
#1600=DIRECTION('center_axis',(0.,-1.,0.));
#1601=DIRECTION('ref_axis',(-1.,0.,0.));
#1602=DIRECTION('',(0.,1.,0.));
#1603=DIRECTION('center_axis',(0.,1.,0.));
#1604=DIRECTION('ref_axis',(-1.,0.,0.));
#1605=DIRECTION('',(0.,-1.,0.));
#1606=DIRECTION('center_axis',(0.,1.,0.));
#1607=DIRECTION('ref_axis',(1.83697019872103E-16,0.,-1.));
#1608=DIRECTION('',(0.,-1.,0.));
#1609=DIRECTION('center_axis',(0.,1.,0.));
#1610=DIRECTION('ref_axis',(-6.12323399573677E-17,0.,1.));
#1611=DIRECTION('center_axis',(0.,1.,0.));
#1612=DIRECTION('ref_axis',(0.,0.,1.));
#1613=DIRECTION('center_axis',(0.,-1.,0.));
#1614=DIRECTION('ref_axis',(-6.12323399573677E-17,0.,1.));
#1615=DIRECTION('center_axis',(0.817773932862181,-2.26977862300465E-16,
0.575539568345323));
#1616=DIRECTION('ref_axis',(2.77555756156289E-16,1.,0.));
#1617=DIRECTION('center_axis',(0.,1.,0.));
#1618=DIRECTION('ref_axis',(-1.,0.,0.));
#1619=DIRECTION('center_axis',(0.,-1.,0.));
#1620=DIRECTION('ref_axis',(-6.12323399573677E-17,0.,-1.));
#1621=DIRECTION('',(0.,0.,-1.));
#1622=DIRECTION('center_axis',(0.,1.,0.));
#1623=DIRECTION('ref_axis',(0.,0.,1.));
#1624=DIRECTION('center_axis',(0.,1.,0.));
#1625=DIRECTION('ref_axis',(-6.12323399573677E-17,0.,-1.));
#1626=DIRECTION('center_axis',(0.817773932862181,-2.26977862300465E-16,
-0.575539568345323));
#1627=DIRECTION('ref_axis',(-0.575539568345323,0.,-0.817773932862181));
#1628=DIRECTION('center_axis',(0.,1.,0.));
#1629=DIRECTION('ref_axis',(0.,0.,1.));
#1630=DIRECTION('center_axis',(0.,-1.,0.));
#1631=DIRECTION('ref_axis',(-6.12323399573677E-17,0.,-1.));
#1632=DIRECTION('center_axis',(-0.817773932862181,2.26977862300465E-16,
-0.575539568345324));
#1633=DIRECTION('ref_axis',(2.77555756156289E-16,1.,0.));
#1634=DIRECTION('center_axis',(0.,1.,0.));
#1635=DIRECTION('ref_axis',(-6.12323399573677E-17,0.,-1.));
#1636=DIRECTION('center_axis',(0.,0.,-1.));
#1637=DIRECTION('ref_axis',(0.707106781186547,-0.707106781186548,0.));
#1638=DIRECTION('center_axis',(0.,2.77555756156289E-16,1.));
#1639=DIRECTION('ref_axis',(0.,-1.,2.77555756156289E-16));
#1640=DIRECTION('',(0.,0.,-1.));
#1641=DIRECTION('center_axis',(0.,0.,-1.));
#1642=DIRECTION('ref_axis',(1.,0.,0.));
#1643=DIRECTION('',(0.,0.,1.));
#1644=DIRECTION('center_axis',(0.,0.,1.));
#1645=DIRECTION('ref_axis',(0.707106781186547,-0.707106781186548,0.));
#1646=DIRECTION('',(0.,0.,-1.));
#1647=DIRECTION('center_axis',(0.,0.,-1.));
#1648=DIRECTION('ref_axis',(1.,0.,0.));
#1649=DIRECTION('center_axis',(0.,1.,0.));
#1650=DIRECTION('ref_axis',(0.,0.,1.));
#1651=DIRECTION('center_axis',(0.,-1.,0.));
#1652=DIRECTION('ref_axis',(-0.88756396060941,0.,-0.460684507908979));
#1653=DIRECTION('center_axis',(0.,0.,1.));
#1654=DIRECTION('ref_axis',(0.707106781186547,-0.707106781186548,0.));
#1655=DIRECTION('center_axis',(0.,0.,1.));
#1656=DIRECTION('ref_axis',(0.,-1.,0.));
#1657=DIRECTION('',(0.,0.,-1.));
#1658=DIRECTION('center_axis',(0.,1.,0.));
#1659=DIRECTION('ref_axis',(0.,0.,1.));
#1660=DIRECTION('center_axis',(0.,-1.,0.));
#1661=DIRECTION('ref_axis',(-0.88756396060941,0.,0.460684507908979));
#1662=DIRECTION('center_axis',(0.,1.,0.));
#1663=DIRECTION('ref_axis',(-0.88756396060941,0.,-0.460684507908979));
#1664=DIRECTION('',(0.,1.,0.));
#1665=DIRECTION('center_axis',(0.,-1.,0.));
#1666=DIRECTION('ref_axis',(-1.,0.,0.));
#1667=DIRECTION('',(0.,-1.,0.));
#1668=DIRECTION('center_axis',(-1.,0.,0.));
#1669=DIRECTION('ref_axis',(0.,0.,1.));
#1670=DIRECTION('',(0.,-1.,0.));
#1671=DIRECTION('',(0.,0.,1.));
#1672=DIRECTION('center_axis',(0.,0.,1.));
#1673=DIRECTION('ref_axis',(-0.707106781186547,-0.707106781186548,0.));
#1674=DIRECTION('center_axis',(0.,-2.77555756156289E-16,-1.));
#1675=DIRECTION('ref_axis',(0.,-1.,2.77555756156289E-16));
#1676=DIRECTION('',(0.,0.,1.));
#1677=DIRECTION('center_axis',(0.,0.,1.));
#1678=DIRECTION('ref_axis',(-1.,0.,0.));
#1679=DIRECTION('',(0.,0.,-1.));
#1680=DIRECTION('center_axis',(0.,0.,-1.));
#1681=DIRECTION('ref_axis',(-0.707106781186547,-0.707106781186548,0.));
#1682=DIRECTION('',(0.,0.,1.));
#1683=DIRECTION('center_axis',(0.,0.,1.));
#1684=DIRECTION('ref_axis',(-1.,0.,0.));
#1685=DIRECTION('center_axis',(0.,1.,0.));
#1686=DIRECTION('ref_axis',(0.,0.,1.));
#1687=DIRECTION('center_axis',(0.,-1.,0.));
#1688=DIRECTION('ref_axis',(0.88756396060941,0.,0.460684507908979));
#1689=DIRECTION('center_axis',(0.,0.,-1.));
#1690=DIRECTION('ref_axis',(-0.707106781186547,-0.707106781186548,0.));
#1691=DIRECTION('center_axis',(-5.55111512312578E-16,0.,-1.));
#1692=DIRECTION('ref_axis',(0.,-1.,0.));
#1693=DIRECTION('',(0.,0.,1.));
#1694=DIRECTION('center_axis',(0.,1.,0.));
#1695=DIRECTION('ref_axis',(0.,0.,1.));
#1696=DIRECTION('center_axis',(0.,-1.,0.));
#1697=DIRECTION('ref_axis',(0.88756396060941,0.,-0.46068450790898));
#1698=DIRECTION('center_axis',(0.,1.,0.));
#1699=DIRECTION('ref_axis',(0.88756396060941,0.,0.460684507908979));
#1700=DIRECTION('',(0.,1.,0.));
#1701=DIRECTION('center_axis',(0.,-1.,0.));
#1702=DIRECTION('ref_axis',(1.,0.,0.));
#1703=DIRECTION('center_axis',(1.,0.,0.));
#1704=DIRECTION('ref_axis',(0.,0.,-1.));
#1705=DIRECTION('',(0.,-1.,0.));
#1706=DIRECTION('',(0.,0.,-1.));
#1707=DIRECTION('center_axis',(0.,1.,0.));
#1708=DIRECTION('ref_axis',(0.88756396060941,0.,-0.460684507908979));
#1709=DIRECTION('',(0.,1.,0.));
#1710=DIRECTION('center_axis',(0.,-1.,0.));
#1711=DIRECTION('ref_axis',(0.575539568345324,0.,-0.817773932862181));
#1712=DIRECTION('center_axis',(0.,0.,1.));
#1713=DIRECTION('ref_axis',(1.,0.,0.));
#1714=DIRECTION('center_axis',(0.,0.,-1.));
#1715=DIRECTION('ref_axis',(0.707106781186547,0.707106781186548,0.));
#1716=DIRECTION('center_axis',(0.,0.,1.));
#1717=DIRECTION('ref_axis',(1.,0.,0.));
#1718=DIRECTION('center_axis',(0.,0.,-1.));
#1719=DIRECTION('ref_axis',(-0.707106781186547,0.707106781186548,0.));
#1720=DIRECTION('center_axis',(0.,0.,-1.));
#1721=DIRECTION('ref_axis',(0.707106781186547,0.707106781186548,0.));
#1722=DIRECTION('',(0.,0.,1.));
#1723=DIRECTION('center_axis',(0.,0.,1.));
#1724=DIRECTION('ref_axis',(0.707106781186547,0.707106781186548,0.));
#1725=DIRECTION('center_axis',(0.,1.,0.));
#1726=DIRECTION('ref_axis',(-1.,0.,0.));
#1727=DIRECTION('center_axis',(0.,-1.,0.));
#1728=DIRECTION('ref_axis',(-6.12323399573677E-17,0.,1.));
#1729=DIRECTION('center_axis',(0.,0.,1.));
#1730=DIRECTION('ref_axis',(-0.707106781186547,0.707106781186548,0.));
#1731=DIRECTION('center_axis',(0.,0.,1.));
#1732=DIRECTION('ref_axis',(-0.707106781186547,0.707106781186548,0.));
#1733=DIRECTION('center_axis',(0.,1.,0.));
#1734=DIRECTION('ref_axis',(-0.88756396060941,0.,0.460684507908979));
#1735=DIRECTION('center_axis',(0.,-1.,0.));
#1736=DIRECTION('ref_axis',(-0.575539568345324,0.,0.817773932862181));
#1737=DIRECTION('center_axis',(0.,1.,0.));
#1738=DIRECTION('ref_axis',(0.,0.,1.));
#1739=DIRECTION('center_axis',(-0.817773932862181,2.26977862300465E-16,
0.575539568345324));
#1740=DIRECTION('ref_axis',(0.575539568345324,0.,0.817773932862181));
#1741=DIRECTION('center_axis',(0.,0.,1.));
#1742=DIRECTION('ref_axis',(1.,0.,0.));
#1743=DIRECTION('center_axis',(0.,0.,1.));
#1744=DIRECTION('ref_axis',(1.,0.,0.));
#1745=DIRECTION('center_axis',(0.,1.,0.));
#1746=DIRECTION('ref_axis',(-1.,0.,0.));
#1747=DIRECTION('center_axis',(0.,-1.,0.));
#1748=DIRECTION('ref_axis',(-1.,0.,0.));
#1749=DIRECTION('center_axis',(0.,1.,0.));
#1750=DIRECTION('ref_axis',(-0.843666392956377,0.,0.536867783905848));
#1751=DIRECTION('',(0.147809411129611,0.,-0.989015863361917));
#1752=DIRECTION('',(1.,0.,6.12323399573677E-17));
#1753=DIRECTION('',(0.147809411129611,0.,0.989015863361917));
#1754=DIRECTION('center_axis',(0.,1.,0.));
#1755=DIRECTION('ref_axis',(0.843666392956377,0.,0.536867783905848));
#1756=DIRECTION('center_axis',(0.,1.,0.));
#1757=DIRECTION('ref_axis',(-1.,0.,0.));
#1758=DIRECTION('center_axis',(0.,1.,0.));
#1759=DIRECTION('ref_axis',(-0.536867783905848,0.,-0.843666392956377));
#1760=DIRECTION('',(0.989015863361917,0.,0.147809411129611));
#1761=DIRECTION('',(0.,0.,1.));
#1762=DIRECTION('',(-0.989015863361917,0.,0.147809411129611));
#1763=DIRECTION('center_axis',(0.,1.,0.));
#1764=DIRECTION('ref_axis',(-0.536867783905848,0.,0.843666392956377));
#1765=DIRECTION('center_axis',(0.,1.,0.));
#1766=DIRECTION('ref_axis',(-1.,0.,0.));
#1767=DIRECTION('center_axis',(0.,1.,0.));
#1768=DIRECTION('ref_axis',(-1.,0.,0.));
#1769=DIRECTION('center_axis',(0.,1.,0.));
#1770=DIRECTION('ref_axis',(0.843666392956377,0.,-0.536867783905848));
#1771=DIRECTION('',(-0.147809411129611,0.,0.989015863361917));
#1772=DIRECTION('',(-1.,0.,-1.83697019872103E-16));
#1773=DIRECTION('',(-0.147809411129611,0.,-0.989015863361917));
#1774=DIRECTION('center_axis',(0.,1.,0.));
#1775=DIRECTION('ref_axis',(-0.843666392956377,0.,-0.536867783905848));
#1776=DIRECTION('center_axis',(0.,1.,0.));
#1777=DIRECTION('ref_axis',(-1.,0.,0.));
#1778=DIRECTION('center_axis',(0.,1.,0.));
#1779=DIRECTION('ref_axis',(1.,0.,1.22464679914735E-16));
#1780=DIRECTION('center_axis',(0.,1.,0.));
#1781=DIRECTION('ref_axis',(0.536867783905848,0.,0.843666392956377));
#1782=DIRECTION('',(-0.989015863361917,0.,-0.147809411129611));
#1783=DIRECTION('',(1.22464679914735E-16,0.,-1.));
#1784=DIRECTION('',(0.989015863361917,0.,-0.147809411129611));
#1785=DIRECTION('center_axis',(0.,1.,0.));
#1786=DIRECTION('ref_axis',(0.536867783905848,0.,-0.843666392956377));
#1787=DIRECTION('center_axis',(-1.,0.,-6.12323399573677E-17));
#1788=DIRECTION('ref_axis',(4.32978028117748E-17,-0.707106781186546,-0.707106781186549));
#1789=DIRECTION('center_axis',(0.989015863361917,0.,-0.147809411129611));
#1790=DIRECTION('ref_axis',(-0.147809411129611,-1.16665494467542E-15,-0.989015863361917));
#1791=DIRECTION('',(1.,0.,6.12323399573677E-17));
#1792=DIRECTION('center_axis',(-0.989015863361917,0.,-0.147809411129611));
#1793=DIRECTION('ref_axis',(0.147809411129611,-1.16665494467542E-15,-0.989015863361917));
#1794=DIRECTION('',(-1.,0.,-6.12323399573677E-17));
#1795=DIRECTION('center_axis',(0.989015863361917,0.,0.147809411129611));
#1796=DIRECTION('ref_axis',(0.147809411129611,0.,-0.989015863361917));
#1797=DIRECTION('',(0.,1.,0.));
#1798=DIRECTION('center_axis',(-0.989015863361917,0.,-0.147809411129611));
#1799=DIRECTION('ref_axis',(0.147809411129611,-2.67644369660832E-15,-0.989015863361917));
#1800=DIRECTION('',(0.,1.,0.));
#1801=DIRECTION('',(-0.147809411129611,0.,0.989015863361917));
#1802=DIRECTION('center_axis',(-1.,0.,-6.12323399573677E-17));
#1803=DIRECTION('ref_axis',(4.32978028117746E-17,0.707106781186548,-0.707106781186547));
#1804=DIRECTION('center_axis',(0.989015863361917,0.,-0.147809411129611));
#1805=DIRECTION('ref_axis',(-0.147809411129611,1.30390846757841E-15,-0.989015863361917));
#1806=DIRECTION('',(-1.,0.,-6.12323399573677E-17));
#1807=DIRECTION('center_axis',(-0.989015863361917,0.,0.147809411129611));
#1808=DIRECTION('ref_axis',(0.147809411129611,0.,0.989015863361917));
#1809=DIRECTION('',(0.147809411129611,0.,0.989015863361917));
#1810=DIRECTION('',(0.,-1.,0.));
#1811=DIRECTION('',(0.,1.,0.));
#1812=DIRECTION('center_axis',(0.,1.,0.));
#1813=DIRECTION('ref_axis',(0.843666392956377,0.,0.536867783905848));
#1814=DIRECTION('center_axis',(0.,-1.,0.));
#1815=DIRECTION('ref_axis',(0.843666392956377,0.,0.536867783905848));
#1816=DIRECTION('',(0.,1.,0.));
#1817=DIRECTION('center_axis',(0.,1.,0.));
#1818=DIRECTION('ref_axis',(-0.843666392956377,0.,0.536867783905848));
#1819=DIRECTION('center_axis',(0.,-1.,0.));
#1820=DIRECTION('ref_axis',(-0.843666392956377,0.,0.536867783905848));
#1821=DIRECTION('',(0.,-1.,0.));
#1822=DIRECTION('center_axis',(6.12323399573677E-17,0.,-1.));
#1823=DIRECTION('ref_axis',(-1.,0.,-6.12323399573677E-17));
#1824=DIRECTION('center_axis',(-1.22464679914735E-16,0.,1.));
#1825=DIRECTION('ref_axis',(-0.707106781186549,-0.707106781186546,-8.65956056235496E-17));
#1826=DIRECTION('center_axis',(-0.147809411129611,0.,-0.989015863361917));
#1827=DIRECTION('ref_axis',(-0.989015863361917,-1.16665494467542E-15,0.147809411129611));
#1828=DIRECTION('',(1.22464679914735E-16,0.,-1.));
#1829=DIRECTION('center_axis',(-0.147809411129611,0.,0.989015863361917));
#1830=DIRECTION('ref_axis',(-0.989015863361917,-1.16665494467542E-15,-0.147809411129611));
#1831=DIRECTION('',(-1.22464679914735E-16,0.,1.));
#1832=DIRECTION('center_axis',(0.147809411129611,0.,-0.989015863361917));
#1833=DIRECTION('ref_axis',(-0.989015863361917,0.,-0.147809411129611));
#1834=DIRECTION('',(0.,1.,0.));
#1835=DIRECTION('center_axis',(-0.147809411129611,0.,0.989015863361917));
#1836=DIRECTION('ref_axis',(-0.989015863361917,-2.67644369660832E-15,-0.147809411129611));
#1837=DIRECTION('',(0.,1.,0.));
#1838=DIRECTION('',(0.989015863361917,0.,0.147809411129611));
#1839=DIRECTION('center_axis',(-1.22464679914735E-16,0.,1.));
#1840=DIRECTION('ref_axis',(-0.707106781186547,0.707106781186548,-8.65956056235492E-17));
#1841=DIRECTION('center_axis',(-0.147809411129611,0.,-0.989015863361917));
#1842=DIRECTION('ref_axis',(-0.989015863361917,1.30390846757841E-15,0.147809411129611));
#1843=DIRECTION('',(-1.22464679914735E-16,0.,1.));
#1844=DIRECTION('center_axis',(0.147809411129611,0.,0.989015863361917));
#1845=DIRECTION('ref_axis',(0.989015863361917,0.,-0.147809411129611));
#1846=DIRECTION('',(0.989015863361917,0.,-0.147809411129611));
#1847=DIRECTION('',(0.,-1.,0.));
#1848=DIRECTION('',(0.,1.,0.));
#1849=DIRECTION('center_axis',(0.,1.,0.));
#1850=DIRECTION('ref_axis',(0.536867783905848,0.,-0.843666392956377));
#1851=DIRECTION('center_axis',(0.,-1.,0.));
#1852=DIRECTION('ref_axis',(0.536867783905848,0.,-0.843666392956377));
#1853=DIRECTION('center_axis',(0.,1.,0.));
#1854=DIRECTION('ref_axis',(0.536867783905848,0.,0.843666392956377));
#1855=DIRECTION('center_axis',(0.,-1.,0.));
#1856=DIRECTION('ref_axis',(0.536867783905848,0.,0.843666392956377));
#1857=DIRECTION('',(0.,-1.,0.));
#1858=DIRECTION('center_axis',(-1.,0.,-1.22464679914735E-16));
#1859=DIRECTION('ref_axis',(-1.22464679914735E-16,0.,1.));
#1860=DIRECTION('center_axis',(0.,1.,0.));
#1861=DIRECTION('ref_axis',(1.,0.,1.22464679914735E-16));
#1862=DIRECTION('',(0.,1.,0.));
#1863=DIRECTION('center_axis',(0.,1.,0.));
#1864=DIRECTION('ref_axis',(-1.,0.,0.));
#1865=DIRECTION('center_axis',(0.,1.,0.));
#1866=DIRECTION('ref_axis',(1.,0.,1.22464679914735E-16));
#1867=DIRECTION('center_axis',(1.,0.,1.83697019872103E-16));
#1868=DIRECTION('ref_axis',(-1.29893408435324E-16,-0.707106781186546,0.707106781186549));
#1869=DIRECTION('center_axis',(-0.989015863361917,0.,0.147809411129611));
#1870=DIRECTION('ref_axis',(0.147809411129611,-1.16665494467542E-15,0.989015863361917));
#1871=DIRECTION('',(-1.,0.,-1.83697019872103E-16));
#1872=DIRECTION('center_axis',(0.989015863361917,0.,0.147809411129611));
#1873=DIRECTION('ref_axis',(-0.147809411129611,-1.16665494467542E-15,0.989015863361917));
#1874=DIRECTION('',(1.,0.,1.83697019872103E-16));
#1875=DIRECTION('center_axis',(-0.989015863361917,0.,-0.147809411129611));
#1876=DIRECTION('ref_axis',(-0.147809411129611,0.,0.989015863361917));
#1877=DIRECTION('',(0.,1.,0.));
#1878=DIRECTION('center_axis',(0.989015863361917,0.,0.147809411129611));
#1879=DIRECTION('ref_axis',(-0.147809411129611,-2.67644369660832E-15,0.989015863361917));
#1880=DIRECTION('',(0.,1.,0.));
#1881=DIRECTION('',(0.147809411129611,0.,-0.989015863361917));
#1882=DIRECTION('center_axis',(1.,0.,1.83697019872103E-16));
#1883=DIRECTION('ref_axis',(-1.29893408435324E-16,0.707106781186548,0.707106781186547));
#1884=DIRECTION('center_axis',(-0.989015863361917,0.,0.147809411129611));
#1885=DIRECTION('ref_axis',(0.147809411129611,1.30390846757841E-15,0.989015863361917));
#1886=DIRECTION('',(1.,0.,1.83697019872103E-16));
#1887=DIRECTION('center_axis',(0.989015863361917,0.,-0.147809411129611));
#1888=DIRECTION('ref_axis',(-0.147809411129611,0.,-0.989015863361917));
#1889=DIRECTION('',(-0.147809411129611,0.,-0.989015863361917));
#1890=DIRECTION('',(0.,-1.,0.));
#1891=DIRECTION('',(0.,1.,0.));
#1892=DIRECTION('center_axis',(0.,1.,0.));
#1893=DIRECTION('ref_axis',(-0.843666392956377,0.,-0.536867783905848));
#1894=DIRECTION('center_axis',(0.,-1.,0.));
#1895=DIRECTION('ref_axis',(-0.843666392956377,0.,-0.536867783905848));
#1896=DIRECTION('center_axis',(0.,1.,0.));
#1897=DIRECTION('ref_axis',(0.843666392956377,0.,-0.536867783905848));
#1898=DIRECTION('center_axis',(0.,-1.,0.));
#1899=DIRECTION('ref_axis',(0.843666392956377,0.,-0.536867783905848));
#1900=DIRECTION('center_axis',(-1.83697019872103E-16,0.,1.));
#1901=DIRECTION('ref_axis',(1.,0.,1.83697019872103E-16));
#1902=DIRECTION('center_axis',(0.,0.,-1.));
#1903=DIRECTION('ref_axis',(0.707106781186549,-0.707106781186546,0.));
#1904=DIRECTION('center_axis',(0.147809411129611,0.,0.989015863361917));
#1905=DIRECTION('ref_axis',(0.989015863361917,-1.16665494467542E-15,-0.147809411129611));
#1906=DIRECTION('',(0.,0.,1.));
#1907=DIRECTION('center_axis',(0.147809411129611,0.,-0.989015863361917));
#1908=DIRECTION('ref_axis',(0.989015863361917,-1.16665494467542E-15,0.147809411129611));
#1909=DIRECTION('',(0.,0.,-1.));
#1910=DIRECTION('center_axis',(0.,1.,0.));
#1911=DIRECTION('ref_axis',(-1.,0.,0.));
#1912=DIRECTION('',(-0.989015863361917,0.,-0.147809411129611));
#1913=DIRECTION('center_axis',(0.,-1.,0.));
#1914=DIRECTION('ref_axis',(-0.536867783905848,0.,-0.843666392956377));
#1915=DIRECTION('center_axis',(0.,-1.,0.));
#1916=DIRECTION('ref_axis',(-0.536867783905848,0.,0.843666392956377));
#1917=DIRECTION('',(-0.989015863361917,0.,0.147809411129611));
#1918=DIRECTION('center_axis',(-0.147809411129611,0.,0.989015863361917));
#1919=DIRECTION('ref_axis',(0.989015863361917,0.,0.147809411129611));
#1920=DIRECTION('',(0.,1.,0.));
#1921=DIRECTION('center_axis',(0.147809411129611,0.,-0.989015863361917));
#1922=DIRECTION('ref_axis',(0.989015863361917,-2.67644369660832E-15,0.147809411129611));
#1923=DIRECTION('',(0.,1.,0.));
#1924=DIRECTION('center_axis',(0.,0.,-1.));
#1925=DIRECTION('ref_axis',(0.707106781186547,0.707106781186548,0.));
#1926=DIRECTION('center_axis',(0.147809411129611,0.,0.989015863361917));
#1927=DIRECTION('ref_axis',(0.989015863361917,1.30390846757841E-15,-0.147809411129611));
#1928=DIRECTION('',(0.,0.,-1.));
#1929=DIRECTION('center_axis',(-0.147809411129611,0.,-0.989015863361917));
#1930=DIRECTION('ref_axis',(-0.989015863361917,0.,0.147809411129611));
#1931=DIRECTION('',(0.,-1.,0.));
#1932=DIRECTION('',(0.,1.,0.));
#1933=DIRECTION('center_axis',(0.,1.,0.));
#1934=DIRECTION('ref_axis',(-0.536867783905848,0.,0.843666392956377));
#1935=DIRECTION('center_axis',(0.,1.,0.));
#1936=DIRECTION('ref_axis',(-0.536867783905848,0.,-0.843666392956377));
#1937=DIRECTION('center_axis',(1.,0.,0.));
#1938=DIRECTION('ref_axis',(0.,0.,-1.));
#1939=CARTESIAN_POINT('',(0.,0.,0.));
#1940=CARTESIAN_POINT('Origin',(0.,21.2,0.));
#1941=CARTESIAN_POINT('',(-2.75817610062893,21.2,-8.51439748883733));
#1942=CARTESIAN_POINT('',(-1.4811719017099,22.2,-7.81080212254702));
#1943=CARTESIAN_POINT('Ctrl Pts',(-1.4811719017099,22.2,-7.81080212254702));
#1944=CARTESIAN_POINT('Ctrl Pts',(-1.50456231657757,22.2,-7.90227642411221));
#1945=CARTESIAN_POINT('Ctrl Pts',(-1.54040612399744,22.1867060684404,-7.9884779972317));
#1946=CARTESIAN_POINT('Ctrl Pts',(-1.63986953234803,22.1340758770199,-8.15881610089247));
#1947=CARTESIAN_POINT('Ctrl Pts',(-1.70533034690216,22.0918371294957,-8.23757154607454));
#1948=CARTESIAN_POINT('Ctrl Pts',(-1.87275874665501,21.9735133689252,-8.38974431486901));
#1949=CARTESIAN_POINT('Ctrl Pts',(-1.97911053888918,21.8913453842216,-8.45288608439912));
#1950=CARTESIAN_POINT('Ctrl Pts',(-2.19642409591353,21.7141297433119,-8.53742576728079));
#1951=CARTESIAN_POINT('Ctrl Pts',(-2.30845451934811,21.6181299829663,-8.55905489517172));
#1952=CARTESIAN_POINT('Ctrl Pts',(-2.53307490193251,21.4168994649291,-8.566233890055));
#1953=CARTESIAN_POINT('Ctrl Pts',(-2.64650469680424,21.3104675595824,-8.55000372489199));
#1954=CARTESIAN_POINT('Ctrl Pts',(-2.75518647346133,21.2029606869742,-8.51536206652705));
#1955=CARTESIAN_POINT('Ctrl Pts',(-2.75668185786843,21.2014803428872,-8.51488153772934));
#1956=CARTESIAN_POINT('Ctrl Pts',(-2.75817610062893,21.2,-8.51439748883733));
#1957=CARTESIAN_POINT('',(1.4811719017099,22.2,-7.81080212254702));
#1958=CARTESIAN_POINT('Origin',(0.,22.2,0.));
#1959=CARTESIAN_POINT('',(2.75817610062893,21.2,-8.51439748883733));
#1960=CARTESIAN_POINT('Ctrl Pts',(2.75817610062893,21.2,-8.51439748883733));
#1961=CARTESIAN_POINT('Ctrl Pts',(2.75668185786836,21.2014803428873,-8.51488153772936));
#1962=CARTESIAN_POINT('Ctrl Pts',(2.75518647346108,21.202960686974,-8.51536206652713));
#1963=CARTESIAN_POINT('Ctrl Pts',(2.646504696807,21.310467559586,-8.55000372489108));
#1964=CARTESIAN_POINT('Ctrl Pts',(2.5330749019327,21.4168994649289,-8.56623389005501));
#1965=CARTESIAN_POINT('Ctrl Pts',(2.30845451934812,21.6181299829663,-8.55905489517172));
#1966=CARTESIAN_POINT('Ctrl Pts',(2.19642409591353,21.7141297433119,-8.53742576728079));
#1967=CARTESIAN_POINT('Ctrl Pts',(1.97911053888917,21.8913453842216,-8.45288608439912));
#1968=CARTESIAN_POINT('Ctrl Pts',(1.87275874665501,21.9735133689252,-8.38974431486901));
#1969=CARTESIAN_POINT('Ctrl Pts',(1.70533034690217,22.0918371294957,-8.23757154607455));
#1970=CARTESIAN_POINT('Ctrl Pts',(1.63986953234803,22.1340758770199,-8.15881610089247));
#1971=CARTESIAN_POINT('Ctrl Pts',(1.54040612399744,22.1867060684404,-7.9884779972317));
#1972=CARTESIAN_POINT('Ctrl Pts',(1.50456231657757,22.2,-7.90227642411221));
#1973=CARTESIAN_POINT('Ctrl Pts',(1.4811719017099,22.2,-7.81080212254702));
#1974=CARTESIAN_POINT('Origin',(0.,21.2,0.));
#1975=CARTESIAN_POINT('Origin',(0.,22.2,0.));
#1976=CARTESIAN_POINT('',(-1.45,22.2,-7.56306816047562));
#1977=CARTESIAN_POINT('Origin',(-2.45,22.2,-7.56306816047562));
#1978=CARTESIAN_POINT('',(-1.45,22.2,7.56306816047562));
#1979=CARTESIAN_POINT('',(-1.45,22.2,-16.));
#1980=CARTESIAN_POINT('',(-1.4811719017099,22.2,7.81080212254702));
#1981=CARTESIAN_POINT('Origin',(-2.45,22.2,7.56306816047562));
#1982=CARTESIAN_POINT('',(1.4811719017099,22.2,7.81080212254702));
#1983=CARTESIAN_POINT('Origin',(0.,22.2,0.));
#1984=CARTESIAN_POINT('',(1.45,22.2,7.56306816047562));
#1985=CARTESIAN_POINT('Origin',(2.45,22.2,7.56306816047562));
#1986=CARTESIAN_POINT('',(1.45,22.2,-7.56306816047562));
#1987=CARTESIAN_POINT('',(1.45,22.2,16.));
#1988=CARTESIAN_POINT('Origin',(2.45,22.2,-7.56306816047562));
#1989=CARTESIAN_POINT('Origin',(0.,21.2,0.));
#1990=CARTESIAN_POINT('',(2.75817610062893,21.2,8.51439748883733));
#1991=CARTESIAN_POINT('Ctrl Pts',(1.48117190170991,22.2,7.81080212254702));
#1992=CARTESIAN_POINT('Ctrl Pts',(1.50456231657757,22.2,7.9022764241122));
#1993=CARTESIAN_POINT('Ctrl Pts',(1.54040612399743,22.1867060684404,7.98847799723168));
#1994=CARTESIAN_POINT('Ctrl Pts',(1.63986953234803,22.1340758770199,8.15881610089248));
#1995=CARTESIAN_POINT('Ctrl Pts',(1.70533034690219,22.0918371294956,8.23757154607456));
#1996=CARTESIAN_POINT('Ctrl Pts',(1.87275874665501,21.9735133689252,8.389744314869));
#1997=CARTESIAN_POINT('Ctrl Pts',(1.97911053888916,21.8913453842216,8.45288608439912));
#1998=CARTESIAN_POINT('Ctrl Pts',(2.19642409591352,21.714129743312,8.53742576728079));
#1999=CARTESIAN_POINT('Ctrl Pts',(2.3084545193481,21.6181299829663,8.55905489517172));
#2000=CARTESIAN_POINT('Ctrl Pts',(2.53307490193247,21.4168994649291,8.56623389005501));
#2001=CARTESIAN_POINT('Ctrl Pts',(2.64650469680429,21.3104675595825,8.55000372489197));
#2002=CARTESIAN_POINT('Ctrl Pts',(2.75518647346116,21.2029606869743,8.5153620665271));
#2003=CARTESIAN_POINT('Ctrl Pts',(2.75668185786852,21.2014803428871,8.51488153772931));
#2004=CARTESIAN_POINT('Ctrl Pts',(2.75817610062893,21.2,8.51439748883733));
#2005=CARTESIAN_POINT('',(-2.75817610062893,21.2,8.51439748883733));
#2006=CARTESIAN_POINT('Ctrl Pts',(-2.75817610062893,21.2,8.51439748883733));
#2007=CARTESIAN_POINT('Ctrl Pts',(-2.75668185786852,21.2014803428871,8.51488153772931));
#2008=CARTESIAN_POINT('Ctrl Pts',(-2.75518647346116,21.2029606869743,8.5153620665271));
#2009=CARTESIAN_POINT('Ctrl Pts',(-2.64650469680429,21.3104675595825,8.55000372489197));
#2010=CARTESIAN_POINT('Ctrl Pts',(-2.53307490193247,21.4168994649291,8.56623389005501));
#2011=CARTESIAN_POINT('Ctrl Pts',(-2.3084545193481,21.6181299829663,8.55905489517172));
#2012=CARTESIAN_POINT('Ctrl Pts',(-2.19642409591352,21.714129743312,8.53742576728079));
#2013=CARTESIAN_POINT('Ctrl Pts',(-1.97911053888916,21.8913453842216,8.45288608439912));
#2014=CARTESIAN_POINT('Ctrl Pts',(-1.87275874665501,21.9735133689252,8.389744314869));
#2015=CARTESIAN_POINT('Ctrl Pts',(-1.70533034690219,22.0918371294956,8.23757154607456));
#2016=CARTESIAN_POINT('Ctrl Pts',(-1.63986953234803,22.1340758770199,8.15881610089248));
#2017=CARTESIAN_POINT('Ctrl Pts',(-1.54040612399743,22.1867060684404,7.98847799723169));
#2018=CARTESIAN_POINT('Ctrl Pts',(-1.50456231657757,22.2,7.90227642411221));
#2019=CARTESIAN_POINT('Ctrl Pts',(-1.4811719017099,22.2,7.81080212254702));
#2020=CARTESIAN_POINT('Origin',(0.,21.2,0.));
#2021=CARTESIAN_POINT('Origin',(-2.45,0.,7.56306816047562));
#2022=CARTESIAN_POINT('',(-1.45,32.9,7.56306816047562));
#2023=CARTESIAN_POINT('',(-2.75817610062893,32.9,8.51439748883733));
#2024=CARTESIAN_POINT('Origin',(-2.45,32.9,7.56306816047562));
#2025=CARTESIAN_POINT('',(-2.75817610062893,0.,8.51439748883733));
#2026=CARTESIAN_POINT('',(-1.45,0.,7.56306816047562));
#2027=CARTESIAN_POINT('Ctrl Pts',(-1.45,32.9,7.56306816047562));
#2028=CARTESIAN_POINT('Ctrl Pts',(-1.45,33.1312229080061,7.56306816047562));
#2029=CARTESIAN_POINT('Ctrl Pts',(-1.45,33.6678395800037,7.35417483167394));
#2030=CARTESIAN_POINT('Ctrl Pts',(-1.45,33.9,6.81214222727847));
#2031=CARTESIAN_POINT('Ctrl Pts',(-1.45,33.9,6.50384501660364));
#2032=CARTESIAN_POINT('Ctrl Pts',(-1.45,32.9,7.74250354628488));
#2033=CARTESIAN_POINT('Ctrl Pts',(-1.45,33.1748625736356,7.74250354628488));
#2034=CARTESIAN_POINT('Ctrl Pts',(-1.44998238403338,33.8105941883057,7.48594515952827));
#2035=CARTESIAN_POINT('Ctrl Pts',(-1.44996311604188,34.05930064494,6.85254780962311));
#2036=CARTESIAN_POINT('Ctrl Pts',(-1.45,34.0495996501709,6.50384501660364));
#2037=CARTESIAN_POINT('Ctrl Pts',(-1.54911576633929,32.9,8.10026527334913));
#2038=CARTESIAN_POINT('Ctrl Pts',(-1.54911576633929,33.2619402528108,8.10026527334913));
#2039=CARTESIAN_POINT('Ctrl Pts',(-1.5430652538825,34.0954218817611,7.74879111354791));
#2040=CARTESIAN_POINT('Ctrl Pts',(-1.52745168189835,34.3772936170149,6.9332531527015));
#2041=CARTESIAN_POINT('Ctrl Pts',(-1.51846005949268,34.3482997238407,6.50384501660364));
#2042=CARTESIAN_POINT('Ctrl Pts',(-2.01942511077996,32.9,8.55217900171076));
#2043=CARTESIAN_POINT('Ctrl Pts',(-2.01942511077996,33.371571276866,8.55217900171076));
#2044=CARTESIAN_POINT('Ctrl Pts',(-1.98760149196683,34.4570793001174,8.0941631304256));
#2045=CARTESIAN_POINT('Ctrl Pts',(-1.90298795195905,34.8119626164728,7.04670375143469));
#2046=CARTESIAN_POINT('Ctrl Pts',(-1.85294907383287,34.768897265483,6.50384501660365));
#2047=CARTESIAN_POINT('Ctrl Pts',(-2.50212288302956,32.9,8.59734403510765));
#2048=CARTESIAN_POINT('Ctrl Pts',(-2.50212288302956,33.3831903875967,8.59734403510765));
#2049=CARTESIAN_POINT('Ctrl Pts',(-2.45261395040916,34.4999359008333,8.154908433754));
#2050=CARTESIAN_POINT('Ctrl Pts',(-2.31279887898104,34.9231382394768,7.08242950565074));
#2051=CARTESIAN_POINT('Ctrl Pts',(-2.22560052474359,34.9,6.50384501660364));
#2052=CARTESIAN_POINT('Ctrl Pts',(-2.75817610062893,32.9,8.51439748883733));
#2053=CARTESIAN_POINT('Ctrl Pts',(-2.75817610062893,33.3624458160116,8.51439748883733));
#2054=CARTESIAN_POINT('Ctrl Pts',(-2.70659543620437,34.4356791600072,8.11295788721456));
#2055=CARTESIAN_POINT('Ctrl Pts',(-2.55170358323765,34.9,7.08212767340537));
#2056=CARTESIAN_POINT('Ctrl Pts',(-2.45,34.9,6.50384501660364));
#2057=CARTESIAN_POINT('',(-1.45,33.9,6.50384501660364));
#2058=CARTESIAN_POINT('',(-2.45,34.9,6.50384501660364));
#2059=CARTESIAN_POINT('Origin',(-2.45,33.9,6.50384501660364));
#2060=CARTESIAN_POINT('Ctrl Pts',(-2.45,34.9,6.50384501660364));
#2061=CARTESIAN_POINT('Ctrl Pts',(-2.55170358323765,34.9,7.08212767340537));
#2062=CARTESIAN_POINT('Ctrl Pts',(-2.70659543620437,34.4356791600072,8.11295788721456));
#2063=CARTESIAN_POINT('Ctrl Pts',(-2.75817610062893,33.3624458160116,8.51439748883733));
#2064=CARTESIAN_POINT('Ctrl Pts',(-2.75817610062893,32.9,8.51439748883733));
#2065=CARTESIAN_POINT('Ctrl Pts',(-1.45,32.9,7.56306816047562));
#2066=CARTESIAN_POINT('Ctrl Pts',(-1.45,33.1312229080061,7.56306816047562));
#2067=CARTESIAN_POINT('Ctrl Pts',(-1.45,33.6678395800037,7.35417483167394));
#2068=CARTESIAN_POINT('Ctrl Pts',(-1.45,33.9,6.81214222727847));
#2069=CARTESIAN_POINT('Ctrl Pts',(-1.45,33.9,6.50384501660364));
#2070=CARTESIAN_POINT('Origin',(-2.45,33.9,8.));
#2071=CARTESIAN_POINT('',(-1.45,33.9,-6.50384501660364));
#2072=CARTESIAN_POINT('',(-2.45,34.9,-6.50384501660364));
#2073=CARTESIAN_POINT('Origin',(-2.45,33.9,-6.50384501660364));
#2074=CARTESIAN_POINT('',(-2.45,34.9,8.));
#2075=CARTESIAN_POINT('',(-1.45,33.9,8.));
#2076=CARTESIAN_POINT('Ctrl Pts',(-1.45,33.9,-6.50384501660364));
#2077=CARTESIAN_POINT('Ctrl Pts',(-1.45,33.9,-6.81213800421789));
#2078=CARTESIAN_POINT('Ctrl Pts',(-1.45,33.6678295729505,-7.35419619097424));
#2079=CARTESIAN_POINT('Ctrl Pts',(-1.45,33.1312197407107,-7.56306816047562));
#2080=CARTESIAN_POINT('Ctrl Pts',(-1.45,32.9,-7.56306816047562));
#2081=CARTESIAN_POINT('Ctrl Pts',(-1.45,34.0495996501709,-6.50384501660364));
#2082=CARTESIAN_POINT('Ctrl Pts',(-1.44996311654711,34.0593005120556,-6.85254303308624));
#2083=CARTESIAN_POINT('Ctrl Pts',(-1.4499823812968,33.8105830937073,-7.48596999603552));
#2084=CARTESIAN_POINT('Ctrl Pts',(-1.45,33.1748588085633,-7.74250354628488));
#2085=CARTESIAN_POINT('Ctrl Pts',(-1.45,32.9,-7.74250354628488));
#2086=CARTESIAN_POINT('Ctrl Pts',(-1.51846005949214,34.3482997238413,-6.50384501660364));
#2087=CARTESIAN_POINT('Ctrl Pts',(-1.52745155873041,34.3772932198568,-6.93324727066159));
#2088=CARTESIAN_POINT('Ctrl Pts',(-1.54306587285942,34.095408611181,-7.74882288929696));
#2089=CARTESIAN_POINT('Ctrl Pts',(-1.54911576633853,33.2619352949471,-8.10026527335056));
#2090=CARTESIAN_POINT('Ctrl Pts',(-1.54911576633853,32.9,-8.10026527335056));
#2091=CARTESIAN_POINT('Ctrl Pts',(-1.85294907383236,34.7688972654842,-6.50384501660364));
#2092=CARTESIAN_POINT('Ctrl Pts',(-1.90298726652511,34.8119620265641,-7.04669631534671));
#2093=CARTESIAN_POINT('Ctrl Pts',(-1.98760486612332,34.4570623952393,-8.09420378742698));
#2094=CARTESIAN_POINT('Ctrl Pts',(-2.01942511077955,33.3715648172747,-8.55217900171326));
#2095=CARTESIAN_POINT('Ctrl Pts',(-2.01942511077955,32.9,-8.55217900171326));
#2096=CARTESIAN_POINT('Ctrl Pts',(-2.22560052474359,34.9,-6.50384501660364));
#2097=CARTESIAN_POINT('Ctrl Pts',(-2.31279768453646,34.9231379225288,-7.08242158019082));
#2098=CARTESIAN_POINT('Ctrl Pts',(-2.45261961159159,34.4999168154686,-8.15495031889935));
#2099=CARTESIAN_POINT('Ctrl Pts',(-2.50212288302956,33.3831837688467,-8.59734403510765));
#2100=CARTESIAN_POINT('Ctrl Pts',(-2.50212288302956,32.9,-8.59734403510765));
#2101=CARTESIAN_POINT('Ctrl Pts',(-2.45,34.9,-6.50384501660364));
#2102=CARTESIAN_POINT('Ctrl Pts',(-2.55170219010019,34.9,-7.08211975207996));
#2103=CARTESIAN_POINT('Ctrl Pts',(-2.70660179335363,34.4356591459008,-8.11299834808332));
#2104=CARTESIAN_POINT('Ctrl Pts',(-2.75817610062893,33.3624394814211,-8.51439748883733));
#2105=CARTESIAN_POINT('Ctrl Pts',(-2.75817610062893,32.9,-8.51439748883733));
#2106=CARTESIAN_POINT('',(-1.45,32.9,-7.56306816047562));
#2107=CARTESIAN_POINT('',(-2.75817610062893,32.9,-8.51439748883733));
#2108=CARTESIAN_POINT('Origin',(-2.45,32.9,-7.56306816047562));
#2109=CARTESIAN_POINT('Ctrl Pts',(-2.75817610062893,32.9,-8.51439748883733));
#2110=CARTESIAN_POINT('Ctrl Pts',(-2.75817610062893,33.3624394814211,-8.51439748883733));
#2111=CARTESIAN_POINT('Ctrl Pts',(-2.70660179335363,34.4356591459008,-8.11299834808332));
#2112=CARTESIAN_POINT('Ctrl Pts',(-2.55170219010019,34.9,-7.08211975207996));
#2113=CARTESIAN_POINT('Ctrl Pts',(-2.45,34.9,-6.50384501660364));
#2114=CARTESIAN_POINT('Ctrl Pts',(-1.45,33.9,-6.50384501660364));
#2115=CARTESIAN_POINT('Ctrl Pts',(-1.45,33.9,-6.81213800421789));
#2116=CARTESIAN_POINT('Ctrl Pts',(-1.45,33.6678295729505,-7.35419619097424));
#2117=CARTESIAN_POINT('Ctrl Pts',(-1.45,33.1312197407107,-7.56306816047562));
#2118=CARTESIAN_POINT('Ctrl Pts',(-1.45,32.9,-7.56306816047562));
#2119=CARTESIAN_POINT('Origin',(-2.45,0.,-7.56306816047562));
#2120=CARTESIAN_POINT('',(-2.75817610062893,0.,-8.51439748883733));
#2121=CARTESIAN_POINT('',(-1.45,0.,-7.56306816047562));
#2122=CARTESIAN_POINT('Origin',(-1.45,34.9,16.));
#2123=CARTESIAN_POINT('Origin',(2.45,0.,-7.56306816047562));
#2124=CARTESIAN_POINT('',(1.45,32.9,-7.56306816047562));
#2125=CARTESIAN_POINT('',(2.75817610062893,32.9,-8.51439748883733));
#2126=CARTESIAN_POINT('Origin',(2.45,32.9,-7.56306816047562));
#2127=CARTESIAN_POINT('',(2.75817610062893,0.,-8.51439748883733));
#2128=CARTESIAN_POINT('',(1.45,0.,-7.56306816047562));
#2129=CARTESIAN_POINT('Ctrl Pts',(1.45,32.9,-7.56306816047562));
#2130=CARTESIAN_POINT('Ctrl Pts',(1.45,33.1312229080061,-7.56306816047562));
#2131=CARTESIAN_POINT('Ctrl Pts',(1.45,33.6678395800037,-7.35417483167394));
#2132=CARTESIAN_POINT('Ctrl Pts',(1.45,33.9,-6.81214222727847));
#2133=CARTESIAN_POINT('Ctrl Pts',(1.45,33.9,-6.50384501660364));
#2134=CARTESIAN_POINT('Ctrl Pts',(1.45,32.9,-7.74250354628488));
#2135=CARTESIAN_POINT('Ctrl Pts',(1.45,33.1748625736356,-7.74250354628488));
#2136=CARTESIAN_POINT('Ctrl Pts',(1.44998238403338,33.8105941883057,-7.48594515952827));
#2137=CARTESIAN_POINT('Ctrl Pts',(1.44996311604188,34.05930064494,-6.85254780962311));
#2138=CARTESIAN_POINT('Ctrl Pts',(1.45,34.0495996501709,-6.50384501660364));
#2139=CARTESIAN_POINT('Ctrl Pts',(1.54911576633929,32.9,-8.10026527334913));
#2140=CARTESIAN_POINT('Ctrl Pts',(1.54911576633929,33.2619402528108,-8.10026527334913));
#2141=CARTESIAN_POINT('Ctrl Pts',(1.5430652538825,34.0954218817611,-7.74879111354791));
#2142=CARTESIAN_POINT('Ctrl Pts',(1.52745168189835,34.3772936170149,-6.9332531527015));
#2143=CARTESIAN_POINT('Ctrl Pts',(1.51846005949268,34.3482997238407,-6.50384501660364));
#2144=CARTESIAN_POINT('Ctrl Pts',(2.01942511077996,32.9,-8.55217900171076));
#2145=CARTESIAN_POINT('Ctrl Pts',(2.01942511077996,33.3715712768659,-8.55217900171076));
#2146=CARTESIAN_POINT('Ctrl Pts',(1.98760149196683,34.4570793001174,-8.0941631304256));
#2147=CARTESIAN_POINT('Ctrl Pts',(1.90298795195905,34.8119626164728,-7.04670375143469));
#2148=CARTESIAN_POINT('Ctrl Pts',(1.85294907383287,34.768897265483,-6.50384501660365));
#2149=CARTESIAN_POINT('Ctrl Pts',(2.50212288302956,32.9,-8.59734403510765));
#2150=CARTESIAN_POINT('Ctrl Pts',(2.50212288302956,33.3831903875967,-8.59734403510765));
#2151=CARTESIAN_POINT('Ctrl Pts',(2.45261395040916,34.4999359008333,-8.15490843375399));
#2152=CARTESIAN_POINT('Ctrl Pts',(2.31279887898104,34.9231382394768,-7.08242950565074));
#2153=CARTESIAN_POINT('Ctrl Pts',(2.22560052474359,34.9,-6.50384501660364));
#2154=CARTESIAN_POINT('Ctrl Pts',(2.75817610062893,32.9,-8.51439748883733));
#2155=CARTESIAN_POINT('Ctrl Pts',(2.75817610062893,33.3624458160116,-8.51439748883733));
#2156=CARTESIAN_POINT('Ctrl Pts',(2.70659543620437,34.4356791600072,-8.11295788721456));
#2157=CARTESIAN_POINT('Ctrl Pts',(2.55170358323765,34.9,-7.08212767340537));
#2158=CARTESIAN_POINT('Ctrl Pts',(2.45,34.9,-6.50384501660364));
#2159=CARTESIAN_POINT('',(1.45,33.9,-6.50384501660364));
#2160=CARTESIAN_POINT('',(2.45,34.9,-6.50384501660364));
#2161=CARTESIAN_POINT('Origin',(2.45,33.9,-6.50384501660364));
#2162=CARTESIAN_POINT('Ctrl Pts',(2.45,34.9,-6.50384501660364));
#2163=CARTESIAN_POINT('Ctrl Pts',(2.55170358323765,34.9,-7.08212767340537));
#2164=CARTESIAN_POINT('Ctrl Pts',(2.70659543620437,34.4356791600072,-8.11295788721456));
#2165=CARTESIAN_POINT('Ctrl Pts',(2.75817610062893,33.3624458160116,-8.51439748883733));
#2166=CARTESIAN_POINT('Ctrl Pts',(2.75817610062893,32.9,-8.51439748883733));
#2167=CARTESIAN_POINT('Ctrl Pts',(1.45,32.9,-7.56306816047562));
#2168=CARTESIAN_POINT('Ctrl Pts',(1.45,33.1312229080061,-7.56306816047562));
#2169=CARTESIAN_POINT('Ctrl Pts',(1.45,33.6678395800037,-7.35417483167394));
#2170=CARTESIAN_POINT('Ctrl Pts',(1.45,33.9,-6.81214222727847));
#2171=CARTESIAN_POINT('Ctrl Pts',(1.45,33.9,-6.50384501660364));
#2172=CARTESIAN_POINT('Origin',(2.45,33.9,-8.));
#2173=CARTESIAN_POINT('',(1.45,33.9,6.50384501660364));
#2174=CARTESIAN_POINT('',(2.45,34.9,6.50384501660364));
#2175=CARTESIAN_POINT('Origin',(2.45,33.9,6.50384501660364));
#2176=CARTESIAN_POINT('',(2.45,34.9,-8.));
#2177=CARTESIAN_POINT('',(1.45,33.9,-8.));
#2178=CARTESIAN_POINT('Ctrl Pts',(1.45,33.9,6.50384501660364));
#2179=CARTESIAN_POINT('Ctrl Pts',(1.45,33.9,6.73506475731433));
#2180=CARTESIAN_POINT('Ctrl Pts',(1.45,33.7792931736959,7.12135292809767));
#2181=CARTESIAN_POINT('Ctrl Pts',(1.45,33.3619057598418,7.48624321891051));
#2182=CARTESIAN_POINT('Ctrl Pts',(1.45,33.0541464938071,7.56306816047562));
#2183=CARTESIAN_POINT('Ctrl Pts',(1.45,32.9,7.56306816047562));
#2184=CARTESIAN_POINT('Ctrl Pts',(1.45,34.0495996501709,6.50384501660364));
#2185=CARTESIAN_POINT('Ctrl Pts',(1.44997233741034,34.0568752965844,6.76536852896554));
#2186=CARTESIAN_POINT('Ctrl Pts',(1.45002440335975,33.9314747496331,7.21194108947595));
#2187=CARTESIAN_POINT('Ctrl Pts',(1.44997004849098,33.4489209183784,7.6488556927817));
#2188=CARTESIAN_POINT('Ctrl Pts',(1.45,33.0832392057089,7.74250354628488));
#2189=CARTESIAN_POINT('Ctrl Pts',(1.45,32.9,7.74250354628488));
#2190=CARTESIAN_POINT('Ctrl Pts',(1.51846005949214,34.3482997238413,6.50384501660364));
#2191=CARTESIAN_POINT('Ctrl Pts',(1.52520368392084,34.3700448458529,6.82589670714694));
#2192=CARTESIAN_POINT('Ctrl Pts',(1.53635739178864,34.2352155301121,7.39259941397012));
#2193=CARTESIAN_POINT('Ctrl Pts',(1.54689064231886,33.6225149483,7.97316259748494));
#2194=CARTESIAN_POINT('Ctrl Pts',(1.54911576633853,33.1412901966316,8.10026527335056));
#2195=CARTESIAN_POINT('Ctrl Pts',(1.54911576633853,32.9,8.10026527335056));
#2196=CARTESIAN_POINT('Ctrl Pts',(1.85294907383236,34.7688972654842,6.50384501660364));
#2197=CARTESIAN_POINT('Ctrl Pts',(1.89047771835192,34.8011958362941,6.91098349066064));
#2198=CARTESIAN_POINT('Ctrl Pts',(1.95145005156384,34.63393361936,7.63598029397578));
#2199=CARTESIAN_POINT('Ctrl Pts',(2.00764289931325,33.8414602206201,8.38673469113794));
#2200=CARTESIAN_POINT('Ctrl Pts',(2.01942511077955,33.2143765448501,8.55217900171326));
#2201=CARTESIAN_POINT('Ctrl Pts',(2.01942511077955,32.9,8.55217900171326));
#2202=CARTESIAN_POINT('Ctrl Pts',(2.22560052474359,34.9,6.50384501660364));
#2203=CARTESIAN_POINT('Ctrl Pts',(2.29099839458824,34.9173534418966,6.93777743929368));
#2204=CARTESIAN_POINT('Ctrl Pts',(2.39321517453541,34.7070706051169,7.6887491121829));
#2205=CARTESIAN_POINT('Ctrl Pts',(2.48367642895265,33.8645844877082,8.43673611634948));
#2206=CARTESIAN_POINT('Ctrl Pts',(2.50212288302956,33.2221225125648,8.59734403510765));
#2207=CARTESIAN_POINT('Ctrl Pts',(2.50212288302956,32.9,8.59734403510765));
#2208=CARTESIAN_POINT('Ctrl Pts',(2.45,34.9,6.50384501660364));
#2209=CARTESIAN_POINT('Ctrl Pts',(2.52627664257514,34.9,6.93755106821053));
#2210=CARTESIAN_POINT('Ctrl Pts',(2.64148884189615,34.6585863473919,7.66943075527545));
#2211=CARTESIAN_POINT('Ctrl Pts',(2.7386705469737,33.8238115196837,8.36703148086132));
#2212=CARTESIAN_POINT('Ctrl Pts',(2.75817610062893,33.2082929876144,8.51439748883733));
#2213=CARTESIAN_POINT('Ctrl Pts',(2.75817610062893,32.9,8.51439748883733));
#2214=CARTESIAN_POINT('',(1.45,32.9,7.56306816047562));
#2215=CARTESIAN_POINT('',(2.75817610062893,32.9,8.51439748883733));
#2216=CARTESIAN_POINT('Origin',(2.45,32.9,7.56306816047562));
#2217=CARTESIAN_POINT('Ctrl Pts',(2.75817610062893,32.9,8.51439748883733));
#2218=CARTESIAN_POINT('Ctrl Pts',(2.75817610062893,33.2082929876144,8.51439748883733));
#2219=CARTESIAN_POINT('Ctrl Pts',(2.7386705469737,33.8238115196837,8.36703148086132));
#2220=CARTESIAN_POINT('Ctrl Pts',(2.64148884189615,34.6585863473919,7.66943075527545));
#2221=CARTESIAN_POINT('Ctrl Pts',(2.52627664257514,34.9,6.93755106821053));
#2222=CARTESIAN_POINT('Ctrl Pts',(2.45,34.9,6.50384501660364));
#2223=CARTESIAN_POINT('Ctrl Pts',(1.45,33.9,6.50384501660364));
#2224=CARTESIAN_POINT('Ctrl Pts',(1.45,33.9,6.73506475731433));
#2225=CARTESIAN_POINT('Ctrl Pts',(1.45,33.7792931736959,7.12135292809767));
#2226=CARTESIAN_POINT('Ctrl Pts',(1.45,33.3619057598418,7.48624321891051));
#2227=CARTESIAN_POINT('Ctrl Pts',(1.45,33.0541464938071,7.56306816047562));
#2228=CARTESIAN_POINT('Ctrl Pts',(1.45,32.9,7.56306816047562));
#2229=CARTESIAN_POINT('Origin',(2.45,0.,7.56306816047562));
#2230=CARTESIAN_POINT('',(2.75817610062893,0.,8.51439748883733));
#2231=CARTESIAN_POINT('',(1.45,0.,7.56306816047562));
#2232=CARTESIAN_POINT('Origin',(1.45,34.9,-16.));
#2233=CARTESIAN_POINT('Origin',(0.,0.,0.));
#2234=CARTESIAN_POINT('',(-5.15107913669065,32.9,7.31907669911652));
#2235=CARTESIAN_POINT('Origin',(0.,32.9,0.));
#2236=CARTESIAN_POINT('',(-5.15107913669065,11.5,7.31907669911652));
#2237=CARTESIAN_POINT('',(-5.15107913669065,0.,7.31907669911652));
#2238=CARTESIAN_POINT('',(-6.91375440697744,9.82069344322156,5.68352883339216));
#2239=CARTESIAN_POINT('Ctrl Pts',(-6.91375440698036,9.82069344321967,5.68352883338861));
#2240=CARTESIAN_POINT('Ctrl Pts',(-6.806014676021,9.89038399940512,5.81458931738778));
#2241=CARTESIAN_POINT('Ctrl Pts',(-6.68779061999405,9.97584513875426,5.95082540136792));
#2242=CARTESIAN_POINT('Ctrl Pts',(-6.02132116131558,10.5178782706209,6.66844736408076));
#2243=CARTESIAN_POINT('Ctrl Pts',(-5.50410839567563,11.1194257954939,7.0703031498459));
#2244=CARTESIAN_POINT('Ctrl Pts',(-5.15401447653087,11.4968366154693,7.3170101815836));
#2245=CARTESIAN_POINT('Ctrl Pts',(-5.15254696133108,11.4984183084459,7.31804366159109));
#2246=CARTESIAN_POINT('Ctrl Pts',(-5.15107913669065,11.5,7.31907669911652));
#2247=CARTESIAN_POINT('',(-8.,9.5,4.01279204544667));
#2248=CARTESIAN_POINT('Ctrl Pts',(-7.99999999999997,9.5,4.01279204544673));
#2249=CARTESIAN_POINT('Ctrl Pts',(-7.93329937238684,9.5,4.14576804192541));
#2250=CARTESIAN_POINT('Ctrl Pts',(-7.86363941560415,9.50332927315422,4.2763623253446));
#2251=CARTESIAN_POINT('Ctrl Pts',(-7.54534186830263,9.53672330254521,4.83943815030247));
#2252=CARTESIAN_POINT('Ctrl Pts',(-7.26797647255919,9.60783559222982,5.24377728147083));
#2253=CARTESIAN_POINT('Ctrl Pts',(-6.9550742382263,9.79451323395393,5.63298187897849));
#2254=CARTESIAN_POINT('Ctrl Pts',(-6.93453004322151,9.8072548943031,5.65825621652844));
#2255=CARTESIAN_POINT('Ctrl Pts',(-6.91375440697745,9.82069344322156,5.68352883339216));
#2256=CARTESIAN_POINT('',(-8.57882956177924,9.5,2.5507221232315));
#2257=CARTESIAN_POINT('Origin',(0.,9.5,0.));
#2258=CARTESIAN_POINT('',(-8.57882956177924,0.,2.5507221232315));
#2259=CARTESIAN_POINT('',(-8.57882956177924,0.,2.5507221232315));
#2260=CARTESIAN_POINT('',(-2.5507221232315,0.,8.57882956177924));
#2261=CARTESIAN_POINT('Origin',(0.,0.,0.));
#2262=CARTESIAN_POINT('',(-2.5507221232315,9.5,8.57882956177924));
#2263=CARTESIAN_POINT('',(-2.5507221232315,0.,8.57882956177924));
#2264=CARTESIAN_POINT('',(2.5507221232315,9.5,8.57882956177924));
#2265=CARTESIAN_POINT('Origin',(0.,9.5,0.));
#2266=CARTESIAN_POINT('',(2.5507221232315,0.,8.57882956177924));
#2267=CARTESIAN_POINT('',(2.5507221232315,0.,8.57882956177924));
#2268=CARTESIAN_POINT('',(8.57882956177924,0.,2.5507221232315));
#2269=CARTESIAN_POINT('Origin',(0.,0.,0.));
#2270=CARTESIAN_POINT('',(8.57882956177924,9.5,2.5507221232315));
#2271=CARTESIAN_POINT('',(8.57882956177924,0.,2.5507221232315));
#2272=CARTESIAN_POINT('',(8.,9.5,4.01279204544667));
#2273=CARTESIAN_POINT('Origin',(0.,9.5,0.));
#2274=CARTESIAN_POINT('',(6.91375440697745,9.82069344322156,5.68352883339216));
#2275=CARTESIAN_POINT('Ctrl Pts',(6.91375440697744,9.82069344322156,5.68352883339216));
#2276=CARTESIAN_POINT('Ctrl Pts',(6.93453004322151,9.8072548943031,5.65825621652844));
#2277=CARTESIAN_POINT('Ctrl Pts',(6.9550742382263,9.79451323395393,5.63298187897849));
#2278=CARTESIAN_POINT('Ctrl Pts',(7.26797647255919,9.60783559222982,5.24377728147083));
#2279=CARTESIAN_POINT('Ctrl Pts',(7.54534186830263,9.53672330254521,4.83943815030247));
#2280=CARTESIAN_POINT('Ctrl Pts',(7.86363941560415,9.50332927315422,4.27636232534459));
#2281=CARTESIAN_POINT('Ctrl Pts',(7.93329937238684,9.5,4.14576804192541));
#2282=CARTESIAN_POINT('Ctrl Pts',(7.99999999999997,9.5,4.01279204544673));
#2283=CARTESIAN_POINT('',(5.15107913669065,11.5,7.31907669911652));
#2284=CARTESIAN_POINT('Ctrl Pts',(5.15107913669065,11.5,7.31907669911652));
#2285=CARTESIAN_POINT('Ctrl Pts',(5.1525469613333,11.4984183084435,7.31804366158953));
#2286=CARTESIAN_POINT('Ctrl Pts',(5.15401447652857,11.4968366154716,7.31701018158522));
#2287=CARTESIAN_POINT('Ctrl Pts',(5.5041084452949,11.1194257420151,7.07030311487979));
#2288=CARTESIAN_POINT('Ctrl Pts',(6.02132118594887,10.5178782505868,6.66844733755682));
#2289=CARTESIAN_POINT('Ctrl Pts',(6.68779061999406,9.97584513875425,5.95082540136791));
#2290=CARTESIAN_POINT('Ctrl Pts',(6.80601467602101,9.89038399940512,5.81458931738777));
#2291=CARTESIAN_POINT('Ctrl Pts',(6.91375440698036,9.82069344321967,5.68352883338861));
#2292=CARTESIAN_POINT('',(5.15107913669065,32.9,7.31907669911652));
#2293=CARTESIAN_POINT('',(5.15107913669065,0.,7.31907669911652));
#2294=CARTESIAN_POINT('Origin',(0.,32.9,0.));
#2295=CARTESIAN_POINT('Origin',(0.,32.9,0.));
#2296=CARTESIAN_POINT('',(-4.,34.9,5.68352883339216));
#2297=CARTESIAN_POINT('Origin',(0.,34.9,0.));
#2298=CARTESIAN_POINT('Origin',(-4.,32.9,5.68352883339216));
#2299=CARTESIAN_POINT('Origin',(1.11022302462516E-15,34.9,0.));
#2300=CARTESIAN_POINT('',(-4.,34.9,-5.68352883339216));
#2301=CARTESIAN_POINT('Origin',(0.,34.9,0.));
#2302=CARTESIAN_POINT('',(-4.,34.9,-3.32048565724955));
#2303=CARTESIAN_POINT('Origin',(0.,32.9,0.));
#2304=CARTESIAN_POINT('',(-5.15107913669065,32.9,-7.31907669911652));
#2305=CARTESIAN_POINT('Origin',(0.,32.9,0.));
#2306=CARTESIAN_POINT('Origin',(-4.,32.9,-5.68352883339216));
#2307=CARTESIAN_POINT('Origin',(0.,32.9,0.));
#2308=CARTESIAN_POINT('',(4.,34.9,-5.68352883339216));
#2309=CARTESIAN_POINT('Origin',(0.,34.9,0.));
#2310=CARTESIAN_POINT('',(5.15107913669065,32.9,-7.31907669911652));
#2311=CARTESIAN_POINT('Origin',(4.,32.9,-5.68352883339216));
#2312=CARTESIAN_POINT('Origin',(0.,32.9,0.));
#2313=CARTESIAN_POINT('Origin',(-8.,11.5,-3.78819939752445));
#2314=CARTESIAN_POINT('',(-6.,11.5,4.01279204544667));
#2315=CARTESIAN_POINT('Origin',(-8.,11.5,4.01279204544667));
#2316=CARTESIAN_POINT('',(-6.,11.5,-4.01279204544667));
#2317=CARTESIAN_POINT('',(-6.,11.5,-3.78819939752445));
#2318=CARTESIAN_POINT('',(-8.,9.5,-4.01279204544667));
#2319=CARTESIAN_POINT('Origin',(-8.,11.5,-4.01279204544667));
#2320=CARTESIAN_POINT('',(-8.,9.5,-3.78819939752445));
#2321=CARTESIAN_POINT('Origin',(-8.,11.5,-3.78819939752445));
#2322=CARTESIAN_POINT('',(-6.91375440697745,9.82069344322156,-5.68352883339216));
#2323=CARTESIAN_POINT('Ctrl Pts',(-6.91375440697744,9.82069344322156,-5.68352883339216));
#2324=CARTESIAN_POINT('Ctrl Pts',(-6.93453004322151,9.8072548943031,-5.65825621652844));
#2325=CARTESIAN_POINT('Ctrl Pts',(-6.9550742382263,9.79451323395393,-5.63298187897849));
#2326=CARTESIAN_POINT('Ctrl Pts',(-7.26797647255919,9.60783559222982,-5.24377728147083));
#2327=CARTESIAN_POINT('Ctrl Pts',(-7.54534186830263,9.53672330254521,-4.83943815030247));
#2328=CARTESIAN_POINT('Ctrl Pts',(-7.86363941560415,9.50332927315422,-4.27636232534459));
#2329=CARTESIAN_POINT('Ctrl Pts',(-7.93329937238684,9.5,-4.14576804192541));
#2330=CARTESIAN_POINT('Ctrl Pts',(-7.99999999999997,9.5,-4.01279204544673));
#2331=CARTESIAN_POINT('',(-6.,11.5,-5.68352883339216));
#2332=CARTESIAN_POINT('',(-6.,11.5,-3.78819939752445));
#2333=CARTESIAN_POINT('Origin',(-8.,11.5,-5.68352883339216));
#2334=CARTESIAN_POINT('Origin',(-4.,11.5,-5.68352883339216));
#2335=CARTESIAN_POINT('',(-5.15107913669065,11.5,-7.31907669911652));
#2336=CARTESIAN_POINT('Ctrl Pts',(-5.15107913669065,11.5,-7.31907669911652));
#2337=CARTESIAN_POINT('Ctrl Pts',(-5.15254696133463,11.4984183084421,-7.3180436615886));
#2338=CARTESIAN_POINT('Ctrl Pts',(-5.15401447652698,11.4968366154731,-7.31701018158634));
#2339=CARTESIAN_POINT('Ctrl Pts',(-5.50410848086641,11.1194257036769,-7.07030308981299));
#2340=CARTESIAN_POINT('Ctrl Pts',(-6.02132120360809,10.5178782362248,-6.66844731854223));
#2341=CARTESIAN_POINT('Ctrl Pts',(-6.68779061999407,9.97584513875424,-5.95082540136789));
#2342=CARTESIAN_POINT('Ctrl Pts',(-6.80601467602102,9.89038399940511,-5.81458931738775));
#2343=CARTESIAN_POINT('Ctrl Pts',(-6.91375440698036,9.82069344321967,-5.68352883338861));
#2344=CARTESIAN_POINT('Origin',(-4.,11.5,-5.68352883339216));
#2345=CARTESIAN_POINT('Origin',(-8.,11.5,-3.78819939752445));
#2346=CARTESIAN_POINT('',(-6.,11.5,5.68352883339216));
#2347=CARTESIAN_POINT('Origin',(-8.,11.5,5.68352883339216));
#2348=CARTESIAN_POINT('',(-6.,11.5,-3.78819939752445));
#2349=CARTESIAN_POINT('Origin',(-4.,11.5,5.68352883339216));
#2350=CARTESIAN_POINT('Origin',(-4.,11.5,5.68352883339216));
#2351=CARTESIAN_POINT('Origin',(-4.,0.,-5.68352883339216));
#2352=CARTESIAN_POINT('',(-6.,32.9,-5.68352883339216));
#2353=CARTESIAN_POINT('',(-6.,0.,-5.68352883339216));
#2354=CARTESIAN_POINT('Origin',(-4.,32.9,-5.68352883339216));
#2355=CARTESIAN_POINT('',(-5.15107913669065,0.,-7.31907669911652));
#2356=CARTESIAN_POINT('Origin',(-6.,9.5,-6.64097131449911));
#2357=CARTESIAN_POINT('',(-6.,32.9,5.68352883339216));
#2358=CARTESIAN_POINT('',(-6.,0.,5.68352883339216));
#2359=CARTESIAN_POINT('',(-6.,32.9,-3.32048565724955));
#2360=CARTESIAN_POINT('Origin',(8.,11.5,2.85277191697466));
#2361=CARTESIAN_POINT('',(8.,9.5,-4.01279204544667));
#2362=CARTESIAN_POINT('',(6.,11.5,-4.01279204544667));
#2363=CARTESIAN_POINT('Origin',(8.,11.5,-4.01279204544667));
#2364=CARTESIAN_POINT('',(6.,11.5,4.01279204544667));
#2365=CARTESIAN_POINT('',(6.,11.5,2.85277191697466));
#2366=CARTESIAN_POINT('Origin',(8.,11.5,4.01279204544667));
#2367=CARTESIAN_POINT('',(8.,9.5,2.85277191697466));
#2368=CARTESIAN_POINT('Origin',(8.,11.5,2.85277191697466));
#2369=CARTESIAN_POINT('',(6.,11.5,5.68352883339216));
#2370=CARTESIAN_POINT('',(6.,11.5,2.85277191697466));
#2371=CARTESIAN_POINT('Origin',(8.,11.5,5.68352883339216));
#2372=CARTESIAN_POINT('Origin',(4.,11.5,5.68352883339216));
#2373=CARTESIAN_POINT('Origin',(4.,11.5,5.68352883339216));
#2374=CARTESIAN_POINT('Origin',(8.,11.5,2.85277191697466));
#2375=CARTESIAN_POINT('',(6.91375440697744,9.82069344322156,-5.68352883339216));
#2376=CARTESIAN_POINT('Ctrl Pts',(7.99999999999997,9.5,-4.01279204544673));
#2377=CARTESIAN_POINT('Ctrl Pts',(7.93329937238684,9.5,-4.14576804192541));
#2378=CARTESIAN_POINT('Ctrl Pts',(7.86363941560415,9.50332927315422,-4.2763623253446));
#2379=CARTESIAN_POINT('Ctrl Pts',(7.54534186830263,9.53672330254521,-4.83943815030247));
#2380=CARTESIAN_POINT('Ctrl Pts',(7.26797647255919,9.60783559222982,-5.24377728147083));
#2381=CARTESIAN_POINT('Ctrl Pts',(6.9550742382263,9.79451323395394,-5.63298187897849));
#2382=CARTESIAN_POINT('Ctrl Pts',(6.93453004322151,9.8072548943031,-5.65825621652845));
#2383=CARTESIAN_POINT('Ctrl Pts',(6.91375440697744,9.82069344322156,-5.68352883339216));
#2384=CARTESIAN_POINT('',(6.,11.5,-5.68352883339216));
#2385=CARTESIAN_POINT('Origin',(8.,11.5,-5.68352883339216));
#2386=CARTESIAN_POINT('',(6.,11.5,2.85277191697466));
#2387=CARTESIAN_POINT('Origin',(4.,11.5,-5.68352883339216));
#2388=CARTESIAN_POINT('',(5.15107913669065,11.5,-7.31907669911652));
#2389=CARTESIAN_POINT('Ctrl Pts',(6.91375440698036,9.82069344321967,-5.68352883338862));
#2390=CARTESIAN_POINT('Ctrl Pts',(6.806014676021,9.89038399940513,-5.81458931738779));
#2391=CARTESIAN_POINT('Ctrl Pts',(6.68779061999405,9.97584513875426,-5.95082540136792));
#2392=CARTESIAN_POINT('Ctrl Pts',(6.02132110035172,10.5178783202022,-6.66844742972368));
#2393=CARTESIAN_POINT('Ctrl Pts',(5.50410827287485,11.1194259278464,-7.07030323638211));
#2394=CARTESIAN_POINT('Ctrl Pts',(5.15401447653596,11.4968366154643,-7.31701018158001));
#2395=CARTESIAN_POINT('Ctrl Pts',(5.15254696132654,11.4984183084508,-7.3180436615943));
#2396=CARTESIAN_POINT('Ctrl Pts',(5.15107913669065,11.5,-7.31907669911652));
#2397=CARTESIAN_POINT('Origin',(4.,11.5,-5.68352883339216));
#2398=CARTESIAN_POINT('Origin',(4.,0.,5.68352883339216));
#2399=CARTESIAN_POINT('',(6.,32.9,5.68352883339216));
#2400=CARTESIAN_POINT('',(6.,0.,5.68352883339216));
#2401=CARTESIAN_POINT('Origin',(4.,32.9,5.68352883339216));
#2402=CARTESIAN_POINT('Origin',(6.,9.5,6.64097131449911));
#2403=CARTESIAN_POINT('',(6.,32.9,-5.68352883339216));
#2404=CARTESIAN_POINT('',(6.,0.,-5.68352883339216));
#2405=CARTESIAN_POINT('',(6.,32.9,3.32048565724956));
#2406=CARTESIAN_POINT('Origin',(4.,0.,-5.68352883339216));
#2407=CARTESIAN_POINT('',(5.15107913669065,0.,-7.31907669911652));
#2408=CARTESIAN_POINT('Origin',(4.,32.9,-5.68352883339216));
#2409=CARTESIAN_POINT('Origin',(4.,32.9,-5.68352883339216));
#2410=CARTESIAN_POINT('Origin',(4.,32.9,-5.68352883339216));
#2411=CARTESIAN_POINT('Origin',(-4.,32.9,-5.68352883339216));
#2412=CARTESIAN_POINT('Origin',(-4.,32.9,-5.68352883339216));
#2413=CARTESIAN_POINT('Origin',(4.,32.9,3.32048565724956));
#2414=CARTESIAN_POINT('',(4.,34.9,5.68352883339216));
#2415=CARTESIAN_POINT('',(4.,34.9,3.32048565724956));
#2416=CARTESIAN_POINT('Origin',(4.,32.9,5.68352883339216));
#2417=CARTESIAN_POINT('Origin',(1.11022302462516E-15,34.9,0.));
#2418=CARTESIAN_POINT('Origin',(0.,34.9,0.));
#2419=CARTESIAN_POINT('Origin',(-4.,32.9,-3.32048565724955));
#2420=CARTESIAN_POINT('Origin',(-4.,32.9,5.68352883339216));
#2421=CARTESIAN_POINT('Origin',(-4.,0.,5.68352883339216));
#2422=CARTESIAN_POINT('Origin',(-4.,32.9,5.68352883339216));
#2423=CARTESIAN_POINT('Origin',(0.,32.9,0.));
#2424=CARTESIAN_POINT('Origin',(4.,32.9,5.68352883339216));
#2425=CARTESIAN_POINT('Origin',(-4.,32.9,5.68352883339216));
#2426=CARTESIAN_POINT('Origin',(4.,32.9,5.68352883339216));
#2427=CARTESIAN_POINT('Origin',(6.42116046981107,9.5,-0.935427480549793));
#2428=CARTESIAN_POINT('',(-2.5507221232315,9.5,-8.57882956177924));
#2429=CARTESIAN_POINT('',(2.5507221232315,9.5,-8.57882956177924));
#2430=CARTESIAN_POINT('Origin',(0.,9.5,0.));
#2431=CARTESIAN_POINT('',(1.31868891158336,9.5,-10.5149208059056));
#2432=CARTESIAN_POINT('Origin',(3.04946667246671,9.5,-10.2562543364288));
#2433=CARTESIAN_POINT('',(1.36761918940913,9.5,-10.8423209396221));
#2434=CARTESIAN_POINT('',(1.22298537607248,9.5,-9.87455349724295));
#2435=CARTESIAN_POINT('',(-1.36761918940913,9.5,-10.8423209396221));
#2436=CARTESIAN_POINT('',(0.365546855778795,9.5,-10.8423209396221));
#2437=CARTESIAN_POINT('',(-1.31868891158336,9.5,-10.5149208059056));
#2438=CARTESIAN_POINT('',(-1.66652119210738,9.5,-12.8423209396221));
#2439=CARTESIAN_POINT('Origin',(-3.04946667246671,9.5,-10.2562543364288));
#2440=CARTESIAN_POINT('Origin',(6.42116046981107,9.5,-0.935427480549793));
#2441=CARTESIAN_POINT('',(10.5149208059056,9.5,1.31868891158336));
#2442=CARTESIAN_POINT('Origin',(10.2562543364288,9.5,3.04946667246671));
#2443=CARTESIAN_POINT('',(10.8423209396221,9.5,1.36761918940913));
#2444=CARTESIAN_POINT('',(9.87455349724295,9.5,1.22298537607248));
#2445=CARTESIAN_POINT('',(10.8423209396221,9.5,-1.36761918940913));
#2446=CARTESIAN_POINT('',(10.8423209396221,9.5,0.365546855778794));
#2447=CARTESIAN_POINT('',(10.5149208059056,9.5,-1.31868891158336));
#2448=CARTESIAN_POINT('',(12.8423209396221,9.5,-1.66652119210738));
#2449=CARTESIAN_POINT('',(8.57882956177924,9.5,-2.5507221232315));
#2450=CARTESIAN_POINT('Origin',(10.2562543364288,9.5,-3.04946667246671));
#2451=CARTESIAN_POINT('Origin',(0.,9.5,0.));
#2452=CARTESIAN_POINT('Origin',(6.42116046981107,9.5,-0.935427480549793));
#2453=CARTESIAN_POINT('',(-1.31868891158336,9.5,10.5149208059056));
#2454=CARTESIAN_POINT('Origin',(-3.04946667246671,9.5,10.2562543364288));
#2455=CARTESIAN_POINT('',(-1.36761918940913,9.5,10.8423209396221));
#2456=CARTESIAN_POINT('',(-1.22298537607248,9.5,9.87455349724295));
#2457=CARTESIAN_POINT('',(1.36761918940913,9.5,10.8423209396221));
#2458=CARTESIAN_POINT('',(-0.365546855778796,9.5,10.8423209396221));
#2459=CARTESIAN_POINT('',(1.31868891158336,9.5,10.5149208059056));
#2460=CARTESIAN_POINT('',(1.66652119210738,9.5,12.8423209396221));
#2461=CARTESIAN_POINT('Origin',(3.04946667246671,9.5,10.2562543364288));
#2462=CARTESIAN_POINT('Origin',(6.42116046981107,9.5,-0.935427480549793));
#2463=CARTESIAN_POINT('',(-8.57882956177924,9.5,-2.5507221232315));
#2464=CARTESIAN_POINT('Origin',(0.,9.5,0.));
#2465=CARTESIAN_POINT('',(-10.5149208059056,9.5,-1.31868891158336));
#2466=CARTESIAN_POINT('Origin',(-10.2562543364288,9.5,-3.04946667246671));
#2467=CARTESIAN_POINT('',(-10.8423209396221,9.5,-1.36761918940913));
#2468=CARTESIAN_POINT('',(-9.87455349724295,9.5,-1.22298537607248));
#2469=CARTESIAN_POINT('',(-10.8423209396221,9.5,1.36761918940913));
#2470=CARTESIAN_POINT('',(-10.8423209396221,9.5,-0.365546855778796));
#2471=CARTESIAN_POINT('',(-10.5149208059056,9.5,1.31868891158336));
#2472=CARTESIAN_POINT('',(-12.8423209396221,9.5,1.66652119210738));
#2473=CARTESIAN_POINT('Origin',(-10.2562543364288,9.5,3.04946667246671));
#2474=CARTESIAN_POINT('Origin',(0.365546855778795,0.5,-12.3423209396221));
#2475=CARTESIAN_POINT('',(-1.59179569143282,0.,-12.3423209396221));
#2476=CARTESIAN_POINT('',(-1.66652119210738,0.5,-12.8423209396221));
#2477=CARTESIAN_POINT('Origin',(-1.59179569143282,0.5,-12.3423209396221));
#2478=CARTESIAN_POINT('',(1.66652119210738,0.5,-12.8423209396221));
#2479=CARTESIAN_POINT('',(0.365546855778795,0.5,-12.8423209396221));
#2480=CARTESIAN_POINT('',(1.59179569143282,0.,-12.3423209396221));
#2481=CARTESIAN_POINT('Origin',(1.59179569143282,0.5,-12.3423209396221));
#2482=CARTESIAN_POINT('',(0.365546855778795,0.,-12.3423209396221));
#2483=CARTESIAN_POINT('Origin',(1.07512406874695,0.,-8.88519038832602));
#2484=CARTESIAN_POINT('',(1.66652119210738,7.5,-12.8423209396221));
#2485=CARTESIAN_POINT('',(1.66652119210738,0.,-12.8423209396221));
#2486=CARTESIAN_POINT('Origin',(1.36761918940913,7.5,-10.8423209396221));
#2487=CARTESIAN_POINT('',(1.31868891158336,0.,-10.5149208059056));
#2488=CARTESIAN_POINT('',(1.31868891158336,0.,-10.5149208059056));
#2489=CARTESIAN_POINT('',(1.22298537607248,0.,-9.87455349724295));
#2490=CARTESIAN_POINT('Origin',(0.365546855778795,7.5,-10.8423209396221));
#2491=CARTESIAN_POINT('',(-1.66652119210738,7.5,-12.8423209396221));
#2492=CARTESIAN_POINT('Origin',(-1.36761918940913,7.5,-10.8423209396221));
#2493=CARTESIAN_POINT('',(0.365546855778795,7.5,-12.8423209396221));
#2494=CARTESIAN_POINT('Origin',(-1.66652119210738,0.,-12.8423209396221));
#2495=CARTESIAN_POINT('',(-1.31868891158336,0.,-10.5149208059056));
#2496=CARTESIAN_POINT('',(-1.66652119210738,0.,-12.8423209396221));
#2497=CARTESIAN_POINT('',(-1.31868891158336,0.,-10.5149208059056));
#2498=CARTESIAN_POINT('',(-1.66652119210738,0.,-12.8423209396221));
#2499=CARTESIAN_POINT('Origin',(-3.04946667246671,0.,-10.2562543364288));
#2500=CARTESIAN_POINT('',(-2.5507221232315,0.,-8.57882956177924));
#2501=CARTESIAN_POINT('Origin',(-3.04946667246671,0.,-10.2562543364288));
#2502=CARTESIAN_POINT('',(-2.5507221232315,0.,-8.57882956177924));
#2503=CARTESIAN_POINT('Origin',(3.04946667246671,0.,-10.2562543364288));
#2504=CARTESIAN_POINT('',(2.5507221232315,0.,-8.57882956177924));
#2505=CARTESIAN_POINT('Origin',(3.04946667246671,0.,-10.2562543364288));
#2506=CARTESIAN_POINT('',(2.5507221232315,0.,-8.57882956177924));
#2507=CARTESIAN_POINT('Origin',(1.66652119210738,0.,-12.8423209396221));
#2508=CARTESIAN_POINT('Origin',(-12.3423209396221,0.5,-0.365546855778796));
#2509=CARTESIAN_POINT('',(-12.3423209396221,0.,1.59179569143282));
#2510=CARTESIAN_POINT('',(-12.8423209396221,0.5,1.66652119210738));
#2511=CARTESIAN_POINT('Origin',(-12.3423209396221,0.5,1.59179569143282));
#2512=CARTESIAN_POINT('',(-12.8423209396221,0.5,-1.66652119210738));
#2513=CARTESIAN_POINT('',(-12.8423209396221,0.5,-0.365546855778796));
#2514=CARTESIAN_POINT('',(-12.3423209396221,0.,-1.59179569143282));
#2515=CARTESIAN_POINT('Origin',(-12.3423209396221,0.5,-1.59179569143282));
#2516=CARTESIAN_POINT('',(-12.3423209396221,0.,-0.365546855778796));
#2517=CARTESIAN_POINT('Origin',(-8.88519038832602,0.,-1.07512406874695));
#2518=CARTESIAN_POINT('',(-12.8423209396221,7.5,-1.66652119210738));
#2519=CARTESIAN_POINT('',(-12.8423209396221,0.,-1.66652119210738));
#2520=CARTESIAN_POINT('Origin',(-10.8423209396221,7.5,-1.36761918940913));
#2521=CARTESIAN_POINT('',(-10.5149208059056,0.,-1.31868891158336));
#2522=CARTESIAN_POINT('',(-10.5149208059056,0.,-1.31868891158336));
#2523=CARTESIAN_POINT('',(-9.87455349724295,0.,-1.22298537607248));
#2524=CARTESIAN_POINT('Origin',(-10.8423209396221,7.5,-0.365546855778796));
#2525=CARTESIAN_POINT('',(-12.8423209396221,7.5,1.66652119210738));
#2526=CARTESIAN_POINT('Origin',(-10.8423209396221,7.5,1.36761918940913));
#2527=CARTESIAN_POINT('',(-12.8423209396221,7.5,-0.365546855778796));
#2528=CARTESIAN_POINT('Origin',(-12.8423209396221,0.,1.66652119210738));
#2529=CARTESIAN_POINT('',(-10.5149208059056,0.,1.31868891158336));
#2530=CARTESIAN_POINT('',(-12.8423209396221,0.,1.66652119210738));
#2531=CARTESIAN_POINT('',(-10.5149208059056,0.,1.31868891158336));
#2532=CARTESIAN_POINT('',(-12.8423209396221,0.,1.66652119210738));
#2533=CARTESIAN_POINT('Origin',(-10.2562543364288,0.,3.04946667246671));
#2534=CARTESIAN_POINT('Origin',(-10.2562543364288,0.,3.04946667246671));
#2535=CARTESIAN_POINT('Origin',(-10.2562543364288,0.,-3.04946667246671));
#2536=CARTESIAN_POINT('',(-8.57882956177924,0.,-2.5507221232315));
#2537=CARTESIAN_POINT('Origin',(-10.2562543364288,0.,-3.04946667246671));
#2538=CARTESIAN_POINT('',(-8.57882956177924,0.,-2.5507221232315));
#2539=CARTESIAN_POINT('Origin',(-12.8423209396221,0.,-1.66652119210738));
#2540=CARTESIAN_POINT('Origin',(0.,0.,0.));
#2541=CARTESIAN_POINT('',(8.57882956177924,0.,-2.5507221232315));
#2542=CARTESIAN_POINT('',(8.57882956177924,0.,-2.5507221232315));
#2543=CARTESIAN_POINT('Origin',(0.,0.,0.));
#2544=CARTESIAN_POINT('Origin',(0.,0.,0.));
#2545=CARTESIAN_POINT('Origin',(-0.365546855778797,0.5,12.3423209396221));
#2546=CARTESIAN_POINT('',(1.59179569143282,0.,12.3423209396221));
#2547=CARTESIAN_POINT('',(1.66652119210738,0.5,12.8423209396221));
#2548=CARTESIAN_POINT('Origin',(1.59179569143282,0.5,12.3423209396221));
#2549=CARTESIAN_POINT('',(-1.66652119210738,0.5,12.8423209396221));
#2550=CARTESIAN_POINT('',(-0.365546855778797,0.5,12.8423209396221));
#2551=CARTESIAN_POINT('',(-1.59179569143282,0.,12.3423209396221));
#2552=CARTESIAN_POINT('Origin',(-1.59179569143282,0.5,12.3423209396221));
#2553=CARTESIAN_POINT('',(-0.365546855778797,0.,12.3423209396221));
#2554=CARTESIAN_POINT('Origin',(-1.07512406874696,0.,8.88519038832602));
#2555=CARTESIAN_POINT('',(-1.66652119210738,7.5,12.8423209396221));
#2556=CARTESIAN_POINT('',(-1.66652119210738,0.,12.8423209396221));
#2557=CARTESIAN_POINT('Origin',(-1.36761918940913,7.5,10.8423209396221));
#2558=CARTESIAN_POINT('',(-1.31868891158336,0.,10.5149208059056));
#2559=CARTESIAN_POINT('',(-1.31868891158336,0.,10.5149208059056));
#2560=CARTESIAN_POINT('',(-1.22298537607248,0.,9.87455349724295));
#2561=CARTESIAN_POINT('Origin',(-0.365546855778796,7.5,10.8423209396221));
#2562=CARTESIAN_POINT('',(1.66652119210738,7.5,12.8423209396221));
#2563=CARTESIAN_POINT('Origin',(1.36761918940913,7.5,10.8423209396221));
#2564=CARTESIAN_POINT('',(-0.365546855778797,7.5,12.8423209396221));
#2565=CARTESIAN_POINT('Origin',(1.66652119210738,0.,12.8423209396221));
#2566=CARTESIAN_POINT('',(1.31868891158336,0.,10.5149208059056));
#2567=CARTESIAN_POINT('',(1.66652119210738,0.,12.8423209396221));
#2568=CARTESIAN_POINT('',(1.31868891158336,0.,10.5149208059056));
#2569=CARTESIAN_POINT('',(1.66652119210738,0.,12.8423209396221));
#2570=CARTESIAN_POINT('Origin',(3.04946667246671,0.,10.2562543364288));
#2571=CARTESIAN_POINT('Origin',(3.04946667246671,0.,10.2562543364288));
#2572=CARTESIAN_POINT('Origin',(-3.04946667246671,0.,10.2562543364288));
#2573=CARTESIAN_POINT('Origin',(-3.04946667246671,0.,10.2562543364288));
#2574=CARTESIAN_POINT('Origin',(-1.66652119210738,0.,12.8423209396221));
#2575=CARTESIAN_POINT('Origin',(12.3423209396221,0.5,0.365546855778794));
#2576=CARTESIAN_POINT('',(12.3423209396221,0.,-1.59179569143282));
#2577=CARTESIAN_POINT('',(12.8423209396221,0.5,-1.66652119210738));
#2578=CARTESIAN_POINT('Origin',(12.3423209396221,0.5,-1.59179569143282));
#2579=CARTESIAN_POINT('',(12.8423209396221,0.5,1.66652119210738));
#2580=CARTESIAN_POINT('',(12.8423209396221,0.5,0.365546855778794));
#2581=CARTESIAN_POINT('',(12.3423209396221,0.,1.59179569143282));
#2582=CARTESIAN_POINT('Origin',(12.3423209396221,0.5,1.59179569143282));
#2583=CARTESIAN_POINT('',(12.3423209396221,0.,0.365546855778794));
#2584=CARTESIAN_POINT('Origin',(6.42116046981107,0.,-0.935427480549793));
#2585=CARTESIAN_POINT('',(10.5149208059056,0.,1.31868891158336));
#2586=CARTESIAN_POINT('',(9.87455349724295,0.,1.22298537607248));
#2587=CARTESIAN_POINT('Origin',(10.2562543364288,0.,3.04946667246671));
#2588=CARTESIAN_POINT('',(10.5149208059056,0.,-1.31868891158336));
#2589=CARTESIAN_POINT('Origin',(10.2562543364288,0.,-3.04946667246671));
#2590=CARTESIAN_POINT('',(12.8423209396221,0.,-1.66652119210738));
#2591=CARTESIAN_POINT('Origin',(8.88519038832602,0.,1.07512406874695));
#2592=CARTESIAN_POINT('',(12.8423209396221,7.5,1.66652119210738));
#2593=CARTESIAN_POINT('',(12.8423209396221,0.,1.66652119210738));
#2594=CARTESIAN_POINT('Origin',(10.8423209396221,7.5,1.36761918940913));
#2595=CARTESIAN_POINT('',(10.5149208059056,0.,1.31868891158336));
#2596=CARTESIAN_POINT('Origin',(10.8423209396221,7.5,0.365546855778794));
#2597=CARTESIAN_POINT('',(12.8423209396221,7.5,-1.66652119210738));
#2598=CARTESIAN_POINT('Origin',(10.8423209396221,7.5,-1.36761918940913));
#2599=CARTESIAN_POINT('',(12.8423209396221,7.5,0.365546855778794));
#2600=CARTESIAN_POINT('Origin',(12.8423209396221,0.,-1.66652119210738));
#2601=CARTESIAN_POINT('',(10.5149208059056,0.,-1.31868891158336));
#2602=CARTESIAN_POINT('',(12.8423209396221,0.,-1.66652119210738));
#2603=CARTESIAN_POINT('Origin',(10.2562543364288,0.,-3.04946667246671));
#2604=CARTESIAN_POINT('Origin',(10.2562543364288,0.,3.04946667246671));
#2605=CARTESIAN_POINT('Origin',(12.8423209396221,0.,1.66652119210738));
#2606=UNCERTAINTY_MEASURE_WITH_UNIT(LENGTH_MEASURE(0.01),#2610,
'DISTANCE_ACCURACY_VALUE',
'Maximum model space distance between geometric entities at asserted c
onnectivities');
#2607=UNCERTAINTY_MEASURE_WITH_UNIT(LENGTH_MEASURE(0.01),#2610,
'DISTANCE_ACCURACY_VALUE',
'Maximum model space distance between geometric entities at asserted c
onnectivities');
#2608=(
GEOMETRIC_REPRESENTATION_CONTEXT(3)
GLOBAL_UNCERTAINTY_ASSIGNED_CONTEXT((#2606))
GLOBAL_UNIT_ASSIGNED_CONTEXT((#2610,#2612,#2613))
REPRESENTATION_CONTEXT('','3D')
);
#2609=(
GEOMETRIC_REPRESENTATION_CONTEXT(3)
GLOBAL_UNCERTAINTY_ASSIGNED_CONTEXT((#2607))
GLOBAL_UNIT_ASSIGNED_CONTEXT((#2610,#2612,#2613))
REPRESENTATION_CONTEXT('','3D')
);
#2610=(
LENGTH_UNIT()
NAMED_UNIT(*)
SI_UNIT(.MILLI.,.METRE.)
);
#2611=(
LENGTH_UNIT()
NAMED_UNIT(*)
SI_UNIT($,.METRE.)
);
#2612=(
NAMED_UNIT(*)
PLANE_ANGLE_UNIT()
SI_UNIT($,.RADIAN.)
);
#2613=(
NAMED_UNIT(*)
SI_UNIT($,.STERADIAN.)
SOLID_ANGLE_UNIT()
);
#2614=SHAPE_DEFINITION_REPRESENTATION(#2615,#2616);
#2615=PRODUCT_DEFINITION_SHAPE('',$,#2618);
#2616=SHAPE_REPRESENTATION('',(#1354),#2608);
#2617=PRODUCT_DEFINITION_CONTEXT('part definition',#2622,'design');
#2618=PRODUCT_DEFINITION('2026-07-09-09-10-35-659','AlignmentKey',#2619,
#2617);
#2619=PRODUCT_DEFINITION_FORMATION('',$,#2624);
#2620=PRODUCT_RELATED_PRODUCT_CATEGORY('AlignmentKey','AlignmentKey',(#2624));
#2621=APPLICATION_PROTOCOL_DEFINITION('international standard',
'automotive_design',2009,#2622);
#2622=APPLICATION_CONTEXT(
'Core Data for Automotive Mechanical Design Process');
#2623=PRODUCT_CONTEXT('part definition',#2622,'mechanical');
#2624=PRODUCT('2026-07-09-09-10-35-659','AlignmentKey',$,(#2623));
#2625=PRESENTATION_STYLE_ASSIGNMENT((#2626));
#2626=SURFACE_STYLE_USAGE(.BOTH.,#2627);
#2627=SURFACE_SIDE_STYLE('',(#2628));
#2628=SURFACE_STYLE_FILL_AREA(#2629);
#2629=FILL_AREA_STYLE('Steel - Satin',(#2630));
#2630=FILL_AREA_STYLE_COLOUR('Steel - Satin',#2631);
#2631=COLOUR_RGB('Steel - Satin',0.627450980392157,0.627450980392157,0.627450980392157);
ENDSEC;
END-ISO-10303-21;
